question,qtype
What causes Marden-Walker syndrome ?,causes
What causes Post-streptococcal glomerulonephritis (GN) ?,causes
What causes Flat feet ?,causes
What causes Broken Heart Syndrome ?,causes
What causes Paronychia ?,causes
What causes Down syndrome ?,causes
What causes Cancer ?,causes
What causes Takayasu arteritis ?,causes
What causes Cancer - penis ?,causes
What causes Postpartum depression ?,causes
What causes Blue rubber bleb nevus syndrome ?,causes
What causes Nance-Horan syndrome ?,causes
What causes Brachial plexus injury in newborns ?,causes
What causes Interstitial keratitis ?,causes
What causes Low calcium level - infants ?,causes
What causes Sunburn ?,causes
What causes Sleeping sickness ?,causes
What causes Myotonia congenita ?,causes
What causes Insomnia ?,causes
What causes Hair loss ?,causes
What causes Polycystic Kidney Disease ?,causes
What causes Respiratory alkalosis ?,causes
What causes Penis pain ?,causes
What causes Toxic megacolon ?,causes
What causes Malocclusion of teeth ?,causes
What causes Nerve Disease and Bladder Control ?,causes
What causes Retinitis pigmentosa ?,causes
What causes Dry hair ?,causes
What causes Double outlet right ventricle ?,causes
What causes Polycystic kidney disease ?,causes
What causes Pseudomembranous colitis ?,causes
What causes Hypoparathyroidism ?,causes
What causes Drug-induced lupus erythematosus ?,causes
What causes Congenital antithrombin III deficiency ?,causes
What causes Deep venous thrombosis ?,causes
What causes Hump behind the shoulders (Dorsocervical fat pad) ?,causes
What causes Urination - difficulty with flow ?,causes
What causes Pericarditis ?,causes
What causes Isobutyryl-CoA dehydrogenase deficiency ?,causes
What causes Bladder outlet obstruction ?,causes
What causes Anemia caused by low iron - infants and toddlers ?,causes
What causes Uterine prolapse ?,causes
What causes Ecthyma ?,causes
What causes Aicardi syndrome ?,causes
What causes Dependent personality disorder ?,causes
What causes Strep throat ?,causes
What causes Prevent diabetes problems: Keep your heart and blood vessels healthy ?,causes
What causes Galactosialidosis ?,causes
What causes Byssinosis ?,causes
What causes Gastroparesis ?,causes
What causes Hydatidiform mole ?,causes
What causes What I need to know about Gas ?,causes
What causes Thrombotic thrombocytopenic purpura ?,causes
What causes Gastrointestinal perforation ?,causes
What causes Encephalitis ?,causes
What causes Chondrocalcinosis 2 ?,causes
What causes EEC syndrome ?,causes
What causes Hiccups ?,causes
What causes Multifocal choroiditis ?,causes
What causes Trichorrhexis nodosa ?,causes
What causes Hunter syndrome ?,causes
What causes Problems with Taste ?,causes
What causes Intersex ?,causes
What causes Pericarditis - after heart attack ?,causes
What causes Aspiration pneumonia ?,causes
What causes Microscopic Colitis: Collagenous Colitis and Lymphocytic Colitis ?,causes
What causes Eisenmenger syndrome ?,causes
What causes Metabolic acidosis ?,causes
What causes Lesch-Nyhan syndrome ?,causes
What causes Causes of Diabetes ?,causes
What causes Cerebral hypoxia ?,causes
What causes Fetal alcohol syndrome ?,causes
What causes Reflux nephropathy ?,causes
What causes Tinnitus ?,causes
What causes Chemosis ?,causes
What causes Sciatica ?,causes
What causes Suicide and suicidal behavior ?,causes
What causes Bedwetting ?,causes
What causes Facial swelling ?,causes
What causes Rhabdomyolysis ?,causes
What causes Preeclampsia ?,causes
What causes Fibroadenoma - breast ?,causes
What causes Crohn's Disease ?,causes
What causes Pityriasis rubra pilaris ?,causes
What causes Endometrial cancer ?,causes
What causes Osler-Weber-Rendu syndrome ?,causes
What causes Factor V deficiency ?,causes
What causes Bile duct obstruction ?,causes
What causes Hypersensitivity vasculitis ?,causes
What causes Hypothyroidism ?,causes
What causes Dermatitis herpetiformis ?,causes
What causes Plague ?,causes
What causes Cryoglobulinemia ?,causes
What causes Wheezing ?,causes
What causes Ludwigs angina ?,causes
What causes Gum (Periodontal) Disease ?,causes
What causes Ear barotrauma ?,causes
What causes Umbilical hernia ?,causes
What causes Pigmented villonodular synovitis ?,causes
What causes Adolescent idiopathic scoliosis ?,causes
What causes MECP2 duplication syndrome ?,causes
What causes Adenomyosis ?,causes
What causes Pneumonia - weakened immune system ?,causes
What causes Herpetic stomatitis ?,causes
What causes Antisocial personality disorder ?,causes
What causes Ulcers ?,causes
What causes Drug-induced hypoglycemia ?,causes
What causes Reactive arthritis ?,causes
What causes Gardner-Diamond syndrome ?,causes
What causes Brachial plexopathy ?,causes
What causes Parsonage Turner syndrome ?,causes
What causes Jones syndrome ?,causes
What causes Uterine sarcoma ?,causes
What causes Premenstrual breast changes ?,causes
What causes Arts syndrome ?,causes
What causes Dry eye syndrome ?,causes
What causes Sensorimotor polyneuropathy ?,causes
What causes Vaginal cysts ?,causes
What causes Stress urinary incontinence ?,causes
What causes Sleep disorders - overview ?,causes
What causes Progeria ?,causes
What causes Benign ear cyst or tumor ?,causes
What causes Myocardial contusion ?,causes
What causes Age-related Macular Degeneration ?,causes
What causes Epispadias ?,causes
What causes Mitral stenosis ?,causes
What causes Brittle diabetes ?,causes
What causes Sepsis ?,causes
What causes Secondary amenorrhea ?,causes
What causes Neuronal ceroid lipofuscinoses (NCLS) ?,causes
What causes Food allergy ?,causes
What causes Short Bowel Syndrome ?,causes
What causes Osteochondritis dissecans ?,causes
What causes Fibrolamellar carcinoma ?,causes
What causes Electrical injury ?,causes
What causes Prostate cancer ?,causes
What causes Pinguecula ?,causes
What causes Wolfram syndrome ?,causes
What causes 15q11.2 microdeletion ?,causes
What causes Wilson disease ?,causes
What causes Diabetic mastopathy ?,causes
What causes Low blood sugar ?,causes
What causes Cushing syndrome due to adrenal tumor ?,causes
What causes Cancer - vulva ?,causes
What causes Localized scleroderma ?,causes
What causes Mononeuritis multiplex ?,causes
What causes Animal bites - self-care ?,causes
What causes Von Hippel-Lindau disease ?,causes
What causes Medial epicondylitis - golfer's elbow ?,causes
What causes Primary thrombocythemia ?,causes
What causes Distal renal tubular acidosis ?,causes
What causes Stereotypic movement disorder ?,causes
What causes Diabetic ketoacidosis ?,causes
What causes Pancreatic abscess ?,causes
What causes Disseminated peritoneal leiomyomatosis ?,causes
What causes Hepatitis B ?,causes
What causes Hypolipoproteinemia ?,causes
What causes Menopause ?,causes
What causes Gout ?,causes
What causes Congenital laryngeal palsy ?,causes
What causes Dry Mouth ?,causes
What causes Rubinstein-Taybi syndrome ?,causes
What causes Medullary cystic kidney disease ?,causes
What causes Causes of Diabetes ?,causes
What causes Juvenile angiofibroma ?,causes
What causes Hairy tongue ?,causes
What causes Noonan syndrome ?,causes
What causes Factor V deficiency ?,causes
What causes UPJ obstruction ?,causes
What causes Malignant teratoma ?,causes
What causes Venous insufficiency ?,causes
What causes Orofaciodigital syndrome 2 ?,causes
What causes Hyperimmunoglobulin E syndrome ?,causes
What causes Parkinson disease ?,causes
What causes Achondrogenesis ?,causes
What causes Irritable bowel syndrome ?,causes
What causes Lung metastases ?,causes
What causes Interstitial lung disease ?,causes
What causes Scabies ?,causes
What causes Rhabdomyosarcoma ?,causes
What causes Hereditary cerebral hemorrhage with amyloidosis ?,causes
What causes Raynaud phenomenon ?,causes
What causes Inguinal Hernia ?,causes
What causes Trachoma ?,causes
What causes Breast cancer ?,causes
What causes Lactose intolerance ?,causes
What causes Colpocephaly ?,causes
What causes Osteosarcoma ?,causes
What causes Hyperhidrosis ?,causes
What causes Dry Mouth ?,causes
What causes Megalocytic interstitial nephritis ?,causes
What causes Nightmares ?,causes
What causes Opioid intoxication ?,causes
What causes Meningitis - meningococcal ?,causes
What causes Ehlers-Danlos syndrome ?,causes
What causes Galactosemia ?,causes
What causes Nummular eczema ?,causes
What causes Folliculitis ?,causes
What causes Pyogenic liver abscess ?,causes
What causes Dry Mouth ?,causes
What causes Blind loop syndrome ?,causes
What causes Relapsing polychondritis ?,causes
What causes Sudden Cardiac Arrest ?,causes
What causes Huntington disease ?,causes
What causes Esophageal cancer ?,causes
What causes Central sleep apnea ?,causes
What causes Gastroschisis ?,causes
What causes Acute arterial occlusion - kidney ?,causes
What causes Branchiootorenal syndrome ?,causes
What causes Ectodermal dysplasia ?,causes
What causes Bowel incontinence ?,causes
What causes Bartter syndrome ?,causes
What causes Cleft lip and palate ?,causes
What causes Breathing difficulty - lying down ?,causes
What causes Scheie syndrome ?,causes
What causes Russell-Silver syndrome ?,causes
What causes Bruxism ?,causes
What causes Digitalis toxicity ?,causes
What causes Multiple endocrine neoplasia type 1 ?,causes
What causes Triple A syndrome ?,causes
What causes Chronic inflammatory demyelinating polyneuropathy ?,causes
What causes Addison disease ?,causes
What causes Syringomyelia ?,causes
What causes Major depression ?,causes
What causes Blocked tear duct ?,causes
What causes Nausea and vomiting - adults ?,causes
What causes Subcutaneous emphysema ?,causes
What causes Gonococcal arthritis ?,causes
What causes Hemorrhoids ?,causes
What causes Chronic hiccups ?,causes
What causes Tooth - abnormal colors ?,causes
What causes Canker sore ?,causes
What causes Seborrheic dermatitis ?,causes
What causes Rashes ?,causes
What causes Shingles ?,causes
What causes Sinusitis ?,causes
What causes Human bites - self-care ?,causes
What causes Hypokalemic periodic paralysis ?,causes
What causes Delayed ejaculation ?,causes
What causes Alopecia areata ?,causes
What causes Biliary Atresia ?,causes
What causes Bursitis of the heel ?,causes
What causes Menkes syndrome ?,causes
What causes Lichen planus ?,causes
What causes Multiple myeloma ?,causes
What causes Adult-onset vitelliform macular dystrophy ?,causes
What causes Aneurysm ?,causes
What causes Glomus jugulare tumor ?,causes
What causes Diabetes and eye disease ?,causes
What causes Goiter - simple ?,causes
What causes Brucellosis ?,causes
What causes Syphilis - primary ?,causes
What causes Insomnia - overview ?,causes
What causes Pneumonia - adults (community acquired) ?,causes
What causes Periventricular leukomalacia ?,causes
What causes Opisthotonos ?,causes
What causes Peripartum cardiomyopathy ?,causes
What causes Progressive transformation of germinal centers ?,causes
What causes Compartment syndrome ?,causes
What causes Multiple sclerosis ?,causes
What causes Chronic lymphocytic leukemia (CLL) ?,causes
What causes Glomerular Diseases ?,causes
What causes Cerebellar degeneration ?,causes
What causes Juvenile Huntington disease ?,causes
What causes Point tenderness - abdomen ?,causes
What causes Hemochromatosis ?,causes
What causes Esophageal perforation ?,causes
What causes Silicosis ?,causes
What causes Gas in the Digestive Tract ?,causes
What causes Mediastinitis ?,causes
What causes Klippel Feil syndrome ?,causes
What causes Leukonychia totalis ?,causes
What causes Autoimmune autonomic ganglionopathy ?,causes
What causes Perichondritis ?,causes
What causes Lung Cancer ?,causes
What causes Aural polyps ?,causes
What causes Obstructive sleep apnea - adults ?,causes
What causes Low back pain - acute ?,causes
What causes Pineal cyst ?,causes
What causes Kaposi sarcoma ?,causes
What causes High Blood Pressure ?,causes
What causes Simian crease ?,causes
What causes Wrinkles ?,causes
What causes Dengue hemorrhagic fever ?,causes
What causes High potassium level ?,causes
What causes Bartholin cyst or abscess ?,causes
What causes Lucey-Driscoll syndrome ?,causes
What causes Prune belly syndrome ?,causes
What causes Gerstmann-Straussler-Scheinker disease ?,causes
What causes Hereditary diffuse leukoencephalopathy with spheroids ?,causes
What causes Excessive or unwanted hair in women ?,causes
What causes Cutaneous skin tag ?,causes
What causes Congenital spherocytic anemia ?,causes
What causes Adult soft tissue sarcoma ?,causes
What causes Allergic rhinitis ?,causes
What causes Zollinger-Ellison Syndrome ?,causes
What causes Neck lump ?,causes
What causes Adrenoleukodystrophy ?,causes
What causes Numbness and tingling ?,causes
What causes What I need to know about Erectile Dysfunction ?,causes
What causes Increased intracranial pressure ?,causes
What causes Immunodeficiency disorders ?,causes
What causes Arrhenoblastoma of ovary ?,causes
What causes Factor VII deficiency ?,causes
What causes Mycoplasma pneumonia ?,causes
What causes Colorado tick fever ?,causes
What causes Merkel cell carcinoma ?,causes
What causes Vaginal or uterine bleeding - overview ?,causes
What causes Drug-induced hepatitis ?,causes
What causes Hypersplenism ?,causes
What causes Hand-foot-mouth disease ?,causes
What causes Familial hypertrophic cardiomyopathy ?,causes
"What causes Ehlers-Danlos syndrome, dermatosparaxis type ?",causes
What causes Low back pain - chronic ?,causes
What causes Speech disorders - children ?,causes
What causes Neurodegeneration with brain iron accumulation (NBIA) ?,causes
What causes Tumor necrosis factor receptor-associated periodic syndrome ?,causes
What causes Language disorder - children ?,causes
What causes Thrombophlebitis ?,causes
What causes Type 1 plasminogen deficiency ?,causes
What causes Hypoglycemia ?,causes
What causes Bulimia ?,causes
What causes Fecal impaction ?,causes
What causes Alpha-1 antitrypsin deficiency ?,causes
What causes Subacute cerebellar degeneration ?,causes
What causes Sensorineural deafness ?,causes
What causes Alzheimer disease ?,causes
What causes Amniotic band syndrome ?,causes
What causes What I need to know about Hirschsprung Disease ?,causes
What causes Pyruvate kinase deficiency ?,causes
What causes Cyclothymic disorder ?,causes
What causes Cystitis - noninfectious ?,causes
What causes Rickets ?,causes
What causes Q fever ?,causes
What causes Babinski reflex ?,causes
What causes Treatment for childhood cancer - long-term risks ?,causes
What causes Renal Artery Stenosis ?,causes
What causes Diabetes and nerve damage ?,causes
What causes Coughing up blood ?,causes
What causes Exfoliative dermatitis ?,causes
What causes Mesenteric venous thrombosis ?,causes
What causes Dislocation ?,causes
What causes Head lice ?,causes
What causes Agammaglobulinemia ?,causes
What causes Low blood sugar - newborns ?,causes
What causes VLCAD deficiency ?,causes
What causes Nephrocalcinosis ?,causes
What causes Myhre syndrome ?,causes
What causes High Blood Pressure ?,causes
What causes Cystinuria ?,causes
What causes Primary Sclerosing Cholangitis ?,causes
What causes Pulmonary atresia ?,causes
What causes Cryptogenic organizing pneumonia ?,causes
What causes Chancroid ?,causes
What causes Turner syndrome ?,causes
What causes Myelomeningocele ?,causes
What causes Childhood Central Nervous System Germ Cell Tumors ?,causes
What causes Loin pain hematuria syndrome ?,causes
What causes Paroxysmal cold hemoglobinuria (PCH) ?,causes
What causes Hyperthyroidism ?,causes
What causes Pick disease ?,causes
What causes Developmental disorders of the female reproductive tract ?,causes
What causes Hyperelastic skin ?,causes
What causes Cocaine withdrawal ?,causes
What causes Unilateral hydronephrosis ?,causes
What causes Spinal injury ?,causes
What causes Retropharyngeal abscess ?,causes
What causes Chickenpox ?,causes
What causes Focal segmental glomerulosclerosis ?,causes
What causes Mesenteric artery ischemia ?,causes
What causes Endometritis ?,causes
What causes Non-classic congenital adrenal hyperplasia due to 21-hydroxylase deficiency ?,causes
What causes H1N1 influenza (Swine flu) ?,causes
What causes Night terror ?,causes
What causes Breast enlargement in males ?,causes
What causes Lamellar ichthyosis ?,causes
What causes Parkinson's Disease ?,causes
What causes Developmental reading disorder ?,causes
What causes Endometrial polyps ?,causes
What causes Anal fissure ?,causes
What causes Shoulder pain ?,causes
What causes Langerhans cell histiocytosis ?,causes
What causes Lung cancer - non-small cell ?,causes
What causes Anterior knee pain ?,causes
What causes Complex regional pain syndrome ?,causes
What causes Twin-to-twin transfusion syndrome ?,causes
What causes Folate deficiency ?,causes
What causes Chalazion ?,causes
What causes Hydrocele ?,causes
What causes Empyema ?,causes
What causes Supranuclear ophthalmoplegia ?,causes
What causes Ischemic ulcers - self-care ?,causes
What causes Drug-induced hypertension ?,causes
What causes Endocarditis ?,causes
What causes Angina ?,causes
What causes Aplastic Anemia ?,causes
What causes Polymyositis - adult ?,causes
What causes Brain abscess ?,causes
What causes Solitary pulmonary nodule ?,causes
What causes Hemolytic-uremic syndrome ?,causes
What causes Wilms tumor ?,causes
What causes Disseminated tuberculosis ?,causes
What causes Tetralogy of Fallot ?,causes
What causes Hyperglycemia - infants ?,causes
What causes Necrotizing enterocolitis ?,causes
What causes Mandibulofacial dysostosis with microcephaly ?,causes
What causes Hypovolemic shock ?,causes
What causes Olivopontocerebellar atrophy ?,causes
What causes Acidosis ?,causes
What causes Bronchiectasis ?,causes
What causes Seborrheic keratosis ?,causes
What causes Vasculitis ?,causes
What causes Salivary duct stones ?,causes
What causes Aquagenic pruritus ?,causes
What causes How to avoid exercise injuries ?,causes
What causes Pericarditis - constrictive ?,causes
What causes Amblyopia ?,causes
What causes Muscle cramps ?,causes
What causes Gingivostomatitis ?,causes
What causes Intestinal Pseudo-obstruction ?,causes
What causes Bronchopulmonary Dysplasia ?,causes
What causes Parathyroid adenoma ?,causes
What causes Becker muscular dystrophy ?,causes
What causes Scales ?,causes
What causes TMJ disorders ?,causes
What causes Prader-Willi syndrome ?,causes
What causes Neonatal hypothyroidism ?,causes
What causes Breast cancer in men ?,causes
What causes Gastrointestinal bleeding ?,causes
What causes Enlarged adenoids ?,causes
What causes Non-Hodgkin lymphoma ?,causes
What causes Chinese restaurant syndrome ?,causes
What causes Urethral stricture ?,causes
What causes Mnire disease ?,causes
What causes Fish tapeworm infection ?,causes
What causes Milia ?,causes
"What causes Megalencephaly, polymicrogyria, and hydrocephalus (MPPH) syndrome ?",causes
What causes Insulinoma ?,causes
What causes Peripheral Arterial Disease (P.A.D.) ?,causes
What causes Imperforate anus ?,causes
What causes Myotonic dystrophy ?,causes
What causes Laron syndrome ?,causes
What causes Congenital syphilis ?,causes
What causes Broad nasal bridge ?,causes
What causes Ewing's family of tumors ?,causes
What causes Asthma ?,causes
What causes Acromegaly ?,causes
What causes Stork bite ?,causes
What causes Lung Cancer ?,causes
What causes Urticaria pigmentosa ?,causes
What causes Ear infection - acute ?,causes
What causes Prostatitis - nonbacterial ?,causes
What causes Ectopic ADH secretion ?,causes
What causes Tricuspid regurgitation ?,causes
What causes Bleeding disorders ?,causes
What causes Chagas disease ?,causes
What causes Benign positional vertigo ?,causes
What causes Hereditary spherocytosis ?,causes
What causes Selective mutism ?,causes
What causes Cleidocranial dysplasia ?,causes
What causes Felty syndrome ?,causes
What causes Hepatitis B - children ?,causes
What causes Frozen shoulder ?,causes
What causes Arthritis ?,causes
What causes Coarctation of the aorta ?,causes
What causes Benign rolandic epilepsy (BRE) ?,causes
What causes Small bowel bacterial overgrowth ?,causes
What causes Maple syrup urine disease ?,causes
What causes Bronchiectasis ?,causes
What causes Depression - older adults ?,causes
What causes Vertebrobasilar circulatory disorders ?,causes
What causes Choanal atresia ?,causes
What causes Subdural hematoma ?,causes
What causes Tularemia ?,causes
What causes Coronary artery spasm ?,causes
What causes Pemphigus vulgaris ?,causes
What causes Cough ?,causes
What causes Heart Murmur ?,causes
What causes Gas gangrene ?,causes
What causes Cushing syndrome ?,causes
What causes Bicuspid aortic valve ?,causes
What causes Delta agent (Hepatitis D) ?,causes
What causes What I need to know about Hirschsprung Disease ?,causes
What causes Fussy or irritable child ?,causes
What causes Hepatitis C - children ?,causes
What causes Bipolar disorder ?,causes
What causes Hypophosphatasia ?,causes
What causes Stroke ?,causes
What causes Fumarase deficiency ?,causes
"What causes 48,XXYY syndrome ?",causes
What causes Tay-Sachs disease ?,causes
What causes Chest pain ?,causes
What causes Hypothalamic dysfunction ?,causes
What causes Nerve Disease and Bladder Control ?,causes
What causes Medullary Sponge Kidney ?,causes
What causes Cushing's Syndrome ?,causes
What causes Inclusion body myopathy 2 ?,causes
What causes Serum sickness ?,causes
What causes Munchausen syndrome by proxy ?,causes
What causes Gums - swollen ?,causes
What causes Bilateral hydronephrosis ?,causes
What causes Leydig cell tumor ?,causes
What causes Chronic Diarrhea in Children ?,causes
What causes Chronic obstructive pulmonary disease ?,causes
What causes Dry Eye ?,causes
What causes Pupil - white spots ?,causes
What causes Testicle lump ?,causes
What causes Sanfilippo syndrome ?,causes
What causes Fatty liver - nonalcoholic ?,causes
What causes Aplastic anemia ?,causes
What causes Pars planitis ?,causes
What causes Thoracic aortic aneurysm ?,causes
What causes Cerebral arteriovenous malformation ?,causes
What causes Rubella ?,causes
What causes Metabolic neuropathies ?,causes
What causes Achondroplasia ?,causes
What causes Hashimoto's encephalitis ?,causes
What causes Indigestion ?,causes
What causes Congenital rubella ?,causes
What causes Porphyria ?,causes
What causes Cold urticaria ?,causes
What causes Gas - flatulence ?,causes
What causes Periorbital cellulitis ?,causes
What causes Boils ?,causes
What causes Urinary Incontinence in Men ?,causes
What causes Appendicitis ?,causes
What causes Cerebral palsy ?,causes
What causes Testicle pain ?,causes
What causes Sheehan syndrome ?,causes
What causes Celiac disease - sprue ?,causes
What causes Phenylketonuria ?,causes
What causes Social anxiety disorder ?,causes
What causes Congenital afibrinogenemia ?,causes
What causes Von Willebrand disease ?,causes
What causes Skin abscess ?,causes
What causes Shaken baby syndrome ?,causes
What causes Cervical polyps ?,causes
What causes Hemophilia A ?,causes
What causes Finger pain ?,causes
What causes High blood cholesterol levels ?,causes
What causes Delayed growth ?,causes
What causes Whipworm infection ?,causes
What causes Cushing's syndrome ?,causes
What causes Adenoid cystic carcinoma ?,causes
What causes Help your teen cope with stress ?,causes
What causes Allergic conjunctivitis ?,causes
What causes Tension headache ?,causes
What causes Hemorrhagic shock and encephalopathy syndrome ?,causes
What causes Cardiomyopathy ?,causes
What causes Thalassemia ?,causes
What causes Brief psychotic disorder ?,causes
What causes Splenomegaly ?,causes
What causes Sclerosing cholangitis ?,causes
What causes High blood pressure and eye disease ?,causes
What causes Pituitary tumor ?,causes
What causes Friedreich ataxia ?,causes
What causes Anemia in Chronic Kidney Disease ?,causes
What causes Russell-Silver syndrome ?,causes
What causes Conversion disorder ?,causes
What causes General paresis ?,causes
What causes Trigeminal neuralgia ?,causes
What causes Paleness ?,causes
What causes Cherry angioma ?,causes
What causes Rumination disorder ?,causes
What causes Angioedema ?,causes
What causes Headaches - danger signs ?,causes
What causes How childhood cancers are different from adult cancers ?,causes
What causes Reactive attachment disorder of infancy or early childhood ?,causes
What causes Endometriosis ?,causes
What causes What I need to know about My Child's Urinary Tract Infection ?,causes
What causes Orbital cellulitis ?,causes
What causes Weill-Marchesani syndrome ?,causes
What causes Birthmarks - pigmented ?,causes
What causes Psoriasis ?,causes
What causes Hyperventilation ?,causes
What causes Congenital adrenal hyperplasia ?,causes
What causes Hurler syndrome ?,causes
What causes Vernal conjunctivitis ?,causes
What causes Ectopic heartbeat ?,causes
What causes National Hormone and Pituitary Program (NHPP): Information for People Treated with Pituitary Human Growth Hormone (Comprehensive Report) ?,causes
What causes Neurogenic bladder ?,causes
What causes Pulmonary actinomycosis ?,causes
What causes Sarcoidosis ?,causes
What causes Autoimmune disorders ?,causes
What causes Snake bites ?,causes
What causes Hemothorax ?,causes
What causes Mouth ulcers ?,causes
What causes Intellectual disability ?,causes
What causes Mntriers Disease ?,causes
What causes Acrodermatitis ?,causes
What causes Bacterial gastroenteritis ?,causes
What causes Knee pain ?,causes
What causes Tubular aggregate myopathy ?,causes
What causes Lung Cancer ?,causes
What causes Truncus arteriosus ?,causes
What causes Floating-Harbor syndrome ?,causes
What causes Pityriasis lichenoides et varioliformis acuta ?,causes
What causes Craniopharyngioma ?,causes
What causes Choledocholithiasis ?,causes
What causes Colorectal polyps ?,causes
What causes Erythema multiforme ?,causes
What causes Muscular dystrophy ?,causes
What causes Chlamydial infections - male ?,causes
What causes Cervical spondylosis ?,causes
What causes Patent ductus arteriosus ?,causes
What causes Hypogonadism ?,causes
What causes Psoriasis - guttate ?,causes
What causes Xeroderma pigmentosum ?,causes
What causes Kawasaki Disease ?,causes
What causes Pericarditis ?,causes
What causes Glaucoma ?,causes
What causes Keratoconus ?,causes
What causes Tongue tie ?,causes
What causes Phonological disorder ?,causes
What causes Personality disorders ?,causes
What causes Acanthosis nigricans ?,causes
What causes Pulmonary tuberculosis ?,causes
What causes Ehlers-Danlos syndrome ?,causes
What causes Cyanotic heart disease ?,causes
What causes Noma ?,causes
What causes Cholestasis ?,causes
What causes Behr syndrome ?,causes
What causes Cherubism ?,causes
What causes Frontal bossing ?,causes
What causes Hepatic ischemia ?,causes
What causes Epidermolysis bullosa acquisita ?,causes
What causes Coronary artery fistula ?,causes
What causes Joint pain ?,causes
What causes Swimmer's ear ?,causes
What causes Panic disorder ?,causes
What causes Pelizaeus-Merzbacher disease ?,causes
What causes Madelung disease ?,causes
What causes Carcinoid syndrome ?,causes
What causes Succinic semialdehyde dehydrogenase deficiency ?,causes
What causes Morton neuroma ?,causes
What causes Acute febrile neutrophilic dermatosis ?,causes
What causes Toothaches ?,causes
What causes Rickettsial pox ?,causes
What causes Multiple familial trichoepithelioma ?,causes
What causes ABO incompatibility ?,causes
What causes Causes of Diabetes ?,causes
What causes Chronic cholecystitis ?,causes
What causes Chlamydia ?,causes
What causes Dementia ?,causes
What causes Anorchia ?,causes
What causes Schizophrenia ?,causes
What causes Apraxia ?,causes
What causes Sleepwalking ?,causes
What causes Warts ?,causes
What causes Pityriasis alba ?,causes
What causes Ventricular fibrillation ?,causes
What causes Aortic stenosis ?,causes
What causes Vaginal bleeding in late pregnancy ?,causes
What causes Sneezing ?,causes
What causes Perineal Injury in Males ?,causes
What causes Coccygodynia ?,causes
What causes Thyroid nodule ?,causes
What causes Temporal arteritis ?,causes
What causes Harlequin ichthyosis ?,causes
What causes Familial Mediterranean fever ?,causes
What causes Meatal stenosis ?,causes
What causes Hypertensive heart disease ?,causes
What causes Von Willebrand Disease ?,causes
What causes Peripheral Artery Disease ?,causes
What causes Erythroplasia of Queyrat ?,causes
What causes Anaphylaxis ?,causes
What causes Benign schwannoma ?,causes
What causes Urinary Incontinence ?,causes
What causes Superficial thrombophlebitis ?,causes
What causes Treacher Collins syndrome ?,causes
What causes Catamenial pneumothorax ?,causes
What causes Buerger disease ?,causes
What causes Episcleritis ?,causes
What causes Gastroparesis ?,causes
What causes Adrenal Insufficiency and Addison's Disease ?,causes
What causes E. coli enteritis ?,causes
What causes Lung cancer - small cell ?,causes
What causes Wilson Disease ?,causes
What causes Sleep disorders in the elderly ?,causes
What causes Sideroblastic anemia pyridoxine-refractory autosomal recessive ?,causes
What causes Alport syndrome ?,causes
What causes Alkalosis ?,causes
What causes Lyme disease ?,causes
What causes Congenital hepatic fibrosis ?,causes
What causes Causes of Diabetes ?,causes
What causes Progressive multifocal leukoencephalopathy ?,causes
What causes Pachyonychia congenita ?,causes
What causes Earache ?,causes
What causes Glucose-6-phosphate dehydrogenase deficiency ?,causes
What causes Optic glioma ?,causes
What causes Short bowel syndrome ?,causes
What causes Cataract - adult ?,causes
What causes Multiple sclerosis ?,causes
What causes Bone tumor ?,causes
What causes Primary amyloidosis ?,causes
What causes Hereditary fructose intolerance ?,causes
What causes Esophageal stricture - benign ?,causes
What causes Coping with cancer - managing fatigue ?,causes
What causes Entropion ?,causes
What causes Impacted tooth ?,causes
What causes Neuralgia ?,causes
What causes Tinea versicolor ?,causes
What causes Blockage of upper airway ?,causes
What causes Ethmoiditis ?,causes
What causes Granulomatosis with polyangiitis ?,causes
What causes Piriformis syndrome ?,causes
What causes Familial lipoprotein lipase deficiency ?,causes
What causes Ellis-van Creveld syndrome ?,causes
What causes Choking - unconscious adult or child over 1 year ?,causes
What causes 2q37 deletion syndrome ?,causes
What causes Steatocystoma multiplex ?,causes
What causes Primary Hyperparathyroidism ?,causes
What causes Alcohol withdrawal ?,causes
What causes Macroamylasemia ?,causes
What causes Alpha-1 Antitrypsin Deficiency ?,causes
What causes Botulism ?,causes
What causes X-linked adrenal hypoplasia congenita ?,causes
What causes Obesity ?,causes
What causes Renal papillary necrosis ?,causes
What causes Barrett esophagus ?,causes
What causes Photophobia ?,causes
What causes Endocarditis ?,causes
What causes Severe acute respiratory syndrome (SARS) ?,causes
What causes Cancer treatment: dealing with hot flashes and night sweats ?,causes
What causes Eclampsia ?,causes
"What causes Ehlers-Danlos syndrome, kyphoscoliosis type ?",causes
What causes Hypersensitivity Pneumonitis ?,causes
What causes Causes of Diabetes ?,causes
What causes Best vitelliform macular dystrophy ?,causes
What causes Tongue problems ?,causes
What causes Acoustic neuroma ?,causes
What causes Pulmonary embolus ?,causes
What causes Mallory-Weiss tear ?,causes
What causes Corns and calluses ?,causes
What causes Paroxysmal nocturnal hemoglobinuria (PNH) ?,causes
What causes Epididymitis ?,causes
What causes Herpangina ?,causes
What causes Nephrocalcinosis ?,causes
What causes Anal cancer ?,causes
What causes Currarino triad ?,causes
What causes Opiate and opioid withdrawal ?,causes
What causes Overview of Kidney Disease in Children ?,causes
What causes Sertoli-Leydig cell tumor ?,causes
What causes Carpal tunnel syndrome ?,causes
What causes Anencephaly ?,causes
What causes Rheumatoid Arthritis ?,causes
What causes Limbic encephalitis ?,causes
What causes Liver spots ?,causes
What causes Gallstones ?,causes
What causes Hirschsprung's disease ?,causes
What causes Optic nerve atrophy ?,causes
What causes Dengue fever ?,causes
What causes Peritonitis ?,causes
What causes Von Willebrand disease ?,causes
What causes X-linked hypophosphatemia ?,causes
What causes Dilated cardiomyopathy ?,causes
What causes Amebic liver abscess ?,causes
What causes Orgasmic dysfunction ?,causes
What causes Acute coronary syndrome ?,causes
What causes Schwannomatosis ?,causes
What causes Trisomy 17 mosaicism ?,causes
What causes Causes of Diabetes ?,causes
What causes Corneal ulcers and infections ?,causes
What causes Breath odor ?,causes
What causes Pemphigus vulgaris ?,causes
What causes Trisomy 18 ?,causes
What causes Heartburn ?,causes
What causes Pneumocystis jiroveci pneumonia ?,causes
What causes Graves disease ?,causes
What causes Reticulohistiocytoma ?,causes
What causes Spinal cord abscess ?,causes
What causes Chlamydia infections in women ?,causes
What causes Bowlegs ?,causes
What causes Leg pain ?,causes
What causes Tinea capitis ?,causes
What causes Polycythemia Vera ?,causes
What causes Medullary carcinoma of thyroid ?,causes
What causes Narcolepsy ?,causes
What causes Metopic ridge ?,causes
What causes Rh incompatibility ?,causes
What causes Mitochondrial genetic disorders ?,causes
What causes Organic brain syndrome ?,causes
What causes Dermatomyositis ?,causes
What causes Holes in the Heart ?,causes
What causes Drug-induced pulmonary disease ?,causes
What causes Rheumatoid lung disease ?,causes
What causes Central pontine myelinolysis ?,causes
What causes Reifenstein syndrome ?,causes
What causes Breast infection ?,causes
What causes Perineal Injury in Males ?,causes
What causes Eyelid twitch ?,causes
What causes Cystic fibrosis ?,causes
What causes Typhoid fever ?,causes
What causes Primary hyperoxaluria type 2 ?,causes
What causes Fainting ?,causes
What causes Ruptured eardrum ?,causes
What causes Mitral valve regurgitation ?,causes
What causes Thrombocythemia and Thrombocytosis ?,causes
What causes WaterhouseFriderichsen syndrome ?,causes
What causes Glossitis ?,causes
What causes Nipple discharge ?,causes
What causes Diabetes insipidus - central ?,causes
What causes Idiopathic pulmonary fibrosis ?,causes
What causes Breast lump ?,causes
What causes Type 1 diabetes ?,causes
What causes Anemia of Inflammation and Chronic Disease ?,causes
What causes Urinary Tract Infections ?,causes
What causes Smallpox ?,causes
What causes IgA nephropathy ?,causes
What causes Adhesion ?,causes
What causes Urachal cyst ?,causes
What causes Intraductal papilloma ?,causes
What causes Chediak-Higashi syndrome ?,causes
What causes Nephrotic syndrome ?,causes
What causes Familial hypercholesterolemia ?,causes
What causes Kyrle disease ?,causes
What causes Platelet storage pool deficiency ?,causes
What causes Immune hemolytic anemia ?,causes
What causes Pregnancy and herpes ?,causes
What causes Progressive deafness with stapes fixation ?,causes
What causes Membranous nephropathy ?,causes
What causes Dermatomyositis ?,causes
What causes Restrictive cardiomyopathy ?,causes
What causes Tropical sprue ?,causes
What causes Craniopharyngioma ?,causes
What causes Delirium tremens ?,causes
What causes Enteritis ?,causes
What causes Acute cerebellar ataxia ?,causes
What causes Persistent depressive disorder ?,causes
What causes Muscle eye brain disease ?,causes
What causes Stuffy or runny nose - children ?,causes
What causes Hepatomegaly ?,causes
What causes Thrombotic Thrombocytopenic Purpura ?,causes
What causes Perianal streptococcal cellulitis ?,causes
What causes Pectus excavatum ?,causes
What causes Congenital bilateral absence of the vas deferens ?,causes
What causes Tuberous sclerosis ?,causes
"What causes 47, XYY syndrome ?",causes
What causes Purpura ?,causes
What causes Mantle cell lymphoma ?,causes
What causes Ringworm ?,causes
What causes Colic and crying - self-care ?,causes
What causes Esophageal spasm ?,causes
What causes Acquired Cystic Kidney Disease ?,causes
What causes Legg-Calve-Perthes disease ?,causes
What causes Gonorrhea ?,causes
What causes Thrombocytopenia ?,causes
What causes Porphyria ?,causes
What causes Antiphospholipid Antibody Syndrome ?,causes
What causes Common cold ?,causes
What causes Anemia - B12 deficiency ?,causes
What causes Orchitis ?,causes
What causes Pontocerebellar hypoplasia type 1 ?,causes
What causes Pellagra ?,causes
What causes Leprosy ?,causes
What causes Caput succedaneum ?,causes
What causes Ribcage pain ?,causes
What causes Hereditary amyloidosis ?,causes
What causes Vaginal yeast infection ?,causes
What causes Dry Eye ?,causes
What causes Intraventricular hemorrhage of the newborn ?,causes
What causes Expressive language disorder - developmental ?,causes
What causes Causes of Diabetes ?,causes
What causes Charcot-Marie-Tooth disease type 2F ?,causes
What causes MYH7-related scapuloperoneal myopathy ?,causes
What causes Colon cancer ?,causes
What causes Metatarsus adductus ?,causes
What causes Glomerular Diseases ?,causes
What causes Chiggers ?,causes
What causes Low magnesium level ?,causes
What causes Pinworms ?,causes
What causes Thyroid storm ?,causes
What causes Dry Mouth ?,causes
What causes Myelofibrosis ?,causes
What causes Choriocarcinoma ?,causes
What causes Medium-chain acyl-coenzyme A dehydrogenase deficiency ?,causes
What causes Diarrhea - overview ?,causes
What causes Femoral hernia ?,causes
What causes Beriberi ?,causes
What causes Muir-Torre syndrome ?,causes
What causes Retroperitoneal fibrosis ?,causes
What causes Acute myelogenous leukemia (AML) - children ?,causes
What causes Armpit lump ?,causes
What causes Port-wine stain ?,causes
What causes Craniosynostosis ?,causes
What causes Causes of Diabetes ?,causes
What causes Prolactinoma ?,causes
What causes Acute nephritic syndrome ?,causes
What causes Disorder of written expression ?,causes
What causes Pilonidal dimple ?,causes
What causes Hashimoto's syndrome ?,causes
What causes Claw hand ?,causes
What causes Vascular ring ?,causes
What causes Bleeding gums ?,causes
What causes What I need to know about Kidney Stones ?,causes
What causes Gum (Periodontal) Disease ?,causes
What causes Fungal arthritis ?,causes
What causes Chronic motor tic disorder ?,causes
What causes Myelodysplastic/myeloproliferative disease ?,causes
What causes Cardiac tamponade ?,causes
What causes Hypoglycemia ?,causes
What causes Primary melanoma of the central nervous system ?,causes
What causes Factitious hyperthyroidism ?,causes
What causes Spasmodic dysphonia ?,causes
What causes COPD ?,causes
What causes Kneecap dislocation ?,causes
What causes Split hand foot malformation ?,causes
What causes Paroxysmal supraventricular tachycardia (PSVT) ?,causes
What causes Migraine ?,causes
What causes Pilomatrixoma ?,causes
What causes Meningitis - cryptococcal ?,causes
What causes Paraquat poisoning ?,causes
What causes Diabetes ?,causes
What causes Urinary incontinence ?,causes
What causes Infant of diabetic mother ?,causes
What causes Skin discoloration - bluish ?,causes
What causes Skin Cancer ?,causes
What causes Duchenne muscular dystrophy ?,causes
What causes What I need to know about Diverticular Disease ?,causes
What causes Face pain ?,causes
What causes Multiple endocrine neoplasia (MEN) I ?,causes
What causes Klinefelter syndrome ?,causes
What causes Turner syndrome ?,causes
What causes Foodborne Illnesses ?,causes
What causes Causes of Diabetes ?,causes
What causes Synovial Chondromatosis ?,causes
What causes Myasthenia gravis ?,causes
What causes Natal teeth ?,causes
What causes Agitation ?,causes
What causes HIV/AIDS ?,causes
What causes Rheumatic fever ?,causes
What causes TARP syndrome ?,causes
What causes Separation anxiety in children ?,causes
What causes Skin lumps ?,causes
What causes ECHO virus ?,causes
What causes Hereditary ovalocytosis ?,causes
What causes Viral arthritis ?,causes
What causes Psychosis ?,causes
What causes Respiratory Distress Syndrome ?,causes
What causes Toxic shock syndrome ?,causes
What causes Neonatal abstinence syndrome ?,causes
What causes Congenital nephrotic syndrome ?,causes
What causes Thromboangiitis obliterans ?,causes
What causes Stress and your health ?,causes
What causes Juvenile myoclonic epilepsy ?,causes
What causes Cholangiocarcinoma ?,causes
What causes Prostatitis - bacterial ?,causes
What causes Chronic Fatigue Syndrome (CFS) ?,causes
What causes Kidney Dysplasia ?,causes
What causes Factor X deficiency ?,causes
What causes Eye redness ?,causes
What causes Histrionic personality disorder ?,causes
What causes Urinary Incontinence in Children ?,causes
What causes Sebaceous cyst ?,causes
What causes Autoimmune hepatitis ?,causes
What causes Causes of Diabetes ?,causes
What causes Esthesioneuroblastoma ?,causes
What causes IgA Nephropathy ?,causes
What causes Obsessive-compulsive personality disorder ?,causes
What causes Balance Problems ?,causes
What causes Varicose veins and venous insufficiency ?,causes
What causes Chronic granulomatous disease ?,causes
What causes Multifocal motor neuropathy ?,causes
What causes Obesity hypoventilation syndrome (OHS) ?,causes
What causes Near drowning ?,causes
"What causes Periodic fever, aphthous stomatitis, pharyngitis and adenitis ?",causes
What causes Prostate Cancer ?,causes
What causes Neurosyphilis ?,causes
What causes Human T-cell leukemia virus type 2 ?,causes
What causes Obesity in children ?,causes
What causes Small intestinal ischemia and infarction ?,causes
What causes Malnutrition ?,causes
What causes Cold intolerance ?,causes
What causes Kidney stones ?,causes
What causes Essential tremor ?,causes
What causes Cri du chat syndrome ?,causes
What causes Failure to thrive ?,causes
What causes Meckel's diverticulum ?,causes
What causes Lymphogranuloma venereum ?,causes
What causes Head injury - first aid ?,causes
What causes Dental cavities ?,causes
What causes Schizoaffective disorder ?,causes
What causes Charcot-Marie-Tooth disease ?,causes
What causes Pulmonary edema ?,causes
What causes Amelogenesis imperfecta ?,causes
What causes Prader-Willi syndrome ?,causes
What causes Ewing sarcoma ?,causes
What causes Cowden syndrome ?,causes
What causes Atheroembolic renal disease ?,causes
What causes Plummer-Vinson syndrome ?,causes
What causes Abdominal aortic aneurysm ?,causes
What causes What I need to know about Erectile Dysfunction ?,causes
What causes Pulmonary aspergilloma ?,causes
What causes Facial tics ?,causes
What causes Hemangiopericytoma ?,causes
What causes Coal worker's pneumoconiosis ?,causes
What causes Confusion ?,causes
What causes Morquio syndrome ?,causes
What causes Loss of brain function - liver disease ?,causes
What causes Cardiac arrest ?,causes
How to diagnose Malocclusion of teeth ?,exams and tests
How to diagnose Bartholin cyst or abscess ?,exams and tests
How to diagnose Hereditary multiple osteochondromas ?,exams and tests
How to diagnose Central sleep apnea ?,exams and tests
How to diagnose Tumor ?,exams and tests
How to diagnose Food poisoning ?,exams and tests
How to diagnose Glucose transporter type 1 deficiency syndrome ?,exams and tests
How to diagnose Primary Ciliary Dyskinesia ?,exams and tests
How to diagnose Herpetic stomatitis ?,exams and tests
How to diagnose Viral Gastroenteritis ?,exams and tests
How to diagnose Small Cell Lung Cancer ?,exams and tests
How to diagnose Pulmonary tuberculosis ?,exams and tests
How to diagnose Esophageal cancer ?,exams and tests
How to diagnose Diabetes and kidney disease ?,exams and tests
How to diagnose Plantar fasciitis ?,exams and tests
How to diagnose Hypervitaminosis D ?,exams and tests
How to diagnose Rectal Cancer ?,exams and tests
How to diagnose Tonsillitis ?,exams and tests
How to diagnose Alkhurma Hemorrhagic Fever (AHF) ?,exams and tests
How to diagnose Varicocele ?,exams and tests
How to diagnose Autoimmune hepatitis ?,exams and tests
How to diagnose Stress urinary incontinence ?,exams and tests
How to diagnose Coarctation of the aorta ?,exams and tests
How to diagnose Childhood Craniopharyngioma ?,exams and tests
How to diagnose Optic neuritis ?,exams and tests
How to diagnose Dwarfism ?,exams and tests
How to diagnose Retinitis pigmentosa ?,exams and tests
How to diagnose Omsk Hemorrhagic Fever (OHF) ?,exams and tests
How to diagnose Cat-scratch disease ?,exams and tests
How to diagnose Hepatorenal syndrome ?,exams and tests
How to diagnose Yaws ?,exams and tests
How to diagnose Renal papillary necrosis ?,exams and tests
How to diagnose Pneumothorax - infants ?,exams and tests
How to diagnose Pediatric sleep apnea ?,exams and tests
How to diagnose Amelogenesis imperfecta ?,exams and tests
How to diagnose Colorado tick fever ?,exams and tests
How to diagnose Autoimmune hepatitis ?,exams and tests
How to diagnose Mastocytic enterocolitis ?,exams and tests
How to diagnose Your Diabetes Care Records ?,exams and tests
How to diagnose Cutaneous skin tag ?,exams and tests
How to diagnose Primary Hyperparathyroidism ?,exams and tests
How to diagnose Meningitis ?,exams and tests
How to diagnose Schizoaffective disorder ?,exams and tests
How to diagnose Separation anxiety in children ?,exams and tests
How to diagnose Medullary cystic kidney disease ?,exams and tests
How to diagnose Dupuytren contracture ?,exams and tests
How to diagnose Color blindness ?,exams and tests
How to diagnose Dry Eye ?,exams and tests
How to diagnose Adjustment disorder ?,exams and tests
How to diagnose Esophageal perforation ?,exams and tests
How to diagnose Anemia of Inflammation and Chronic Disease ?,exams and tests
How to diagnose Hepatitis C - children ?,exams and tests
How to diagnose Leishmaniasis ?,exams and tests
How to diagnose Tracheobronchopathia osteoplastica ?,exams and tests
How to diagnose Pseudoxanthoma elasticum ?,exams and tests
How to diagnose Parasites - American Trypanosomiasis (also known as Chagas Disease) ?,exams and tests
How to diagnose Factor V deficiency ?,exams and tests
How to diagnose Protein-losing enteropathy ?,exams and tests
How to diagnose Peritonitis - spontaneous ?,exams and tests
How to diagnose Albinism ?,exams and tests
How to diagnose Gallstones ?,exams and tests
How to diagnose Transient tachypnea - newborn ?,exams and tests
How to diagnose Aspergillosis ?,exams and tests
How to diagnose IgA Nephropathy ?,exams and tests
How to diagnose Esthesioneuroblastoma ?,exams and tests
How to diagnose Lactose intolerance ?,exams and tests
How to diagnose Peptic ulcer ?,exams and tests
How to diagnose Sarcoidosis ?,exams and tests
How to diagnose Cushing syndrome due to adrenal tumor ?,exams and tests
How to diagnose Unilateral hydronephrosis ?,exams and tests
How to diagnose Parasites - Paragonimiasis (also known as Paragonimus Infection) ?,exams and tests
How to diagnose Dementia due to metabolic causes ?,exams and tests
How to diagnose Meningitis - cryptococcal ?,exams and tests
How to diagnose Acute nephritic syndrome ?,exams and tests
How to diagnose Mallory-Weiss tear ?,exams and tests
How to diagnose Cervical polyps ?,exams and tests
How to diagnose Ectopic Kidney ?,exams and tests
How to diagnose Narcolepsy ?,exams and tests
How to diagnose Zollinger-Ellison Syndrome ?,exams and tests
How to diagnose Congenital cytomegalovirus ?,exams and tests
How to diagnose Sensorimotor polyneuropathy ?,exams and tests
How to diagnose Placental insufficiency ?,exams and tests
How to diagnose Autism spectrum disorder ?,exams and tests
How to diagnose Tendinitis ?,exams and tests
How to diagnose Transitional Cell Cancer of the Renal Pelvis and Ureter ?,exams and tests
How to diagnose Hemolytic Anemia ?,exams and tests
How to diagnose Abdominal Adhesions ?,exams and tests
How to diagnose Antisynthetase syndrome ?,exams and tests
How to diagnose Dilated cardiomyopathy ?,exams and tests
How to diagnose Imperforate hymen ?,exams and tests
How to diagnose Tetralogy of Fallot ?,exams and tests
How to diagnose Hepatic ischemia ?,exams and tests
How to diagnose Ascites ?,exams and tests
How to diagnose Donovanosis (granuloma inguinale) ?,exams and tests
How to diagnose Seborrheic keratosis ?,exams and tests
How to diagnose Irritable Bowel Syndrome in Children ?,exams and tests
How to diagnose Barbiturate intoxication and overdose ?,exams and tests
How to diagnose Vaginal or uterine bleeding - overview ?,exams and tests
How to diagnose Brachial plexus injury in newborns ?,exams and tests
How to diagnose Achilles tendinitis ?,exams and tests
How to diagnose Mesenteric artery ischemia ?,exams and tests
How to diagnose Fibrous dysplasia ?,exams and tests
How to diagnose Interstitial nephritis ?,exams and tests
How to diagnose Acquired platelet function defect ?,exams and tests
How to diagnose Stasis dermatitis and ulcers ?,exams and tests
How to diagnose Illness anxiety disorder ?,exams and tests
How to diagnose Eosinophilic enteropathy ?,exams and tests
How to diagnose Septic shock ?,exams and tests
How to diagnose Acute pancreatitis ?,exams and tests
How to diagnose Congenital rubella ?,exams and tests
How to diagnose Simple Kidney Cysts ?,exams and tests
How to diagnose Irregular sleep-wake syndrome ?,exams and tests
How to diagnose Attention deficit hyperactivity disorder ?,exams and tests
How to diagnose Periventricular heterotopia ?,exams and tests
How to diagnose Beckwith-Wiedemann syndrome ?,exams and tests
How to diagnose Amyloidosis corneal ?,exams and tests
How to diagnose Otosclerosis ?,exams and tests
How to diagnose Adiposis dolorosa ?,exams and tests
How to diagnose Alcoholic liver disease ?,exams and tests
How to diagnose Congenital anosmia ?,exams and tests
How to diagnose Primary Biliary Cirrhosis ?,exams and tests
How to diagnose Acute respiratory distress syndrome ?,exams and tests
How to diagnose Parasites - Lymphatic Filariasis ?,exams and tests
How to diagnose Ventricular fibrillation ?,exams and tests
How to diagnose Kidney Disease of Diabetes ?,exams and tests
How to diagnose X-linked congenital stationary night blindness ?,exams and tests
How to diagnose Glomus jugulare tumor ?,exams and tests
How to diagnose Ganglioneuroblastoma ?,exams and tests
How to diagnose Tapeworm infection - Hymenolepsis ?,exams and tests
How to diagnose Appendicitis ?,exams and tests
How to diagnose Bleeding disorders ?,exams and tests
How to diagnose Partial (focal) seizure ?,exams and tests
How to diagnose Iron deficiency anemia ?,exams and tests
How to diagnose Asthma - children ?,exams and tests
How to diagnose Pancreas divisum ?,exams and tests
How to diagnose Double inlet left ventricle ?,exams and tests
How to diagnose Wilms Tumor and Other Childhood Kidney Tumors ?,exams and tests
How to diagnose Renal cell carcinoma ?,exams and tests
How to diagnose Langerhans Cell Histiocytosis ?,exams and tests
How to diagnose Hiatal hernia ?,exams and tests
How to diagnose Boils ?,exams and tests
How to diagnose Heart failure - overview ?,exams and tests
How to diagnose Chronic motor tic disorder ?,exams and tests
How to diagnose Leukoplakia ?,exams and tests
How to diagnose Cardiac arrest ?,exams and tests
How to diagnose Anorchia ?,exams and tests
How to diagnose Chronic lymphocytic leukemia (CLL) ?,exams and tests
How to diagnose Hepatitis ?,exams and tests
How to diagnose Narcissistic personality disorder ?,exams and tests
How to diagnose Histoplasmosis - acute (primary) pulmonary ?,exams and tests
How to diagnose Tricuspid atresia ?,exams and tests
How to diagnose Allergic rhinitis ?,exams and tests
How to diagnose Meconium aspiration syndrome ?,exams and tests
How to diagnose Prostatitis - bacterial ?,exams and tests
How to diagnose Thyrotoxic periodic paralysis ?,exams and tests
How to diagnose Intestinal obstruction ?,exams and tests
How to diagnose Arrhythmias ?,exams and tests
How to diagnose Renal vein thrombosis ?,exams and tests
How to diagnose Colorectal polyps ?,exams and tests
How to diagnose Latex allergies - for hospital patients ?,exams and tests
How to diagnose Cranial mononeuropathy III ?,exams and tests
How to diagnose Preeclampsia ?,exams and tests
How to diagnose Febrile Ulceronecrotic Mucha-Habermann disease ?,exams and tests
How to diagnose Peripartum cardiomyopathy ?,exams and tests
How to diagnose Astigmatism ?,exams and tests
How to diagnose Danon disease ?,exams and tests
How to diagnose Exogenous Cushing syndrome ?,exams and tests
How to diagnose Ankylosing spondylitis ?,exams and tests
How to diagnose Chemical pneumonitis ?,exams and tests
How to diagnose Cystic Fibrosis ?,exams and tests
How to diagnose Punctate palmoplantar keratoderma type I ?,exams and tests
How to diagnose Ectopic heartbeat ?,exams and tests
How to diagnose Konigsmark Knox Hussels syndrome ?,exams and tests
How to diagnose Langerhans cell histiocytosis ?,exams and tests
How to diagnose Lactose Intolerance ?,exams and tests
How to diagnose Visceral larva migrans ?,exams and tests
how is botulism diagnosed?,exams and tests
How to diagnose Presbyopia ?,exams and tests
How to diagnose Atrial Fibrillation ?,exams and tests
How to diagnose Wilms tumor ?,exams and tests
How to diagnose Horner syndrome ?,exams and tests
How to diagnose Lichen planus pigmentosus ?,exams and tests
How to diagnose Uterine sarcoma ?,exams and tests
How to diagnose Lupus Nephritis ?,exams and tests
How to diagnose Anxiety Disorders ?,exams and tests
How to diagnose Acromegaly ?,exams and tests
How to diagnose Histoplasmosis ?,exams and tests
How to diagnose Barrett esophagus ?,exams and tests
How to diagnose Premenstrual syndrome ?,exams and tests
How to diagnose Blockage of upper airway ?,exams and tests
How to diagnose Macular degeneration - age-related ?,exams and tests
How to diagnose Immune Thrombocytopenia ?,exams and tests
How to diagnose Prader-Willi syndrome ?,exams and tests
How to diagnose Apnea of prematurity ?,exams and tests
How to diagnose Polymyalgia rheumatica ?,exams and tests
How to diagnose Rett syndrome ?,exams and tests
How to diagnose Peripheral neuropathy ?,exams and tests
How to diagnose Erythema nodosum ?,exams and tests
How to diagnose Pituitary Tumors ?,exams and tests
How to diagnose Pituitary apoplexy ?,exams and tests
How to diagnose Myelofibrosis ?,exams and tests
How to diagnose Parkinson disease ?,exams and tests
How to diagnose Overview of Kidney Disease in Children ?,exams and tests
How to diagnose Basilar migraine ?,exams and tests
How to diagnose Alzheimer's Disease ?,exams and tests
How to diagnose Insulinoma ?,exams and tests
How to diagnose Conjunctivitis ?,exams and tests
How to diagnose Hypohidrotic ectodermal dysplasia ?,exams and tests
How to diagnose Lymphatic obstruction ?,exams and tests
How to diagnose Encopresis ?,exams and tests
How to diagnose CMV - gastroenteritis/colitis ?,exams and tests
How to diagnose Merkel Cell Carcinoma ?,exams and tests
How to diagnose TMJ disorders ?,exams and tests
How to diagnose Alopecia universalis ?,exams and tests
How to diagnose Sanfilippo syndrome ?,exams and tests
How to diagnose Galloway-Mowat syndrome ?,exams and tests
How to diagnose Optic neuritis ?,exams and tests
How to diagnose Cor pulmonale ?,exams and tests
How to diagnose Developmental coordination disorder ?,exams and tests
How to diagnose Polycystic ovary syndrome ?,exams and tests
How to diagnose Primary alveolar hypoventilation ?,exams and tests
How to diagnose Thrombocytopenia ?,exams and tests
How to diagnose Vernal conjunctivitis ?,exams and tests
How to diagnose Lichen simplex chronicus ?,exams and tests
How to diagnose Pancreatic islet cell tumor ?,exams and tests
How to diagnose Histiocytosis ?,exams and tests
How to diagnose Hartnup disorder ?,exams and tests
How to diagnose Hemochromatosis ?,exams and tests
How to diagnose Hemoglobin C disease ?,exams and tests
How to diagnose Heart Attack ?,exams and tests
How to diagnose Rat-bite fever ?,exams and tests
How to diagnose Viral gastroenteritis ?,exams and tests
How to diagnose Growth hormone deficiency - children ?,exams and tests
How to diagnose Nasal septal hematoma ?,exams and tests
How to diagnose Osteoporosis ?,exams and tests
How to diagnose Premature ejaculation ?,exams and tests
How to diagnose Diaphragmatic hernia ?,exams and tests
How to diagnose Interstitial cystitis ?,exams and tests
How to diagnose Multiple endocrine neoplasia type 1 ?,exams and tests
How to diagnose Urethral stricture ?,exams and tests
How to diagnose Klippel Feil syndrome ?,exams and tests
How to diagnose Burkitt lymphoma ?,exams and tests
How to diagnose Parasites - African Trypanosomiasis (also known as Sleeping Sickness) ?,exams and tests
How to diagnose Alzheimer disease ?,exams and tests
How to diagnose Bassen-Kornzweig syndrome ?,exams and tests
How to diagnose Acute myeloid leukemia ?,exams and tests
How to diagnose Townes-Brocks syndrome ?,exams and tests
How to diagnose Bicuspid aortic valve ?,exams and tests
How to diagnose Parainfluenza ?,exams and tests
How to diagnose Tongue tie ?,exams and tests
How to diagnose Pulmonary Embolism ?,exams and tests
How to diagnose Thromboangiitis obliterans ?,exams and tests
How to diagnose Creutzfeldt-Jakob disease ?,exams and tests
How to diagnose Hemochromatosis ?,exams and tests
How to diagnose Cranial mononeuropathy VI ?,exams and tests
How to diagnose Mesothelioma - malignant ?,exams and tests
How to diagnose Gastroesophageal reflux in infants ?,exams and tests
How to diagnose Acrodysostosis ?,exams and tests
How to diagnose Osteogenesis imperfecta type VI ?,exams and tests
How to diagnose Gardner-Diamond syndrome ?,exams and tests
How to diagnose Smallpox ?,exams and tests
How to diagnose Prune belly syndrome ?,exams and tests
How to diagnose Lymphocytic Choriomeningitis (LCM) ?,exams and tests
How to diagnose Malignant otitis externa ?,exams and tests
How to diagnose Parasites - Toxocariasis (also known as Roundworm Infection) ?,exams and tests
How to diagnose Epilepsy - overview ?,exams and tests
How to diagnose Friedreich ataxia ?,exams and tests
How to diagnose Bursitis of the heel ?,exams and tests
How to diagnose Factor V Leiden thrombophilia ?,exams and tests
How to diagnose Gastrointestinal perforation ?,exams and tests
How to diagnose Amebic liver abscess ?,exams and tests
How to diagnose Turner syndrome ?,exams and tests
How to diagnose Thrush in newborns ?,exams and tests
How to diagnose Volvulus - childhood ?,exams and tests
How to diagnose Generalized anxiety disorder ?,exams and tests
How to diagnose Diaper rash ?,exams and tests
How to diagnose Proctitis ?,exams and tests
How to diagnose Abscess - abdomen or pelvis ?,exams and tests
How to diagnose Pernicious anemia ?,exams and tests
How to diagnose Cleidocranial dysostosis ?,exams and tests
How to diagnose Kuru ?,exams and tests
How to diagnose Allergies ?,exams and tests
How to diagnose Liddle syndrome ?,exams and tests
How to diagnose Intussusception - children ?,exams and tests
How to diagnose E. coli enteritis ?,exams and tests
How to diagnose Fanconi syndrome ?,exams and tests
How to diagnose Acute cytomegalovirus (CMV) infection ?,exams and tests
How to diagnose Stenotrophomonas maltophilia infection ?,exams and tests
How to diagnose Lung cancer - non-small cell ?,exams and tests
How to diagnose Disseminated tuberculosis ?,exams and tests
How to diagnose Ewing Sarcoma ?,exams and tests
How to diagnose Osteitis fibrosa ?,exams and tests
How to diagnose Knock knees ?,exams and tests
How to diagnose LEOPARD syndrome ?,exams and tests
How to diagnose Jaundice ?,exams and tests
How to diagnose Diabetes ?,exams and tests
How to diagnose Prolactinoma ?,exams and tests
How to diagnose McArdle syndrome ?,exams and tests
How to diagnose Meningitis - H. influenzae ?,exams and tests
How to diagnose Brief psychotic disorder ?,exams and tests
How to diagnose Drug-induced tremor ?,exams and tests
How to diagnose Hemophilia ?,exams and tests
How to diagnose Tenosynovitis ?,exams and tests
How to diagnose AIDS-Related Lymphoma ?,exams and tests
How to diagnose Nephrotic Syndrome in Adults ?,exams and tests
How to diagnose Low blood sugar - newborns ?,exams and tests
How to diagnose Adult Acute Myeloid Leukemia ?,exams and tests
How to diagnose Piriformis syndrome ?,exams and tests
How to diagnose Respiratory alkalosis ?,exams and tests
How to diagnose Anterior knee pain ?,exams and tests
How to diagnose Bacterial gastroenteritis ?,exams and tests
How to diagnose Ectopic pregnancy ?,exams and tests
How to diagnose Loss of brain function - liver disease ?,exams and tests
How to diagnose Skin Cancer ?,exams and tests
How to diagnose What I need to know about Diarrhea ?,exams and tests
How to diagnose Pica ?,exams and tests
How to diagnose Impacted tooth ?,exams and tests
How to diagnose Cowden syndrome ?,exams and tests
How to diagnose Parasites - Leishmaniasis ?,exams and tests
How to diagnose Minimal change disease ?,exams and tests
How to diagnose Krabbe disease ?,exams and tests
How to diagnose Gender dysphoria ?,exams and tests
How to diagnose What I need to know about Interstitial Cystitis/Painful Bladder Syndrome ?,exams and tests
How to diagnose Salivary gland infections ?,exams and tests
How to diagnose Myotonia congenita ?,exams and tests
How to diagnose Ecthyma ?,exams and tests
How to diagnose Aase syndrome ?,exams and tests
How to diagnose Becker muscular dystrophy ?,exams and tests
How to diagnose Anorectal abscess ?,exams and tests
How to diagnose Von Willebrand Disease ?,exams and tests
How to diagnose Typhoid fever ?,exams and tests
How to diagnose Diffuse idiopathic skeletal hyperostosis ?,exams and tests
How to diagnose Anaplastic thyroid cancer ?,exams and tests
How to diagnose Bulimia ?,exams and tests
How to diagnose Tropical sprue ?,exams and tests
How to diagnose Pityriasis rubra pilaris ?,exams and tests
How to diagnose Cerebral hypoxia ?,exams and tests
How to diagnose Mathematics disorder ?,exams and tests
How to diagnose Hashimoto's Disease ?,exams and tests
How to diagnose Parkinson's Disease ?,exams and tests
How to diagnose Pericarditis - after heart attack ?,exams and tests
"How to diagnose Ehlers-Danlos syndrome, dermatosparaxis type ?",exams and tests
How to diagnose What I need to know about Kidney Stones ?,exams and tests
How to diagnose Mediastinal tumor ?,exams and tests
How to diagnose Gastrointestinal fistula ?,exams and tests
How to diagnose Tay-Sachs disease ?,exams and tests
How to diagnose Gilles de la Tourette syndrome ?,exams and tests
How to diagnose Loin pain hematuria syndrome ?,exams and tests
How to diagnose Dysarthria ?,exams and tests
How to diagnose Vascular ring ?,exams and tests
How to diagnose Lung Cancer ?,exams and tests
How to diagnose Endometrial polyps ?,exams and tests
How to diagnose Rheumatic Fever ?,exams and tests
How to diagnose Metabolic Syndrome ?,exams and tests
How to diagnose Intestinal Pseudo-obstruction ?,exams and tests
How to diagnose Perirenal abscess ?,exams and tests
How to diagnose Diabetic mastopathy ?,exams and tests
How to diagnose Dyshidrotic eczema ?,exams and tests
How to diagnose Paranasal Sinus and Nasal Cavity Cancer ?,exams and tests
How to diagnose Ichthyosis vulgaris ?,exams and tests
How to diagnose Achondrogenesis ?,exams and tests
How to diagnose Lung cancer - small cell ?,exams and tests
How to diagnose Breast cancer ?,exams and tests
How to diagnose Glomerular Diseases ?,exams and tests
How to diagnose Pseudomembranous colitis ?,exams and tests
How to diagnose Kidney stones ?,exams and tests
How to diagnose Thyroid cancer - papillary carcinoma ?,exams and tests
How to diagnose Hypersensitivity Pneumonitis ?,exams and tests
How to diagnose Alopecia areata ?,exams and tests
How to diagnose Breast Cancer ?,exams and tests
How to diagnose Renal Tubular Acidosis ?,exams and tests
How to diagnose High arch ?,exams and tests
How to diagnose Congenital cataract ?,exams and tests
How to diagnose Cryoglobulinemia ?,exams and tests
How to diagnose Central core disease ?,exams and tests
How to diagnose Amebiasis ?,exams and tests
How to diagnose Uterine prolapse ?,exams and tests
How to diagnose Scleritis ?,exams and tests
How to diagnose Pilomatrixoma ?,exams and tests
How to diagnose Charley horse ?,exams and tests
How to diagnose Prostate cancer ?,exams and tests
How to diagnose Labyrinthitis ?,exams and tests
How to diagnose Pityriasis rosea ?,exams and tests
How to diagnose Birthmarks - red ?,exams and tests
How to diagnose Childhood Brain Stem Glioma ?,exams and tests
How to diagnose Personality disorders ?,exams and tests
How to diagnose Milia ?,exams and tests
How to diagnose Trichorrhexis nodosa ?,exams and tests
How to diagnose Amyotrophic lateral sclerosis ?,exams and tests
How to diagnose Intersex ?,exams and tests
How to diagnose Pancreatic abscess ?,exams and tests
How to diagnose Periodontitis ?,exams and tests
How to diagnose Multiple myeloma ?,exams and tests
How to diagnose Pulmonary veno-occlusive disease ?,exams and tests
How to diagnose Androgen insensitivity syndrome ?,exams and tests
How to diagnose Dermatitis Herpetiformis: Skin Manifestation of Celiac Disease (For Health Care Professionals) ?,exams and tests
How to diagnose Aicardi syndrome ?,exams and tests
How to diagnose Heart Palpitations ?,exams and tests
How to diagnose Zika virus disease ?,exams and tests
How to diagnose Optic nerve atrophy ?,exams and tests
How to diagnose Whipple's disease ?,exams and tests
How to diagnose Hydrops fetalis ?,exams and tests
How to diagnose Salmonella enterocolitis ?,exams and tests
How to diagnose Paronychia ?,exams and tests
How to diagnose Bell's palsy ?,exams and tests
How to diagnose Lesch-Nyhan syndrome ?,exams and tests
How to diagnose Age-related hearing loss ?,exams and tests
How to diagnose Fetal alcohol syndrome ?,exams and tests
How to diagnose Childhood Acute Myeloid Leukemia and Other Myeloid Malignancies ?,exams and tests
How to diagnose Restless legs syndrome ?,exams and tests
How to diagnose Heart Block ?,exams and tests
How to diagnose Hemorrhoids ?,exams and tests
How to diagnose Acanthosis nigricans ?,exams and tests
How to diagnose Primary biliary cirrhosis ?,exams and tests
How to diagnose Laryngeal Cancer ?,exams and tests
How to diagnose Urinary Incontinence ?,exams and tests
How to diagnose Dopa-responsive dystonia ?,exams and tests
How to diagnose Spastic diplegia cerebral palsy ?,exams and tests
How to diagnose Pneumocystis jiroveci pneumonia ?,exams and tests
How to diagnose Parasites - Cyclosporiasis (Cyclospora Infection) ?,exams and tests
How to diagnose Increased intracranial pressure ?,exams and tests
How to diagnose Polyarteritis nodosa ?,exams and tests
How to diagnose Congenital sucrase-isomaltase deficiency ?,exams and tests
How to diagnose Congenital heart disease ?,exams and tests
How to diagnose CREST syndrome ?,exams and tests
How to diagnose Port-wine stain ?,exams and tests
How to diagnose Acoustic neuroma ?,exams and tests
How to diagnose Phenylketonuria ?,exams and tests
How to diagnose Intraductal papilloma ?,exams and tests
How to diagnose Coronary Microvascular Disease ?,exams and tests
How to diagnose Agammaglobulinemia ?,exams and tests
How to diagnose Cerebrotendinous xanthomatosis ?,exams and tests
How to diagnose Substance use disorder ?,exams and tests
How to diagnose Brachial plexopathy ?,exams and tests
How to diagnose Bunions ?,exams and tests
How to diagnose Raynaud phenomenon ?,exams and tests
How to diagnose Dry eye syndrome ?,exams and tests
How to diagnose Flat feet ?,exams and tests
How to diagnose Paget's Disease of Bone ?,exams and tests
How to diagnose Marburg hemorrhagic fever (Marburg HF) ?,exams and tests
How to diagnose Osteosarcoma and Malignant Fibrous Histiocytoma of Bone ?,exams and tests
How to diagnose Neuralgia ?,exams and tests
How to diagnose Congenital afibrinogenemia ?,exams and tests
How to diagnose Hypomyelination with atrophy of basal ganglia and cerebellum ?,exams and tests
How to diagnose Nabothian cyst ?,exams and tests
How to diagnose Patent Ductus Arteriosus ?,exams and tests
How to diagnose Esophageal stricture - benign ?,exams and tests
How to diagnose Cerebral arteriovenous malformation ?,exams and tests
How to diagnose Scoliosis ?,exams and tests
How to diagnose What I need to know about Gestational Diabetes ?,exams and tests
How to diagnose Progressive multifocal leukoencephalopathy ?,exams and tests
How to diagnose Prader-Willi syndrome ?,exams and tests
How to diagnose Cryptosporidium enteritis ?,exams and tests
How to diagnose Tinea capitis ?,exams and tests
How to diagnose Pelvic inflammatory disease (PID) ?,exams and tests
How to diagnose Andersen-Tawil syndrome ?,exams and tests
How to diagnose Canavan disease ?,exams and tests
How to diagnose Contact dermatitis ?,exams and tests
How to diagnose Anemia caused by low iron - infants and toddlers ?,exams and tests
How to diagnose Congenital laryngeal palsy ?,exams and tests
How to diagnose Gonorrhea ?,exams and tests
How to diagnose Speech disorders - children ?,exams and tests
How to diagnose Bladder cancer ?,exams and tests
How to diagnose Polymyositis ?,exams and tests
How to diagnose Felty syndrome ?,exams and tests
How to diagnose Abetalipoproteinemia ?,exams and tests
How to diagnose Atherosclerosis ?,exams and tests
How to diagnose Occipital horn syndrome ?,exams and tests
How to diagnose Dumping Syndrome ?,exams and tests
How to diagnose Chancroid ?,exams and tests
How to diagnose Extragonadal Germ Cell Tumors ?,exams and tests
How to diagnose Heart Valve Disease ?,exams and tests
How to diagnose Alagille Syndrome ?,exams and tests
How to diagnose Salivary Gland Cancer ?,exams and tests
How to diagnose Primary gastrointestinal melanoma ?,exams and tests
How to diagnose Carotid Artery Disease ?,exams and tests
How to diagnose Amblyopia ?,exams and tests
How to diagnose Porphyria ?,exams and tests
How to diagnose High Blood Pressure and Kidney Disease ?,exams and tests
How to diagnose Tapeworm infection - beef or pork ?,exams and tests
How to diagnose Hookworm infection ?,exams and tests
How to diagnose Bone tumor ?,exams and tests
How to diagnose Aneurysm ?,exams and tests
How to diagnose Ehrlichiosis ?,exams and tests
How to diagnose Opioid intoxication ?,exams and tests
How to diagnose Swimming pool granuloma ?,exams and tests
How to diagnose Coronary artery fistula ?,exams and tests
How to diagnose ABO incompatibility ?,exams and tests
How to diagnose Hypocomplementemic urticarial vasculitis syndrome ?,exams and tests
How to diagnose Acute adrenal crisis ?,exams and tests
How to diagnose Whipworm infection ?,exams and tests
How to diagnose Shingles ?,exams and tests
How to diagnose Familial Mediterranean fever ?,exams and tests
How to diagnose Brain tumor - children ?,exams and tests
How to diagnose Rickets ?,exams and tests
How to diagnose Amelogenesis imperfecta ?,exams and tests
How to diagnose Von Gierke disease ?,exams and tests
How to diagnose Chronic subdural hematoma ?,exams and tests
How to diagnose Dental cavities ?,exams and tests
How to diagnose Infant of diabetic mother ?,exams and tests
How to diagnose Diabetes insipidus - nephrogenic ?,exams and tests
How to diagnose Isolated sleep paralysis ?,exams and tests
How to diagnose Peutz-Jeghers syndrome ?,exams and tests
How to diagnose Chronic fatigue syndrome ?,exams and tests
How to diagnose Laryngeal nerve damage ?,exams and tests
How to diagnose Sebaceous cyst ?,exams and tests
How to diagnose Essential tremor ?,exams and tests
How to diagnose Tinea corporis ?,exams and tests
How to diagnose Osteogenesis imperfecta ?,exams and tests
How to diagnose Fine-Lubinsky syndrome ?,exams and tests
How to diagnose Adult Still's disease ?,exams and tests
How to diagnose Squamous cell skin cancer ?,exams and tests
How to diagnose Mineral and Bone Disorder in Chronic Kidney Disease ?,exams and tests
How to diagnose Pneumonia - weakened immune system ?,exams and tests
How to diagnose Overweight and Obesity ?,exams and tests
How to diagnose Carbuncle ?,exams and tests
How to diagnose Toxic megacolon ?,exams and tests
How to diagnose Pregnancy and herpes ?,exams and tests
How to diagnose Anemia caused by low iron - children ?,exams and tests
How to diagnose Apert syndrome ?,exams and tests
How to diagnose Erysipelas ?,exams and tests
How to diagnose What I need to know about Gestational Diabetes ?,exams and tests
How to diagnose Malabsorption ?,exams and tests
How to diagnose Giant congenital nevus ?,exams and tests
How to diagnose Medial epicondylitis - golfer's elbow ?,exams and tests
How to diagnose Scabies ?,exams and tests
How to diagnose Rectal prolapse ?,exams and tests
How to diagnose Primary CNS Lymphoma ?,exams and tests
How to diagnose Chylomicronemia syndrome ?,exams and tests
How to diagnose Antisocial personality disorder ?,exams and tests
How to diagnose Creating a Family Health History ?,exams and tests
How to diagnose HELLP syndrome ?,exams and tests
How to diagnose Hypoplastic left heart syndrome ?,exams and tests
How to diagnose Metastatic pleural tumor ?,exams and tests
How to diagnose Breast cancer in men ?,exams and tests
How to diagnose Stiff person syndrome ?,exams and tests
How to diagnose Skin abscess ?,exams and tests
How to diagnose Congenital toxoplasmosis ?,exams and tests
How to diagnose Cholestasis ?,exams and tests
How to diagnose West Nile virus ?,exams and tests
How to diagnose Hemolytic disease of the newborn ?,exams and tests
How to diagnose Congenital adrenal hyperplasia ?,exams and tests
How to diagnose Ascariasis ?,exams and tests
How to diagnose Coronary artery spasm ?,exams and tests
How to diagnose Rheumatoid lung disease ?,exams and tests
How to diagnose Angioedema ?,exams and tests
How to diagnose Polycythemia vera ?,exams and tests
How to diagnose Hemophilia A ?,exams and tests
How to diagnose Leprosy ?,exams and tests
How to diagnose VLCAD deficiency ?,exams and tests
How to diagnose Sydenham chorea ?,exams and tests
How to diagnose Phobia - simple/specific ?,exams and tests
How to diagnose Thrombotic Thrombocytopenic Purpura ?,exams and tests
How to diagnose Potter syndrome ?,exams and tests
How to diagnose Childhood Liver Cancer ?,exams and tests
How to diagnose Uterine Sarcoma ?,exams and tests
How to diagnose Axenfeld-Rieger syndrome type 1 ?,exams and tests
How to diagnose Pericarditis ?,exams and tests
How to diagnose Noma ?,exams and tests
How to diagnose Renal Artery Stenosis ?,exams and tests
How to diagnose Osteogenesis imperfecta ?,exams and tests
How to diagnose Cystic fibrosis ?,exams and tests
How to diagnose Benign positional vertigo ?,exams and tests
How to diagnose Ehlers-Danlos syndrome ?,exams and tests
How to diagnose Down syndrome ?,exams and tests
How to diagnose Scrofula ?,exams and tests
How to diagnose Legg-Calve-Perthes disease ?,exams and tests
How to diagnose Chickenpox ?,exams and tests
How to diagnose Marfan syndrome ?,exams and tests
How to diagnose Fish tapeworm infection ?,exams and tests
How to diagnose Multiple sclerosis ?,exams and tests
How to diagnose Non-Hodgkin lymphoma ?,exams and tests
How to diagnose Metabolic acidosis ?,exams and tests
How to diagnose Spinal muscular atrophy ?,exams and tests
How to diagnose Low back pain - acute ?,exams and tests
How to diagnose Anemia of chronic disease ?,exams and tests
How to diagnose Hernia ?,exams and tests
How to diagnose Brain abscess ?,exams and tests
How to diagnose Peripheral Arterial Disease (P.A.D.) ?,exams and tests
How to diagnose Ectodermal dysplasia ?,exams and tests
How to diagnose Familial lipoprotein lipase deficiency ?,exams and tests
How to diagnose Cystinuria ?,exams and tests
How to diagnose Excessive or unwanted hair in women ?,exams and tests
How to diagnose Bronchiolitis obliterans organizing pneumonia ?,exams and tests
How to diagnose Hypogonadism ?,exams and tests
How to diagnose Miscarriage ?,exams and tests
How to diagnose Meningitis - gram-negative ?,exams and tests
How to diagnose Breast Cancer ?,exams and tests
How to diagnose Sjgren syndrome ?,exams and tests
How to diagnose Medium-chain acyl-coenzyme A dehydrogenase deficiency ?,exams and tests
How to diagnose Pterygium ?,exams and tests
How to diagnose Nasal polyps ?,exams and tests
How to diagnose Retinal detachment ?,exams and tests
How to diagnose Leydig cell tumor ?,exams and tests
How to diagnose Adrenal Insufficiency and Addison's Disease ?,exams and tests
How to diagnose Morquio syndrome ?,exams and tests
How to diagnose Mycoplasma pneumonia ?,exams and tests
How to diagnose Congenital nephrotic syndrome ?,exams and tests
How to diagnose Pinworms ?,exams and tests
How to diagnose Sturge-Weber syndrome ?,exams and tests
How to diagnose Charcot-Marie-Tooth disease type 2F ?,exams and tests
How to diagnose Deep venous thrombosis ?,exams and tests
How to diagnose Pulmonary arteriovenous fistula ?,exams and tests
How to diagnose Sleep disorders in the elderly ?,exams and tests
How to diagnose Sertoli-Leydig cell tumor ?,exams and tests
How to diagnose Tetanus ?,exams and tests
How to diagnose Scalded skin syndrome ?,exams and tests
How to diagnose Anophthalmia plus syndrome ?,exams and tests
How to diagnose Hairy cell leukemia ?,exams and tests
How to diagnose Adult Hodgkin Lymphoma ?,exams and tests
How to diagnose Urine Blockage in Newborns ?,exams and tests
How to diagnose Ulcerative colitis ?,exams and tests
How to diagnose Meningitis - staphylococcal ?,exams and tests
How to diagnose Prothrombin thrombophilia ?,exams and tests
How to diagnose Craniotabes ?,exams and tests
How to diagnose Hypothalamic tumor ?,exams and tests
How to diagnose Hemophagocytic lymphohistiocytosis ?,exams and tests
How to diagnose Chromosome 4q deletion ?,exams and tests
How to diagnose Familial hypercholesterolemia ?,exams and tests
How to diagnose Mittelschmerz ?,exams and tests
How to diagnose Pseudotumor cerebri ?,exams and tests
How to diagnose Tension headache ?,exams and tests
How to diagnose Folate-deficiency anemia ?,exams and tests
How to diagnose Meningitis - pneumococcal ?,exams and tests
How to diagnose Seborrheic dermatitis ?,exams and tests
How to diagnose Henoch-Schnlein Purpura ?,exams and tests
How to diagnose Heart failure - tests ?,exams and tests
How to diagnose Mastoiditis ?,exams and tests
How to diagnose Noonan syndrome ?,exams and tests
How to diagnose GM1 gangliosidosis ?,exams and tests
How to diagnose Skin Cancer ?,exams and tests
How to diagnose Microhydranencephaly ?,exams and tests
How to diagnose Multifocal atrial tachycardia ?,exams and tests
How to diagnose Epidermolysis bullosa ?,exams and tests
How to diagnose Tracheomalacia - acquired ?,exams and tests
How to diagnose Pityriasis alba ?,exams and tests
How to diagnose Stereotypic movement disorder ?,exams and tests
How to diagnose Parathyroid cancer ?,exams and tests
How to diagnose Acne ?,exams and tests
How to diagnose Ebstein anomaly ?,exams and tests
How to diagnose Wolfram syndrome ?,exams and tests
How to diagnose Kaposi Sarcoma ?,exams and tests
How to diagnose Malignant hyperthermia ?,exams and tests
How to diagnose Delirium tremens ?,exams and tests
How to diagnose TARP syndrome ?,exams and tests
How to diagnose Abscess ?,exams and tests
How to diagnose Parasites - Taeniasis ?,exams and tests
How to diagnose Klinefelter syndrome ?,exams and tests
How to diagnose Celiac Disease ?,exams and tests
How to diagnose Ruptured eardrum ?,exams and tests
How to diagnose Gonococcal arthritis ?,exams and tests
How to diagnose 2009 H1N1 Flu ?,exams and tests
How to diagnose Cancer - vulva ?,exams and tests
How to diagnose Parasites - Scabies ?,exams and tests
How to diagnose Rumination disorder ?,exams and tests
How to diagnose Alzheimer's Caregiving ?,exams and tests
How to diagnose Familial combined hyperlipidemia ?,exams and tests
How to diagnose Premenstrual dysphoric disorder ?,exams and tests
How to diagnose Reactive arthritis ?,exams and tests
How to diagnose Scheie syndrome ?,exams and tests
How to diagnose Intellectual disability ?,exams and tests
How to diagnose Urinary Incontinence in Men ?,exams and tests
How to diagnose Cushing's Syndrome ?,exams and tests
How to diagnose Croup ?,exams and tests
How to diagnose Complex regional pain syndrome ?,exams and tests
How to diagnose Fibroadenoma - breast ?,exams and tests
How to diagnose Diskitis ?,exams and tests
How to diagnose Transient tic disorder ?,exams and tests
How to diagnose Transposition of the great vessels ?,exams and tests
How to diagnose Osteochondritis dissecans ?,exams and tests
How to diagnose Testicular failure ?,exams and tests
How to diagnose Klinefelter syndrome ?,exams and tests
How to diagnose Pars planitis ?,exams and tests
How to diagnose Angelman syndrome ?,exams and tests
How to diagnose Problems with Taste ?,exams and tests
How to diagnose Froelich syndrome ?,exams and tests
How to diagnose Panic disorder ?,exams and tests
How to diagnose Prostate Enlargement: Benign Prostatic Hyperplasia ?,exams and tests
How to diagnose Salivary gland tumors ?,exams and tests
How to diagnose Gestational Trophoblastic Disease ?,exams and tests
How to diagnose Celiac artery compression syndrome ?,exams and tests
How to diagnose Eisenmenger syndrome ?,exams and tests
How to diagnose Hepatic vein obstruction (Budd-Chiari) ?,exams and tests
How to diagnose Proctitis ?,exams and tests
How to diagnose Gallbladder Cancer ?,exams and tests
How to diagnose Wernicke-Korsakoff syndrome ?,exams and tests
How to diagnose Kyphosis ?,exams and tests
How to diagnose Warts ?,exams and tests
How to diagnose Yellow fever ?,exams and tests
How to diagnose Alzheimer's Disease ?,exams and tests
How to diagnose Familial hypertrophic cardiomyopathy ?,exams and tests
How to diagnose Restrictive cardiomyopathy ?,exams and tests
How to diagnose Cramp-fasciculation syndrome ?,exams and tests
How to diagnose Sheehan syndrome ?,exams and tests
How to diagnose Neuropathy secondary to drugs ?,exams and tests
How to diagnose Cardiogenic shock ?,exams and tests
How to diagnose Vesicoureteral Reflux ?,exams and tests
How to diagnose Best vitelliform macular dystrophy ?,exams and tests
How to diagnose Factor X deficiency ?,exams and tests
How to diagnose Schizotypal personality disorder ?,exams and tests
How to diagnose Hepatocerebral degeneration ?,exams and tests
How to diagnose Hospital-acquired pneumonia ?,exams and tests
How to diagnose Neonatal respiratory distress syndrome ?,exams and tests
How to diagnose Thoracic outlet syndrome ?,exams and tests
How to diagnose Parathyroid hyperplasia ?,exams and tests
How to diagnose Nipple discharge ?,exams and tests
How to diagnose Camurati-Engelmann disease ?,exams and tests
How to diagnose Cardiac tamponade ?,exams and tests
How to diagnose Craniopharyngioma ?,exams and tests
How to diagnose Nevoid basal cell carcinoma syndrome ?,exams and tests
How to diagnose Klebsiella infection ?,exams and tests
How to diagnose Adult Primary Liver Cancer ?,exams and tests
How to diagnose Herniated disk ?,exams and tests
How to diagnose Carpal tunnel syndrome ?,exams and tests
How to diagnose Hailey-Hailey disease ?,exams and tests
How to diagnose 17q23.1q23.2 microdeletion syndrome ?,exams and tests
How to diagnose Developmental disorders of the female reproductive tract ?,exams and tests
How to diagnose Syphilis - primary ?,exams and tests
How to diagnose Malnutrition ?,exams and tests
How to diagnose Hypotension ?,exams and tests
How to diagnose Reflux nephropathy ?,exams and tests
How to diagnose Folliculitis ?,exams and tests
How to diagnose Alcoholic ketoacidosis ?,exams and tests
How to diagnose Acute myelogenous leukemia (AML) - children ?,exams and tests
How to diagnose Hyperthyroidism ?,exams and tests
How to diagnose Hematuria (Blood in the Urine) ?,exams and tests
How to diagnose Disseminated peritoneal leiomyomatosis ?,exams and tests
How to diagnose Autoimmune disorders ?,exams and tests
How to diagnose Cirrhosis ?,exams and tests
How to diagnose Molluscum contagiosum ?,exams and tests
How to diagnose Severe combined immunodeficiency ?,exams and tests
How to diagnose Infant botulism ?,exams and tests
How to diagnose Hypothyroidism ?,exams and tests
How to diagnose Imperforate anus ?,exams and tests
How to diagnose Aquagenic pruritus ?,exams and tests
How to diagnose Metastatic brain tumor ?,exams and tests
How to diagnose Sciatica ?,exams and tests
How to diagnose Pericarditis - constrictive ?,exams and tests
How to diagnose Unstable angina ?,exams and tests
How to diagnose Idiopathic thrombocytopenic purpura (ITP) ?,exams and tests
How to diagnose Adult Soft Tissue Sarcoma ?,exams and tests
How to diagnose Heart Failure ?,exams and tests
How to diagnose Cataract - adult ?,exams and tests
How to diagnose Ovarian hyperstimulation syndrome ?,exams and tests
How to diagnose Heart Murmur ?,exams and tests
How to diagnose Tetra-amelia syndrome ?,exams and tests
How to diagnose Drug-induced pulmonary disease ?,exams and tests
How to diagnose Blastomycosis ?,exams and tests
How to diagnose What I need to know about My Child's Urinary Tract Infection ?,exams and tests
How to diagnose Spinocerebellar ataxia 2 ?,exams and tests
How to diagnose Borderline personality disorder ?,exams and tests
How to diagnose Parasites - Trichuriasis (also known as Whipworm Infection) ?,exams and tests
How to diagnose Varicose veins and venous insufficiency ?,exams and tests
How to diagnose Osteoporosis - overview ?,exams and tests
How to diagnose Serotonin syndrome ?,exams and tests
How to diagnose Hypoparathyroidism ?,exams and tests
How to diagnose Proximal symphalangism ?,exams and tests
How to diagnose Vaginal bleeding - hormonal ?,exams and tests
How to diagnose Aortic stenosis ?,exams and tests
How to diagnose Hypopituitarism ?,exams and tests
How to diagnose Post-streptococcal glomerulonephritis (GN) ?,exams and tests
How to diagnose Progeria ?,exams and tests
How to diagnose Head lice ?,exams and tests
How to diagnose Tracheitis ?,exams and tests
How to diagnose Adrenoleukodystrophy ?,exams and tests
How to diagnose Parasites - Hookworm ?,exams and tests
How to diagnose Hydatidiform mole ?,exams and tests
How to diagnose Alcohol withdrawal ?,exams and tests
How to diagnose Aspiration pneumonia ?,exams and tests
How to diagnose Secondary amenorrhea ?,exams and tests
How to diagnose Aceruloplasminemia ?,exams and tests
How to diagnose Frozen shoulder ?,exams and tests
How to diagnose Measles ?,exams and tests
How to diagnose Menopause ?,exams and tests
How to diagnose Chediak-Higashi syndrome ?,exams and tests
How to diagnose Mnire disease ?,exams and tests
"How to diagnose Periodic fever, aphthous stomatitis, pharyngitis and adenitis ?",exams and tests
How to diagnose Acute intermittent porphyria ?,exams and tests
How to diagnose Biliary Atresia ?,exams and tests
How to diagnose Schwartz Jampel syndrome type 1 ?,exams and tests
How to diagnose Medullary carcinoma of thyroid ?,exams and tests
How to diagnose Osteoarthritis ?,exams and tests
How to diagnose Costochondritis ?,exams and tests
How to diagnose Geniospasm ?,exams and tests
How to diagnose Abdominal aortic aneurysm ?,exams and tests
How to diagnose Chronic kidney disease ?,exams and tests
How to diagnose Cholangitis ?,exams and tests
How to diagnose Multiple endocrine neoplasia (MEN) I ?,exams and tests
How to diagnose Trachoma ?,exams and tests
How to diagnose Small Intestine Cancer ?,exams and tests
How to diagnose Temporal arteritis ?,exams and tests
How to diagnose Vaginal cysts ?,exams and tests
How to diagnose Hereditary ovalocytosis ?,exams and tests
How to diagnose Managing latex allergies at home ?,exams and tests
How to diagnose Episcleritis ?,exams and tests
How to diagnose Birthmarks - pigmented ?,exams and tests
"How to diagnose Parasites - Lice - Pubic ""Crab"" Lice ?",exams and tests
How to diagnose Prostate Cancer ?,exams and tests
How to diagnose SCOT deficiency ?,exams and tests
How to diagnose Obesity in children ?,exams and tests
How to diagnose Aortic dissection ?,exams and tests
How to diagnose Subacute combined degeneration ?,exams and tests
How to diagnose Lactic acidosis ?,exams and tests
How to diagnose Sickle cell anemia ?,exams and tests
How to diagnose Rhinophyma ?,exams and tests
How to diagnose Epidural abscess ?,exams and tests
How to diagnose Gum (Periodontal) Disease ?,exams and tests
How to diagnose Wilson disease ?,exams and tests
How to diagnose Low blood sugar ?,exams and tests
How to diagnose Hyperglycemia - infants ?,exams and tests
How to diagnose Familial Mediterranean fever ?,exams and tests
How to diagnose Concussion ?,exams and tests
How to diagnose Hydrocephalus due to congenital stenosis of aqueduct of sylvius ?,exams and tests
How to diagnose Kidney Dysplasia ?,exams and tests
How to diagnose Thyroid storm ?,exams and tests
How to diagnose Conduct disorder ?,exams and tests
How to diagnose Fecal impaction ?,exams and tests
How to diagnose Tennis elbow ?,exams and tests
How to diagnose Meckel's diverticulum ?,exams and tests
How to diagnose Cocaine withdrawal ?,exams and tests
How to diagnose Diabetic Heart Disease ?,exams and tests
How to diagnose Jock itch ?,exams and tests
How to diagnose High Blood Pressure ?,exams and tests
How to diagnose Childhood Astrocytomas ?,exams and tests
How to diagnose Hepatic hemangioma ?,exams and tests
How to diagnose Male pattern baldness ?,exams and tests
How to diagnose Reifenstein syndrome ?,exams and tests
How to diagnose Mitral Valve Prolapse ?,exams and tests
How to diagnose Lymphogranuloma venereum ?,exams and tests
How to diagnose Broken Heart Syndrome ?,exams and tests
How to diagnose 47 XXX syndrome ?,exams and tests
How to diagnose Parasites - Fascioliasis (Fasciola Infection) ?,exams and tests
How to diagnose Autosomal dominant nocturnal frontal lobe epilepsy ?,exams and tests
How to diagnose Selective mutism ?,exams and tests
How to diagnose Retinoblastoma ?,exams and tests
How to diagnose Pityriasis lichenoides chronica ?,exams and tests
How to diagnose Blind loop syndrome ?,exams and tests
How to diagnose Q fever ?,exams and tests
How to diagnose Keratoconus ?,exams and tests
How to diagnose Autoimmune atrophic gastritis ?,exams and tests
How to diagnose Canker sore ?,exams and tests
How to diagnose Neonatal hypothyroidism ?,exams and tests
How to diagnose Graves' Disease ?,exams and tests
How to diagnose Tietze syndrome ?,exams and tests
How to diagnose Syphilitic aseptic meningitis ?,exams and tests
How to diagnose Immunodeficiency disorders ?,exams and tests
How to diagnose Goiter - simple ?,exams and tests
How to diagnose Herpangina ?,exams and tests
How to diagnose Fragile X syndrome ?,exams and tests
How to diagnose Frontal fibrosing alopecia ?,exams and tests
How to diagnose Somatic symptom disorder ?,exams and tests
How to diagnose Reactive attachment disorder of infancy or early childhood ?,exams and tests
How to diagnose Problems with Smell ?,exams and tests
How to diagnose Nearsightedness ?,exams and tests
How to diagnose Vitiligo ?,exams and tests
How to diagnose Eosinophilic fasciitis ?,exams and tests
How to diagnose Ectopic Cushing syndrome ?,exams and tests
How to diagnose Ramsay Hunt syndrome ?,exams and tests
How to diagnose Renal nutcracker syndrome ?,exams and tests
How to diagnose Short Bowel Syndrome ?,exams and tests
How to diagnose Hereditary elliptocytosis ?,exams and tests
How to diagnose Group B streptococcal septicemia of the newborn ?,exams and tests
How to diagnose Uterine fibroids ?,exams and tests
How to diagnose Hydrocarbon pneumonia ?,exams and tests
How to diagnose Hypervitaminosis A ?,exams and tests
How to diagnose Bezoar ?,exams and tests
How to diagnose Meningococcemia ?,exams and tests
How to diagnose Rickettsial pox ?,exams and tests
How to diagnose Diastasis recti ?,exams and tests
How to diagnose Childhood Brain and Spinal Cord Tumors ?,exams and tests
How to diagnose Melanoma ?,exams and tests
How to diagnose Urinary Tract Infection In Adults ?,exams and tests
"How to diagnose Ehlers-Danlos syndrome, vascular type ?",exams and tests
How to diagnose Alzheimer's Disease ?,exams and tests
How to diagnose Colitis ?,exams and tests
How to diagnose Rheumatic fever ?,exams and tests
How to diagnose Anorexia nervosa ?,exams and tests
How to diagnose Male Breast Cancer ?,exams and tests
How to diagnose Breast Cancer ?,exams and tests
How to diagnose Mononeuropathy ?,exams and tests
How to diagnose Cerebral palsy ?,exams and tests
How to diagnose Testicular cancer ?,exams and tests
How to diagnose Heart failure - tests ?,exams and tests
How to diagnose Duchenne muscular dystrophy ?,exams and tests
How to diagnose Intraventricular hemorrhage of the newborn ?,exams and tests
How to diagnose Multiple sclerosis ?,exams and tests
How to diagnose Acanthamoeba - Granulomatous Amebic Encephalitis (GAE); Keratitis ?,exams and tests
How to diagnose Solitary pulmonary nodule ?,exams and tests
How to diagnose Cystitis - noninfectious ?,exams and tests
How to diagnose Listeriosis ?,exams and tests
How to diagnose Spasmus nutans ?,exams and tests
How to diagnose Osteomyelitis ?,exams and tests
How to diagnose High blood pressure and eye disease ?,exams and tests
How to diagnose Achondrogenesis ?,exams and tests
How to diagnose Erythrasma ?,exams and tests
how is rabies diagnosed?,exams and tests
How to diagnose Esophageal spasm ?,exams and tests
How to diagnose COACH syndrome ?,exams and tests
How to diagnose Urinary Incontinence ?,exams and tests
How to diagnose Sporotrichosis ?,exams and tests
How to diagnose Lemierre syndrome ?,exams and tests
How to diagnose Acute kidney failure ?,exams and tests
How to diagnose IgA Nephropathy ?,exams and tests
How to diagnose Schizophrenia ?,exams and tests
How to diagnose Parasites - Babesiosis ?,exams and tests
How to diagnose Rickets ?,exams and tests
How to diagnose Myasthenia gravis ?,exams and tests
How to diagnose Xanthoma ?,exams and tests
How to diagnose Blount disease ?,exams and tests
How to diagnose Acidosis ?,exams and tests
How to diagnose Myocardial contusion ?,exams and tests
How to diagnose Thrombocytopenia ?,exams and tests
How to diagnose Kidney Stones in Adults ?,exams and tests
How to diagnose Glossitis ?,exams and tests
How to diagnose What I need to know about Hirschsprung Disease ?,exams and tests
How to diagnose Hemorrhoids ?,exams and tests
How to diagnose Facioscapulohumeral muscular dystrophy ?,exams and tests
How to diagnose Achalasia ?,exams and tests
How to diagnose Amniotic constriction bands ?,exams and tests
How to diagnose Endometritis ?,exams and tests
How to diagnose Colon Cancer ?,exams and tests
How to diagnose Stargardt disease ?,exams and tests
How to diagnose Primary Hyperparathyroidism ?,exams and tests
How to diagnose Polycystic kidney disease ?,exams and tests
How to diagnose Acute lymphoblastic leukemia (ALL) ?,exams and tests
How to diagnose Parasites - Enterobiasis (also known as Pinworm Infection) ?,exams and tests
How to diagnose Pigmented villonodular synovitis ?,exams and tests
How to diagnose Congenital spherocytic anemia ?,exams and tests
How to diagnose Psoriasis - guttate ?,exams and tests
How to diagnose Alcohol use disorder ?,exams and tests
How to diagnose Double outlet right ventricle ?,exams and tests
How to diagnose Tinea versicolor ?,exams and tests
How to diagnose Coronary Heart Disease ?,exams and tests
How to diagnose Empyema ?,exams and tests
How to diagnose Plasma Cell Neoplasms (Including Multiple Myeloma) ?,exams and tests
How to diagnose Intraocular (Uveal) Melanoma ?,exams and tests
How to diagnose Newborn jaundice ?,exams and tests
How to diagnose Corneal ulcers and infections ?,exams and tests
How to diagnose McCune-Albright syndrome ?,exams and tests
How to diagnose Glossopharyngeal neuralgia ?,exams and tests
How to diagnose Hemolytic Uremic Syndrome in Children ?,exams and tests
How to diagnose Klippel-Trenaunay syndrome ?,exams and tests
How to diagnose High blood pressure - infants ?,exams and tests
How to diagnose Acute cholecystitis ?,exams and tests
How to diagnose Kidney Disease of Diabetes ?,exams and tests
How to diagnose Necrotizing vasculitis ?,exams and tests
How to diagnose Peripheral Arterial Disease (P.A.D.) ?,exams and tests
How to diagnose Cancer - renal pelvis or ureter ?,exams and tests
How to diagnose Neurodegeneration with brain iron accumulation (NBIA) ?,exams and tests
How to diagnose Entropion ?,exams and tests
How to diagnose Collapsed lung (pneumothorax) ?,exams and tests
How to diagnose Progressive supranuclear palsy ?,exams and tests
How to diagnose Brody myopathy ?,exams and tests
How to diagnose Hypothyroidism ?,exams and tests
How to diagnose Arterial embolism ?,exams and tests
How to diagnose Bowlegs ?,exams and tests
How to diagnose Achondroplasia ?,exams and tests
How to diagnose Esophagitis - infectious ?,exams and tests
How to diagnose Silicosis ?,exams and tests
How to diagnose Corns and calluses ?,exams and tests
How to diagnose Narcolepsy ?,exams and tests
How to diagnose Paraphimosis ?,exams and tests
How to diagnose Hypercalcemia ?,exams and tests
How to diagnose Diabetes and eye disease ?,exams and tests
How to diagnose Laryngitis ?,exams and tests
How to diagnose 21-hydroxylase deficiency ?,exams and tests
How to diagnose Type 2 diabetes ?,exams and tests
How to diagnose Pseudohypoparathyroidism ?,exams and tests
How to diagnose Syringomyelia ?,exams and tests
How to diagnose Cohen syndrome ?,exams and tests
How to diagnose Fungal nail infection ?,exams and tests
How to diagnose Secondary systemic amyloidosis ?,exams and tests
How to diagnose Ataxia - telangiectasia ?,exams and tests
How to diagnose Mulibrey Nanism ?,exams and tests
How to diagnose Trisomy 18 ?,exams and tests
How to diagnose Adult soft tissue sarcoma ?,exams and tests
How to diagnose Coal worker's pneumoconiosis ?,exams and tests
How to diagnose Idiopathic hypersomnia ?,exams and tests
How to diagnose Thalassemia ?,exams and tests
How to diagnose Pulmonary valve stenosis ?,exams and tests
How to diagnose Silent thyroiditis ?,exams and tests
How to diagnose Shigellosis ?,exams and tests
How to diagnose Strabismus ?,exams and tests
How to diagnose Cytomegalovirus retinitis ?,exams and tests
How to diagnose Diabetic Kidney Disease ?,exams and tests
How to diagnose Dehydration ?,exams and tests
How to diagnose High Blood Cholesterol ?,exams and tests
How to diagnose Urethral Cancer ?,exams and tests
How to diagnose Holt-Oram syndrome ?,exams and tests
How to diagnose Postpartum depression ?,exams and tests
How to diagnose Sepsis ?,exams and tests
How to diagnose Parasites - Baylisascaris infection ?,exams and tests
How to diagnose Pleurisy and Other Pleural Disorders ?,exams and tests
How to diagnose Gastritis ?,exams and tests
How to diagnose Anemia in Chronic Kidney Disease ?,exams and tests
How to diagnose What I need to know about Hepatitis B ?,exams and tests
How to diagnose Pituitary tumor ?,exams and tests
How to diagnose Disseminated Intravascular Coagulation ?,exams and tests
How to diagnose Ureterocele ?,exams and tests
How to diagnose Chinese restaurant syndrome ?,exams and tests
Do you have information about Supernumerary nipples,information
What is (are) Familial combined hyperlipidemia ?,information
What is (are) Alagille syndrome ?,information
What is (are) Kidney Failure: Eat Right to Feel Right on Hemodialysis ?,information
What is (are) Leg pain ?,information
What is (are) Migraine - resources ?,information
What is (are) idiopathic inflammatory myopathy ?,information
Do you have information about Water Pollution,information
What is (are) Orthostatic Hypotension ?,information
What is (are) Baller-Gerold syndrome ?,information
What is (are) Renal vein thrombosis ?,information
What is (are) Retinal artery occlusion ?,information
Do you have information about Fine needle aspiration of the thyroid,information
What is (are) Pulmonary hypertension - at home ?,information
What is (are) Heart Block ?,information
What is (are) Epilepsy - children - discharge ?,information
What is (are) acute promyelocytic leukemia ?,information
What is (are) Obesity ?,information
What is (are) Septo-Optic Dysplasia ?,information
Do you have information about Alveolar abnormalities,information
What is (are) Double inlet left ventricle ?,information
What is (are) Diabetes insipidus ?,information
"What is (are) Craniometaphyseal dysplasia, autosomal dominant ?",information
What is (are) Friedreich's Ataxia ?,information
What is (are) Baylisascaris infection ?,information
What is (are) Divorce ?,information
What is (are) Branchiootorenal syndrome ?,information
What is (are) Microcephalic osteodysplastic primordial dwarfism type 1 ?,information
What is (are) Hypopituitarism ?,information
What is (are) Michelin tire baby syndrome ?,information
What is (are) Cerebellar Hypoplasia ?,information
What is (are) Congenital chloride diarrhea ?,information
What is (are) Broken Heart Syndrome ?,information
Do you have information about Pulmonary angiography,information
What is (are) Gingivostomatitis ?,information
What is (are) Dowling-Degos disease ?,information
What is (are) Pineocytoma ?,information
What is (are) Vohwinkel syndrome ?,information
Do you have information about Choroid,information
Do you have information about Cyanoacrylates,information
What is (are) Dementia ?,information
What is (are) Hiatal Hernia ?,information
What is (are) Choroideremia ?,information
What is (are) Birdshot chorioretinopathy ?,information
Do you have information about Fire safety at home,information
Do you have information about Lumbar spine CT scan,information
What is Thiamine (Vitamin B1) ?,information
What is (are) Adult soft tissue sarcoma ?,information
What is (are) Frontotemporal Dementia ?,information
Do you have information about Assistive Devices,information
Do you have information about Your child's first vaccines,information
What is (are) Jet lag prevention ?,information
What is (are) Urinary Incontinence in Men ?,information
Do you have information about Ostomy,information
What is (are) Cleft lip and palate repair ?,information
What is (are) Familial progressive cardiac conduction defect ?,information
What is (are) Illness anxiety disorder ?,information
Do you have information about Esophagectomy - minimally invasive,information
What is Stevia ?,information
What is (are) High Blood Pressure ?,information
What is (are) Epiglottitis ?,information
Do you have information about Eye Wear,information
Do you have information about Postpartum Care,information
What is (are) Alpha-thalassemia ?,information
What is (are) ulcerative colitis ?,information
What is (are) Dry Mouth ?,information
What is (are) Fryns syndrome ?,information
What is (are) Transient ischemic attack ?,information
What is (are) Respiratory acidosis ?,information
Do you have information about Palliative Care,information
Do you have information about Scrotal ultrasound,information
Do you have information about Pancreas Transplantation,information
What is (are) Diabetic Retinopathy ?,information
What is (are) Asthma - what to ask the doctor - adult ?,information
What is (are) fumarase deficiency ?,information
What is (are) Solitary Kidney ?,information
Do you have information about RSV antibody test,information
Do you have information about Knee arthroscopy - discharge,information
What is (are) Down syndrome ?,information
What is (are) Sarcoidosis ?,information
What is (are) Ellis-van Creveld syndrome ?,information
What is (are) supravalvular aortic stenosis ?,information
Do you have information about Adrenergic bronchodilator overdose,information
What is (are) AIDS-Related Lymphoma ?,information
What is (are) Chronic inflammatory demyelinating polyneuropathy ?,information
what are marine toxins?,information
What is (are) Hypogonadism ?,information
What is (are) Pulmonary Hypertension ?,information
What is (are) Dermatomyositis ?,information
"What is (are) Allergies, asthma, and pollen ?",information
What is (are) Alzheimer's Caregiving ?,information
What is (are) sudden infant death with dysgenesis of the testes syndrome ?,information
What is (are) Asymptomatic HIV infection ?,information
Do you have information about Help prevent hospital errors,information
What is (are) Kennedy's Disease ?,information
What is (are) Hearing or speech impairment - resources ?,information
What is (are) Breast enlargement in males ?,information
What is (are) Diarrhea - what to ask your health care provider - adult ?,information
What is (are) retinoblastoma ?,information
What is (are) Stroke ?,information
What is (are) Meralgia Paresthetica ?,information
What is (are) Mollaret meningitis ?,information
What is (are) Cramp-fasciculation syndrome ?,information
What is (are) Spondylocostal dysostosis 1 ?,information
What is (are) Promethazine overdose ?,information
What is (are) Foreign body in the nose ?,information
What is (are) Legg-Calve-Perthes disease ?,information
What is (are) Pheochromocytoma ?,information
What is (are) Interstitial Lung Diseases ?,information
Do you have information about Bili lights,information
What is (are) Fraser syndrome ?,information
What is (are) Lambert-Eaton syndrome ?,information
Do you have information about Rotator cuff exercises,information
Do you have information about Dietary Proteins,information
Do you have information about Learn about gluten-free diets,information
Do you have information about Physical medicine and rehabilitation,information
Do you have information about Diskectomy,information
What is (are) Memory ?,information
What is (are) Alcoholism - resources ?,information
What is (are) Aicardi-Goutieres syndrome type 5 ?,information
What is (are) Pica ?,information
What is (are) Myelodysplastic/ Myeloproliferative Neoplasms ?,information
What is (are) Wolman disease ?,information
What is (are) High Blood Pressure ?,information
Do you have information about General anesthesia,information
What is (are) Sneddon syndrome ?,information
What is (are) Hyperthyroidism ?,information
What is (are) familial lipoprotein lipase deficiency ?,information
What is (are) Pudendal Neuralgia ?,information
Do you have information about Stereotactic radiosurgery - Gamma Knife,information
What is (are) Meckel syndrome ?,information
What is (are) Hartnup disease ?,information
What is (are) familial dilated cardiomyopathy ?,information
What is (are) Parasites - Baylisascaris infection ?,information
What is (are) Diverticulitis ?,information
Do you have information about Esophageal culture,information
What is (are) trimethylaminuria ?,information
Do you have information about Brown recluse spider,information
What is (are) recurrent hydatidiform mole ?,information
What is (are) Dubin-Johnson syndrome ?,information
What is (are) Hemochromatosis ?,information
What is (are) Gram stain of urethral discharge ?,information
What is (are) Creatinine clearance test ?,information
What is (are) Low Vision ?,information
What is (are) Bicuspid aortic valve ?,information
Do you have information about Aspartic acid,information
What is (are) Cronkhite-Canada disease ?,information
Do you have information about Alternative medicine - pain relief,information
What is (are) Noonan syndrome 6 ?,information
What is (are) Drugs that may cause impotence ?,information
What is (are) Syphilitic aseptic meningitis ?,information
What is (are) short QT syndrome ?,information
What is (are) Heel pain and Achilles tendonitis - aftercare ?,information
Do you have information about Enzyme,information
What is (are) ornithine transcarbamylase deficiency ?,information
Do you have information about Colonoscopy,information
What is (are) FOXG1 syndrome ?,information
What is (are) spinocerebellar ataxia type 3 ?,information
Do you have information about Nail abnormalities,information
Do you have information about Rural Health Concerns,information
What is (are) spinal and bulbar muscular atrophy ?,information
What is (are) Pupil - white spots ?,information
What is (are) Embryonal carcinoma ?,information
Do you have information about Peritoneal fluid culture,information
Do you have information about Portacaval shunting,information
What is (are) Sacroiliac joint pain - aftercare ?,information
What is (are) Fukuyama congenital muscular dystrophy ?,information
Do you have information about Bile culture,information
What is (are) West Nile virus ?,information
What is (are) Chronic Bronchitis ?,information
What is (are) multiple endocrine neoplasia ?,information
Do you have information about Cochlear Implants,information
Do you have information about Bloodborne pathogens,information
What is (are) Tremor ?,information
"What is (are) Ehlers-Danlos syndrome, kyphoscoliosis type ?",information
What is (are) HTLV-1 associated myelopathy/tropical spastic paraparesis ?,information
What is (are) Nausea and vomiting - adults ?,information
Do you have information about Medication Errors,information
What is (are) Familial lipoprotein lipase deficiency ?,information
What is (are) Chronic pancreatitis ?,information
What is (are) 22q11.2 deletion syndrome ?,information
Do you have information about Tarantula spider bite,information
What is (are) Irritable bowel syndrome - aftercare ?,information
What is (are) Early infantile epileptic encephalopathy 4 ?,information
What is (are) Monkeypox Virus Infections ?,information
What is (are) Eyelid Disorders ?,information
What is (are) Pyruvate dehydrogenase deficiency ?,information
Do you have information about Face powder poisoning,information
What is (are) Bruxism ?,information
What is (are) GRACILE syndrome ?,information
What is (are) Wounds and Injuries ?,information
Do you have information about Gestational age,information
What is (are) Coping with cancer - hair loss ?,information
What is (are) Lighter fluid poisoning ?,information
What is (are) fragile X-associated tremor/ataxia syndrome ?,information
What is (are) Dehydration ?,information
What is (are) Takayasu arteritis ?,information
What is (are) Syphilis ?,information
What is (are) Balanitis ?,information
What is (are) Spina bifida - resources ?,information
What is (are) Alpha-1 antitrypsin test ?,information
What is (are) Congenital toxoplasmosis ?,information
What is (are) Allergy shots ?,information
What is (are) mucopolysaccharidosis type VII ?,information
What is (are) Breast Cancer ?,information
What is (are) Folliculitis ?,information
What is (are) Uterine Diseases ?,information
"What is (are) methemoglobinemia, beta-globin type ?",information
Do you have information about Mitral valve surgery - minimally invasive,information
Do you have information about Taking antacids,information
What is (are) Gum (Periodontal) Disease ?,information
What is (are) Bipolar Disorder ?,information
What is (are) Primary amyloidosis ?,information
What is (are) Scales ?,information
What is (are) Bell's palsy ?,information
What is (are) Acoustic trauma ?,information
Do you have information about Vertical sleeve gastrectomy,information
What is (are) Kluver Bucy syndrome ?,information
Do you have information about Cholesterol - what to ask your doctor,information
What is (are) Peripheral artery disease of the legs - self-care ?,information
What is (are) Monogenic Forms of Diabetes: Neonatal Diabetes Mellitus and Maturity-onset Diabetes of the Young ?,information
What is (are) Intraductal papilloma ?,information
What is (are) Familial hyperinsulinism ?,information
Do you have information about Tonsillectomy,information
What is (are) ADCY5-related dyskinesia ?,information
What is (are) Bladder Diseases ?,information
What is (are) Hypersensitivity vasculitis ?,information
What is (are) Phobias ?,information
What is (are) Aortic Aneurysm ?,information
What is (are) Bladder exstrophy repair ?,information
What is (are) Malabsorption ?,information
Do you have information about Serum globulin electrophoresis,information
Do you have information about Cloning,information
What is (are) Botulism ?,information
What is (are) Cushing disease ?,information
What is (are) Hydrocephalus ?,information
What is (are) hereditary diffuse gastric cancer ?,information
Do you have information about ACE blood test,information
Do you have information about Prostate brachytherapy - discharge,information
Do you have information about Diet - clear liquid,information
What is (are) Vulvar Disorders ?,information
What is (are) Kidney Stones in Children ?,information
What is (are) Mammogram - calcifications ?,information
What is Vitamin K ?,information
Do you have information about RBC count,information
Do you have information about Ophthalmoscopy,information
What is (are) Hyperelastic skin ?,information
What is (are) Hookworm infection ?,information
What is (are) Adrenal Gland Disorders ?,information
What is (are) Small for gestational age (SGA) ?,information
Do you have information about Orthopedic services,information
What is (are) Supporting your child with weight loss ?,information
Do you have information about Ear tube insertion,information
What is (are) Glomerular Diseases ?,information
What is (are) Mycetoma ?,information
What is (are) Wilms Tumor ?,information
Do you have information about Fires,information
What is (are) Hypertryptophanemia ?,information
What is (are) renal tubular acidosis with deafness ?,information
What is (are) Meningitis - meningococcal ?,information
Do you have information about Quantitative nephelometry,information
Do you have information about CT scan,information
Do you have information about Bacitracin zinc overdose,information
What is (are) Costello syndrome ?,information
Do you have information about Transurethral resection of the prostate - discharge,information
What is (are) Primary CNS Lymphoma ?,information
What is (are) Kidney Stones in Children ?,information
What is (are) Weight loss and alcohol ?,information
What is (are) Toxoplasmosis ?,information
Do you have information about Fetal echocardiography,information
What is (are) High Blood Cholesterol ?,information
What is (are) familial idiopathic basal ganglia calcification ?,information
What is (are) Hemolysis ?,information
What is (are) Leukemia ?,information
What is (are) Depression ?,information
What is (are) Diabetic Neuropathies: The Nerve Damage of Diabetes ?,information
Do you have information about Chronic,information
What is (are) 22q11.2 duplication ?,information
What is (are) Vacuum-assisted delivery ?,information
Do you have information about Peripheral,information
What is (are) Dominant optic atrophy ?,information
What is (are) Am I at Risk for Type 2 Diabetes? Taking Steps to Lower Your Risk of Getting Diabetes ?,information
"What is (are) Polyglucosan body disease, adult ?",information
Do you have information about Women and sexual problems,information
What is (are) Hypoplastic right heart syndrome ?,information
What is (are) systemic scleroderma ?,information
What is (are) Pretibial epidermolysis bullosa ?,information
What is (are) Ureteral Disorders ?,information
What is (are) Premenstrual Syndrome ?,information
What is (are) Polycystic kidney disease ?,information
What is (are) Patent urachus repair ?,information
What is (are) Ear Disorders ?,information
What is (are) Ectopic Kidney ?,information
What is (are) Uterine sarcoma ?,information
What is (are) Monomelic Amyotrophy ?,information
What is (are) fibrochondrogenesis ?,information
What is (are) Swallowing Disorders ?,information
What is (are) Lower esophageal ring ?,information
What is (are) achromatopsia ?,information
What is (are) Esophageal spasm ?,information
What is (are) Claw hand ?,information
What is (are) Menkes syndrome ?,information
What is (are) Adhesions ?,information
What is (are) Euglobulin lysis time ?,information
What is (are) Alagille Syndrome ?,information
Do you have information about Feeding patterns and diet - babies and infants,information
What is (are) Pinkeye ?,information
What is (are) deafness-dystonia-optic neuronopathy syndrome ?,information
What is (are) North American Indian childhood cirrhosis ?,information
What is (are) Gaucher disease ?,information
What is (are) Renpenning syndrome ?,information
What is (are) Down syndrome ?,information
Do you have information about Buccal smear,information
Do you have information about Hysterectomy,information
What is (are) Hereditary multiple osteochondromas ?,information
What is (are) Langerhans cell histiocytosis ?,information
What is (are) D-bifunctional protein deficiency ?,information
What is (are) HIV/AIDS and Pregnancy ?,information
What is (are) Toxic synovitis ?,information
What is (are) Neuroblastoma ?,information
What is (are) frontotemporal dementia with parkinsonism-17 ?,information
What is (are) Tinea corporis ?,information
What is (are) Endocarditis ?,information
Do you have information about Oculoplastic procedures,information
What is (are) Farber lipogranulomatosis ?,information
What is (are) Familial hemiplegic migraine type 1 ?,information
What is (are) multiple mitochondrial dysfunctions syndrome ?,information
What is (are) Prostate cancer ?,information
What is (are) Hermansky-Pudlak syndrome ?,information
What is (are)  ?,information
Do you have information about Cerebral spinal fluid (CSF) collection,information
What is (are) Infertility ?,information
What is (are) GM3 synthase deficiency ?,information
Do you have information about Doppler ultrasound exam of an arm or leg,information
Do you have information about Contac overdose,information
What is (are) Centronuclear myopathy ?,information
What is (are) Dihydropteridine reductase deficiency ?,information
What is (are) Allergic rhinitis - what to ask your doctor - adult ?,information
What is (are) Brief psychotic disorder ?,information
Do you have information about Calorie count - Alcoholic beverages,information
What is (are) Insecticide poisoning ?,information
What is (are) Eales disease ?,information
Do you have information about Pneumococcal conjugate vaccine (PCV13) - What you need to know,information
What is (are) Cornelia de Lange syndrome ?,information
What is (are) Autoimmune Diseases ?,information
Do you have information about Adoption,information
Do you have information about Bone marrow transplant - discharge,information
What is (are) COACH syndrome ?,information
What is (are) Travelers diarrhea diet ?,information
What is (are) Skin care and incontinence ?,information
What is (are) Factor XIII deficiency ?,information
What is (are) Bacterial vaginosis - aftercare ?,information
What is (are) congenital central hypoventilation syndrome ?,information
What is (are) Allan-Herndon-Dudley syndrome ?,information
What is (are) Dry Mouth ?,information
What is (are) Jaundice ?,information
What is (are) Overview of Kidney Disease in Children ?,information
What is (are) pyruvate carboxylase deficiency ?,information
What is (are) spinocerebellar ataxia type 36 ?,information
Do you have information about Vacation health care,information
What is (are) Parasites - Loiasis ?,information
What is (are) hereditary neuropathy with liability to pressure palsies ?,information
What is (are) Periventricular leukomalacia ?,information
What is (are) Inclusion body myopathy 2 ?,information
What is (are) SUNCT Headache ?,information
What is (are) congenital insensitivity to pain with anhidrosis ?,information
What is (are) Scalded skin syndrome ?,information
What is (are) Chills ?,information
Do you have information about Developmental milestones record - 5 years,information
What is (are) Bilateral perisylvian polymicrogyria ?,information
What is (are) Huntington disease ?,information
What is American ginseng ?,information
What is (are) Leukemia - resources ?,information
What is (are) Proteus syndrome ?,information
What is (are) Eye burning - itching and discharge ?,information
What is (are) Chronic Pain ?,information
Do you have information about First Aid,information
What is (are) Listeriosis ?,information
Do you have information about Movement - uncontrollable,information
What is (are) Parkinson's Disease ?,information
Do you have information about Crutches and children - standing and walking,information
What is (are) myofibrillar myopathy ?,information
Do you have information about Growth hormone stimulation test,information
What is (are) Ventricular septal defect ?,information
What is (are) 1p36 deletion syndrome ?,information
What is (are) Animal Bites ?,information
What is (are) Swallowing problems ?,information
What is (are) Sturge-Weber syndrome ?,information
What is (are) Apert syndrome ?,information
Do you have information about Day to day with COPD,information
What is (are) Vaginal bleeding between periods ?,information
What is (are) Malaria ?,information
Do you have information about Handling sharps and needles,information
What is (are) Disseminated superficial actinic porokeratosis ?,information
What is (are) Hepatitis A ?,information
What is (are) familial restrictive cardiomyopathy ?,information
What is (are) Osteoarthritis ?,information
What is (are) Hormone therapy for breast cancer ?,information
What is (are) Frontal fibrosing alopecia ?,information
What is (are) How childhood cancers are different from adult cancers ?,information
Do you have information about Mouth and neck radiation - discharge,information
Do you have information about Bence-Jones protein - quantitative,information
What is (are) Autonomic neuropathy ?,information
What is (are) rapid-onset dystonia parkinsonism ?,information
What is (are) Simpson-Golabi-Behmel syndrome ?,information
What is (are) Plummer-Vinson syndrome ?,information
What is (are) Medicare and Continuing Care ?,information
Do you have information about Working with a personal trainer,information
What is (are) Cervical dysplasia ?,information
What is (are) Compression fractures of the back ?,information
What is (are) congenital adrenal hyperplasia due to 11-beta-hydroxylase deficiency ?,information
Do you have information about Neck dissection,information
What is (are) Medullary cystic kidney disease ?,information
Do you have information about Right heart ventriculography,information
What is (are) mucolipidosis III alpha/beta ?,information
What is (are) Ohtahara Syndrome ?,information
Do you have information about Cholesterol,information
What is (are) Hepatic ischemia ?,information
What is (are) Long term complications of diabetes ?,information
What is (are) Oculopharyngeal muscular dystrophy ?,information
Do you have information about Peripheral artery bypass - leg,information
What is (are) Spasmus nutans ?,information
Do you have information about Urinalysis,information
What is (are) Miller syndrome ?,information
What is (are) Cleft palate - resources ?,information
What is (are) What I need to know about Hepatitis C ?,information
What is (are) Indigestion ?,information
Do you have information about Triglycerides,information
What is (are) Tetanus ?,information
What is (are) Cranial mononeuropathy III - diabetic type ?,information
What is (are) High Blood Cholesterol ?,information
What is (are) E. Coli Infections ?,information
What is (are) Leydig cell tumor ?,information
Do you have information about Chest x-ray,information
"What is (are) 47, XYY syndrome ?",information
What is (are) Make peak flow a habit! ?,information
What is (are) X-linked congenital stationary night blindness ?,information
What is (are) congenital sucrase-isomaltase deficiency ?,information
What is (are) thiopurine S-methyltransferase deficiency ?,information
What is (are) Acne ?,information
What is (are) Beare-Stevenson cutis gyrata syndrome ?,information
Do you have information about Tar remover poisoning,information
Do you have information about Pregnancy ultrasound,information
"What is Influenza Vaccine, Inactivated or Recombinant ?",information
Do you have information about Cancer Alternative Therapies,information
What is (are) Hemoglobin derivatives ?,information
What is (are) Marinesco-Sjgren syndrome ?,information
What is (are) Duane syndrome type 3 ?,information
Do you have information about Watercolor paints - swallowing,information
Do you have information about Abdominal aortic aneurysm repair - open - discharge,information
What is (are) X-linked congenital stationary night blindness ?,information
What is (are) Aspirin and heart disease ?,information
What is (are) Intussusception - children ?,information
What is (are) Pectus excavatum repair ?,information
What is (are) Muscle twitching ?,information
Do you have information about Varicose and other vein problems - self-care,information
What is (are) Diabetes - keeping active ?,information
Do you have information about Prenatal care in your second trimester,information
What is (are) Hypoventilation ?,information
What is (are) Visceral larva migrans ?,information
What is Yerba Mate ?,information
What is (are) giant congenital melanocytic nevus ?,information
Do you have information about Developmental milestones record - 2 years,information
What is (are) Spondylocarpotarsal synostosis syndrome ?,information
What is (are) Crigler-Najjar syndrome ?,information
Do you have information about The night before your surgery,information
What is (are) Strabismus ?,information
What is (are) Pseudomembranous colitis ?,information
What is (are) Hereditary fructose intolerance ?,information
Do you have information about Short bones,information
What is (are) Giant axonal neuropathy ?,information
What is (are) Hemangioma ?,information
What is (are) Microscopic Colitis: Collagenous Colitis and Lymphocytic Colitis ?,information
What is (are) Sports Injuries ?,information
What is (are) prothrombin deficiency ?,information
What is (are) Diet - chronic kidney disease ?,information
What is Hepatitis A Vaccine ?,information
Do you have information about Vegetarian diet,information
What is (are) Bleeding ?,information
Do you have information about Doctor of medicine profession (MD),information
What is (are) Tay-Sachs Disease ?,information
What is (are) Achalasia ?,information
What is (are) phosphoglycerate kinase deficiency ?,information
What is (are) dopamine beta-hydroxylase deficiency ?,information
Do you have information about Fecal smear,information
Do you have information about Vitamin A,information
Do you have information about Portion size,information
Do you have information about CEA blood test,information
What is (are) Eye Movement Disorders ?,information
Do you have information about Chapped hands,information
What is (are) hand-foot-genital syndrome ?,information
What is (are) Epilepsy - overview ?,information
What is (are) Chromosome 2q deletion ?,information
What is (are) Attention Deficit Hyperactivity Disorder ?,information
What is (are) Dihydropyrimidine dehydrogenase deficiency ?,information
Do you have information about Abdomen - swollen,information
What is (are) Smoking and Youth ?,information
What is (are) Creatinine ?,information
What is (are) nemaline myopathy ?,information
What is (are) Shingles vaccine - what you need to know ?,information
What is (are) Benign schwannoma ?,information
Do you have information about Facts about trans fats,information
What is (are) Fish tapeworm infection ?,information
What is (are) Low Blood Pressure ?,information
What is (are) Bunion removal ?,information
What is (are) Intestinal Obstruction ?,information
What is (are) mucopolysaccharidosis type II ?,information
Do you have information about Mucopolysaccharides,information
What is (are) Posterior fossa tumor ?,information
What is (are) Adolescent idiopathic scoliosis ?,information
Do you have information about Breast radiation - discharge,information
What is Lactobacillus ?,information
What is (are) Thalassemia ?,information
What is (are) Alzheimer's Disease ?,information
What is (are) Prosthetic joint infection ?,information
What is (are) Thrombotic Thrombocytopenic Purpura ?,information
Do you have information about Leaving the hospital - your discharge plan,information
Do you have information about Thoracic spine x-ray,information
What is (are) Myoclonic epilepsy with ragged red fibers ?,information
What is (are) boomerang dysplasia ?,information
Do you have information about Time outs,information
What is (are) Aortopulmonary window ?,information
What is (are) Pyle disease ?,information
Do you have information about Apolipoprotein CII,information
Do you have information about Cochlear implant,information
What is (are) Astigmatism ?,information
What is (are) Morphine overdose ?,information
What is (are) Huntington's Disease ?,information
Do you have information about Hyperbaric oxygen therapy,information
What is (are) How to stop smoking: Dealing with a slip up ?,information
What is (are) What I need to know about Gestational Diabetes ?,information
What is (are) Moyamoya disease ?,information
What is (are) Absence of Tibia ?,information
What is (are) Aicardi-Goutieres syndrome type 2 ?,information
What is (are) 3-Hydroxyisobutyric aciduria ?,information
What is (are) Drug-induced hypoglycemia ?,information
What is (are) After Surgery ?,information
What is (are) Foodborne Illnesses ?,information
What is (are) tibial muscular dystrophy ?,information
What is (are) Renal papillary necrosis ?,information
What is (are) Colds and the flu - what to ask your doctor - child ?,information
What is (are) ALG1-congenital disorder of glycosylation ?,information
"What is (are) TK2-related mitochondrial DNA depletion syndrome, myopathic form ?",information
What is (are) Birthmarks ?,information
What is (are) Heterochromia ?,information
What is (are) Carotid Artery Disease ?,information
What is (are) Ankle replacement ?,information
What is (are) Neuralgia ?,information
What is (are) Agenesis of the Corpus Callosum ?,information
Do you have information about Winter Weather Emergencies,information
What is (are) junctional epidermolysis bullosa ?,information
What is (are) Walker-Warburg syndrome ?,information
What is (are) Trigeminal Neuralgia ?,information
Do you have information about Thyroid gland removal,information
What is (are) Hunter syndrome ?,information
Do you have information about Bloody or tarry stools,information
What is (are) Actinic keratosis ?,information
What is (are) spondylothoracic dysostosis ?,information
What is (are) autosomal recessive hyper-IgE syndrome ?,information
What is (are) spastic paraplegia type 7 ?,information
What is (are) Testicle lump ?,information
What is (are) Hypochondroplasia ?,information
What is (are) Lambert-Eaton Myasthenic Syndrome ?,information
What is (are) Keutel syndrome ?,information
What is (are) thanatophoric dysplasia ?,information
What is (are) Twin twin transfusion syndrome ?,information
Do you have information about Ovarian overproduction of androgens,information
Do you have information about The day of your surgery - adult,information
What is (are) Troponin test ?,information
What is (are) Hearing Problems in Children ?,information
What is (are) Hip fracture surgery ?,information
What is (are) Ataxia Telangiectasia ?,information
What is (are) Age-related Macular Degeneration ?,information
What is (are) Staph infections - hospital ?,information
What is (are) Sudden Cardiac Arrest ?,information
What is (are) Piriformis syndrome ?,information
What is (are) Schilling test ?,information
What is Pennyroyal ?,information
What is (are) atelosteogenesis type 3 ?,information
Do you have information about Propyl alcohol,information
What is (are) Retrograde ejaculation ?,information
What is (are) Helping your teen with depression ?,information
What is (are) Cold wave lotion poisoning ?,information
What is (are) Glomus jugulare tumor ?,information
What is (are) Gum (Periodontal) Disease ?,information
What is (are) Zellweger Syndrome ?,information
What is (are) craniofacial microsomia ?,information
Do you have information about Heart pacemaker - discharge,information
What is (are) Limbic encephalitis ?,information
Do you have information about Piperonyl butoxide with pyrethrins poisoning,information
Do you have information about Surgical wound care - closed,information
Do you have information about Shoulder replacement - discharge,information
What is (are) Congenital heart defect - corrective surgery ?,information
What is (are) pseudocholinesterase deficiency ?,information
Do you have information about Femur fracture repair - discharge,information
What is (are) transthyretin amyloidosis ?,information
What is (are) Anastomosis ?,information
What is (are) Essential tremor ?,information
What is (are) Wildervanck syndrome ?,information
Do you have information about How to use an inhaler - with spacer,information
What is (are) Dermal eccrine cylindroma ?,information
What is (are) Parasites - Schistosomiasis ?,information
Do you have information about Gram stain of tissue biopsy,information
What is (are) Meningitis ?,information
What is (are) Breathing difficulty - lying down ?,information
What is (are) Fanconi anemia ?,information
Do you have information about Endotracheal intubation,information
What is (are) Viral pneumonia ?,information
What is (are) Subacute cerebellar degeneration ?,information
What is (are) Alzheimer disease ?,information
Do you have information about Blood Transfusion and Donation,information
What is (are) benign familial neonatal seizures ?,information
Do you have information about Pantothenic acid and biotin,information
Do you have information about Movement - uncontrolled or slow,information
What is (are) Salivary gland infections ?,information
What is (are) Transposition of the great arteries ?,information
What is (are) epidermolysis bullosa simplex ?,information
Do you have information about Islet Cell Transplantation,information
What is (are) microvillus inclusion disease ?,information
What is (are) Treatment Methods for Kidney Failure: Peritoneal Dialysis ?,information
What is (are) Ulcerative proctitis ?,information
Do you have information about Breast skin and nipple changes,information
Do you have information about Crutches and children - stairs,information
What is (are) Androgen insensitivity syndrome ?,information
Do you have information about Fishhook removal,information
Do you have information about Ventricular assist device,information
What is (are) Maffucci syndrome ?,information
Do you have information about Sutures - separated,information
What is (are) tetrasomy 18p ?,information
Do you have information about Medial,information
What is (are) Primary hyperparathyroidism ?,information
What is (are) Pinched Nerve ?,information
What is (are) CHOPS syndrome ?,information
What is (are) Thyrotoxic periodic paralysis ?,information
What is (are) Muscular Dystrophy ?,information
What is (are) C1q deficiency ?,information
What is (are) Back Injuries ?,information
What is (are) Mitochondrial Myopathy ?,information
What is (are) Traveling with breathing problems ?,information
What is (are) Constipation ?,information
What is (are) Burns ?,information
What is (are) Smoking and COPD ?,information
What is (are) Suicide ?,information
What is (are) High Blood Cholesterol ?,information
What is (are) Heart Attack ?,information
What is (are) Dentinogenesis imperfecta ?,information
What is (are) Orofaciodigital syndrome 2 ?,information
What is (are) Hereditary spherocytosis ?,information
What is (are) Neuroleptic Malignant Syndrome ?,information
What is (are) Factor X deficiency ?,information
What is (are) Childhood Acute Lymphoblastic Leukemia ?,information
What is (are) Pelvic Pain ?,information
What is (are) Secondary systemic amyloidosis ?,information
What is (are) Mucoepidermoid carcinoma ?,information
What is (are) Foot sprain - aftercare ?,information
What is (are) Non-A-E hepatitis ?,information
Do you have information about Veterans and Military Health,information
What is (are) primary sclerosing cholangitis ?,information
What is (are) Hepatocerebral degeneration ?,information
Do you have information about Endoscopic ultrasound,information
What is (are) megalencephaly-capillary malformation syndrome ?,information
Do you have information about How to take statins,information
What is (are) nonsyndromic aplasia cutis congenita ?,information
What is (are) Posterior cruciate ligament (PCL) injury - aftercare ?,information
Do you have information about Healthy Aging,information
What is (are) Plague ?,information
What is (are) Making everyday tasks easier - arthritis ?,information
What is (are) Celiac disease - nutritional considerations ?,information
What is (are) Osteoporosis - overview ?,information
What is (are) episodic ataxia ?,information
What is (are) Multiple pterygium syndrome lethal type ?,information
What is (are) Earlobe creases ?,information
What is (are) After vaginal delivery - in the hospital ?,information
What is (are) Lymphocytic colitis ?,information
Do you have information about Time out,information
What is (are) Multiple System Atrophy ?,information
What is (are) Lipoic acid synthetase deficiency ?,information
Do you have information about Para-aminobenzoic acid,information
What is (are) Ingrown toenail ?,information
What is (are) Balance Problems ?,information
What is (are) Absence seizure ?,information
What is (are) Epididymitis ?,information
Do you have information about Bowel Movement,information
What is (are) Achilles tendinitis ?,information
Do you have information about Loss of a child - resources,information
What is Human Papillomavirus (HPV) Vaccine (Gardasil) ?,information
What is Oats ?,information
What is (are) Fibrolamellar carcinoma ?,information
Do you have information about Laser Eye Surgery,information
What is (are) fucosidosis ?,information
Do you have information about Endoscope,information
What is (are) Schizoid personality disorder ?,information
What is (are) Cataract ?,information
Do you have information about Medicines and Children,information
Do you have information about Exercise and immunity,information
What is (are) Stools - pale or clay-colored ?,information
What is (are) Developmental dysphasia familial ?,information
"What is (are) Crigler Najjar syndrome, type 1 ?",information
What is (are) Coronary artery fistula ?,information
Do you have information about Pulling a patient up in bed,information
What is (are) Idiopathic pulmonary fibrosis ?,information
What is (are) Charcot-Marie-Tooth disease type 2F ?,information
What is (are) Cone-rod dystrophy ?,information
What is (are) Achilles tendon rupture - aftercare ?,information
What is (are) Skin abscess ?,information
Do you have information about Carbohydrates,information
What is (are) DHEA-sulfate test ?,information
What is (are) spastic paraplegia type 11 ?,information
Do you have information about Mesenteric angiography,information
Do you have information about Hydrocele repair,information
What is (are) hereditary sensory and autonomic neuropathy type V ?,information
Do you have information about Lead and tap water,information
What is (are) Corns and Calluses ?,information
What is (are) Drooling ?,information
Do you have information about Stomach acid test,information
What is (are) Epithelioid sarcoma ?,information
Do you have information about Webbing of the fingers or toes,information
Do you have information about Patient portals - An online tool for your health,information
What is (are) Nutrition for Early Chronic Kidney Disease in Adults ?,information
What is (are) Questions to ask your doctor before knee replacement ?,information
Do you have information about Bone x-ray,information
What is (are) Retroperitoneal fibrosis ?,information
What is (are) neurohypophyseal diabetes insipidus ?,information
What is (are) Flank pain ?,information
Do you have information about Ulnar nerve dysfunction,information
What is (are) Haemophilus influenzaeType b (Hib) vaccine - what you need to know ?,information
What is (are) Neuroblastoma ?,information
What is (are) Cold agglutinin disease ?,information
Do you have information about Getting your home ready - knee or hip surgery,information
What is (are) Headache ?,information
What is (are) Ear discharge ?,information
What is (are) Trichorrhexis nodosa ?,information
What is (are) Bullous pemphigoid ?,information
What is (are) Opsoclonus Myoclonus ?,information
Do you have information about Dialysis - hemodialysis,information
What is (are) sialidosis ?,information
What is (are) holocarboxylase synthetase deficiency ?,information
What is (are) Gorham's disease ?,information
Do you have information about Allergen,information
What is (are) Angina ?,information
What is (are) Charcot-Marie-Tooth disease ?,information
What is (are) Trichorhinophalangeal syndrome type 1 ?,information
What is (are) AL amyloidosis ?,information
Do you have information about Premature Babies,information
What is (are) Medicare and Continuing Care ?,information
What is (are) Gordon syndrome ?,information
What is (are) Neuromuscular Disorders ?,information
What is (are) familial isolated hyperparathyroidism ?,information
What is (are) Cyanotic heart disease ?,information
What is (are) cerebral autosomal dominant arteriopathy with subcortical infarcts and leukoencephalopathy ?,information
What is (are) Hypoplastic left heart syndrome ?,information
What is (are) Autoimmune disorders ?,information
What is (are) Make time to move ?,information
Do you have information about Bathroom safety - children,information
What is (are) homocystinuria ?,information
What is (are) Retinal Disorders ?,information
What is (are) Renal tubular acidosis with deafness ?,information
What is (are) Andermann syndrome ?,information
What is (are) Temporomandibular ankylosis ?,information
What is (are) anhidrotic ectodermal dysplasia with immune deficiency ?,information
What is (are) Essential Tremor ?,information
What is (are) Immune System and Disorders ?,information
What is (are) Multiple Sclerosis ?,information
Do you have information about Evaluating Health Information,information
What is (are) Ebstein anomaly ?,information
Do you have information about Crutches and children - proper fit and safety tips,information
What is (are) Yeast Infections ?,information
What is (are) Viral Hepatitis: A through E and Beyond ?,information
Do you have information about Intrinsic factor,information
Do you have information about Infant and Newborn Nutrition,information
Do you have information about Lice,information
What is (are) Heart Valve Disease ?,information
What is (are) Tetralogy of Fallot ?,information
What is (are) Chest Pain ?,information
What is (are) Crohn disease - discharge ?,information
What is (are) Thyroid Diseases ?,information
What is (are) Refraction test ?,information
What is (are) factor V deficiency ?,information
What is (are) Diagnosis of Diabetes and Prediabetes ?,information
What is (are) Knee Replacement ?,information
"What is (are) Allergies, asthma, and molds ?",information
What is (are) Antisocial personality disorder ?,information
What is (are) frontometaphyseal dysplasia ?,information
What is (are) Krabbe disease ?,information
What is (are) branchio-oculo-facial syndrome ?,information
What is (are) Gastroparesis ?,information
What is (are) Spinocerebellar ataxia 13 ?,information
What is (are) Dystrophic epidermolysis bullosa ?,information
What is (are) Urination - painful ?,information
What is (are) Croup ?,information
Do you have information about Windshield washer fluid,information
What is (are) Gaucher disease ?,information
What is (are) Lacerations - liquid bandage ?,information
Do you have information about Shoulder MRI scan,information
What is (are) benign essential blepharospasm ?,information
What is (are) Metopic ridge ?,information
What is (are) Oral lichen planus ?,information
What is (are) Endocarditis ?,information
Do you have information about Donath-Landsteiner test,information
What is (are) Sheehan syndrome ?,information
What is (are) Meconium aspiration syndrome ?,information
What is (are) Trichomoniasis ?,information
What is (are) Signs of an asthma attack ?,information
What is (are) MRI and low back pain ?,information
What is (are) Male Breast Cancer ?,information
Do you have information about Iron,information
What is (are) Ulcerative colitis ?,information
What is (are) Teething ?,information
Do you have information about ELISA,information
What is (are) Kidney Disease ?,information
What is (are) Headache ?,information
Do you have information about Coronary Artery Bypass Surgery,information
What is (are) Chromosome 1q41-q42 deletion syndrome ?,information
What is (are) Renal Tubular Acidosis ?,information
What is (are) Ankle pain ?,information
What is (are) otospondylomegaepiphyseal dysplasia ?,information
What is (are) Rabies ?,information
Do you have information about Uvulopalatopharyngoplasty (UPPP),information
What is (are) Insulin Resistance and Prediabetes ?,information
What is (are) Your baby and the flu ?,information
What is (are) Vulvar Cancer ?,information
What is (are) Smoking and the Digestive System ?,information
Do you have information about Hemorrhoid surgery,information
Do you have information about Learn to love exercise,information
What is (are) Horner syndrome ?,information
What is (are) Blood pressure measurement ?,information
Do you have information about NICU staff,information
What is (are) High Blood Cholesterol ?,information
Do you have information about Clopidogrel (Plavix),information
What is (are) Glomerular Diseases ?,information
What is (are) Infectious arthritis ?,information
What is (are) Arm Injuries and Disorders ?,information
What is (are) hypomagnesemia with secondary hypocalcemia ?,information
What is (are) Renal Tubular Acidosis ?,information
What is (are) Eosinophilic fasciitis ?,information
What is (are) Glucose transporter type 1 deficiency syndrome ?,information
What is (are) Nail-patella syndrome ?,information
What is (are) glycogen storage disease type IX ?,information
What is (are) Night terror ?,information
Do you have information about Diabetic Diet,information
What is (are) Polycystic Ovary Syndrome ?,information
Do you have information about Blood sugar test - blood,information
What is (are) Aging spots -- should you be concerned? ?,information
What is (are) Being active after your heart attack ?,information
What is (are) Klippel-Trenaunay syndrome ?,information
What is (are) Keratosis obturans ?,information
What is (are) Hip flexor strain - aftercare ?,information
What is (are) Sotos syndrome ?,information
What is (are) Athlete's Foot ?,information
What is (are) Saethre-Chotzen syndrome ?,information
What is (are) bladder cancer ?,information
What is (are) Spinal fusion ?,information
What is (are) Color blindness ?,information
What is (are) Brain Malformations ?,information
What is (are) Surgery for pancreatic cancer - discharge ?,information
What is (are) Kidney Disease ?,information
What is (are) Kaposi sarcoma ?,information
Do you have information about Germs and Hygiene,information
What is (are) Urinary tract infection - adults ?,information
What is (are) Alstrm syndrome ?,information
What is (are) Tongue problems ?,information
What is (are) Skiers thumb - aftercare ?,information
What is (are) Behr syndrome ?,information
What is (are) Herpes Zoster Oticus ?,information
Do you have information about Acetaminophen dosing for children,information
Do you have information about Pregnancy and travel,information
What is (are) Spinocerebellar ataxia 3 ?,information
What is (are) What I need to know about Kidney Stones ?,information
What is (are) Dementia - behavior and sleep problems ?,information
Do you have information about Amylase - blood,information
What is (are) Alcohol Use and Older Adults ?,information
What is (are) Todd's Paralysis ?,information
What is (are) Meesmann corneal dystrophy ?,information
What is (are) Barraquer-Simons syndrome ?,information
What is (are) Chromosome 6p deletion ?,information
What is (are) Multiple endocrine neoplasia type 1 ?,information
What is (are) Reye syndrome ?,information
"What is (are) distal hereditary motor neuropathy, type V ?",information
what is botulism?,information
What is (are) Itching ?,information
What is (are) Chilaiditi syndrome ?,information
What is (are) Triple A syndrome ?,information
What is (are) Lupus ?,information
What is (are) lamellar ichthyosis ?,information
What is (are) Actinomycosis ?,information
What is (are) Fibrocystic breast disease ?,information
What is (are) Leukemia ?,information
Do you have information about Episiotomy - aftercare,information
Do you have information about Child Care,information
What is (are) pantothenate kinase-associated neurodegeneration ?,information
Do you have information about Exercising on a budget,information
What is (are) Delivery presentations ?,information
What is (are) Axenfeld-Rieger syndrome ?,information
Do you have information about Chloride - urine test,information
Do you have information about Eugenol oil overdose,information
What is (are) Photophobia ?,information
What is (are) Lactic acidosis ?,information
What is (are) Chronic granulomatous disease ?,information
What is (are) Intracranial pressure monitoring ?,information
What is (are) Knee Replacement ?,information
What is (are) Hypermobile joints ?,information
What is (are) Peripheral Arterial Disease (P.A.D.) ?,information
What is (are) Ataxia telangiectasia ?,information
What is (are) distal arthrogryposis type 1 ?,information
Do you have information about COPD and other health problems,information
What is (are) Pelvic inflammatory disease (PID) ?,information
What is (are) Brain Diseases ?,information
What is (are) Juvenile Huntington disease ?,information
Do you have information about Ileostomy - caring for your stoma,information
What is (are) Hemolysis ?,information
Do you have information about Tick removal,information
What is (are) Swimming pool granuloma ?,information
What is (are) Lesch-Nyhan syndrome ?,information
What is (are) Antifreeze poisoning ?,information
What is (are) Chromosome 8q24.3 deletion syndrome ?,information
What is (are) Kuskokwim disease ?,information
Do you have information about Nurse practitioner (NP),information
What is (are) Neurosyphilis ?,information
What is (are) Female Infertility ?,information
Do you have information about Drain opener poisoning,information
Do you have information about Skin blushing/flushing,information
Do you have information about ALP - blood test,information
Do you have information about Nursemaids elbow,information
What is (are) Jaw Injuries and Disorders ?,information
What is (are) autosomal recessive congenital methemoglobinemia ?,information
What is (are) Phenylketonuria ?,information
What is (are) Melnick-Needles syndrome ?,information
What is (are) Neurosarcoidosis ?,information
What is (are) Mittelschmerz ?,information
What is (are) Substance use - inhalants ?,information
What is (are) Cardiogenic shock ?,information
What is (are) Growth hormone test ?,information
Do you have information about Sputum direct fluorescent antibody (DFA),information
What is (are) Rheumatoid Arthritis ?,information
What is (are) Nakajo-Nishimura syndrome ?,information
What is (are) Seasonal affective disorder ?,information
What is (are) Monogenic Forms of Diabetes: Neonatal Diabetes Mellitus and Maturity-onset Diabetes of the Young ?,information
What is (are) Large granular lymphocyte leukemia ?,information
What is Palm Oil ?,information
What is (are) Rhabdomyosarcoma ?,information
What is (are) Alpers' Disease ?,information
Do you have information about Healthy food trends -- flaxseeds,information
What is (are) Epidermolysis bullosa ?,information
What is (are) Bell's Palsy ?,information
What is (are) Autosomal recessive polycystic kidney disease ?,information
What is (are) Parapneumonic pleural effusion ?,information
What is (are) Parkinson's Disease ?,information
What is (are) Gillespie syndrome ?,information
What is (are) 3-M syndrome ?,information
What is (are) Urinary incontinence surgery - female - discharge ?,information
Do you have information about Diclofenac sodium overdose,information
What is (are) primary macronodular adrenal hyperplasia ?,information
What is (are) Gangrene ?,information
What is (are) Tardive dyskinesia ?,information
What is (are) H1N1 influenza (Swine flu) ?,information
What is (are) Farber's disease ?,information
What is (are) Sleep Apnea ?,information
What is (are) Osteogenesis imperfecta type III ?,information
What is (are) Learning about depression ?,information
Do you have information about Hemorrhagic,information
What is (are) Head Injuries ?,information
What is (are) focal dermal hypoplasia ?,information
What is (are) Williams syndrome ?,information
What is (are) Hypotonia ?,information
Do you have information about Foods - fresh vs. frozen or canned,information
What is (are) Timothy syndrome ?,information
What is (are) Hoarseness ?,information
Do you have information about Hazardous materials,information
What is (are) Rickettsial pox ?,information
What is (are) androgenetic alopecia ?,information
What is (are) Pityriasis lichenoides chronica ?,information
What is Human Papillomavirus (HPV) Vaccine (Gardasil-9) ?,information
What is (are) Respiratory syncytial virus (RSV) ?,information
What is (are) Wrist sprain - aftercare ?,information
What is (are) Paroxysmal supraventricular tachycardia (PSVT) ?,information
What is (are) Pulmonary veno-occlusive disease ?,information
What is (are) Endometriosis ?,information
What is (are) Camurati-Engelmann disease ?,information
What is (are) Donnai-Barrow syndrome ?,information
What is (are) Pregnancy and Thyroid Disease ?,information
What is (are) Endometrial stromal sarcoma ?,information
What is (are) alkaptonuria ?,information
Do you have information about Mammography,information
What is (are) Nutrition for Advanced Chronic Kidney Disease in Adults ?,information
What is (are) Rh Incompatibility ?,information
What is (are) Infertility - resources ?,information
Do you have information about Aging changes in hormone production,information
What is (are) Gerstmann-Straussler-Scheinker Disease ?,information
What is (are) Paget disease of bone ?,information
Do you have information about Club Drugs,information
What is (are) Rotor syndrome ?,information
What is (are) Meningioma ?,information
What is (are) Hereditary sensory and autonomic neuropathy ?,information
What is (are) microphthalmia with linear skin defects syndrome ?,information
Do you have information about Candles poisoning,information
What is (are) Developmental Dyspraxia ?,information
What is (are) Carbon baby syndrome ?,information
What is (are) Biopsy - polyps ?,information
Do you have information about Liver Function Tests,information
What is (are) Asymptomatic bacteriuria ?,information
Is Stormorken syndrome inherited ?,inheritance
Is glycogen storage disease type VII inherited ?,inheritance
Is Laron syndrome inherited ?,inheritance
Is Cold urticaria inherited ?,inheritance
Is Kuskokwim syndrome inherited ?,inheritance
Is Holt-Oram syndrome inherited ?,inheritance
Is carnitine palmitoyltransferase I deficiency inherited ?,inheritance
Is Leber hereditary optic neuropathy inherited ?,inheritance
Is Fryns syndrome inherited ?,inheritance
Is 17q23.1q23.2 microdeletion syndrome inherited ?,inheritance
Is Amish lethal microcephaly inherited ?,inheritance
Is Moebius syndrome inherited ?,inheritance
Is Hereditary lymphedema type II inherited ?,inheritance
Is Tietze syndrome inherited ?,inheritance
Is epidermolysis bullosa with pyloric atresia inherited ?,inheritance
Is Glucose transporter type 1 deficiency syndrome inherited ?,inheritance
Is Silver syndrome inherited ?,inheritance
Is primary ciliary dyskinesia inherited ?,inheritance
Is gyrate atrophy of the choroid and retina inherited ?,inheritance
Is ethylmalonic encephalopathy inherited ?,inheritance
Is giant axonal neuropathy inherited ?,inheritance
"Is congenital deafness with labyrinthine aplasia, microtia, and microdontia inherited ?",inheritance
Is juvenile hyaline fibromatosis inherited ?,inheritance
Is Donnai-Barrow syndrome inherited ?,inheritance
Is autosomal recessive hypotrichosis inherited ?,inheritance
Is mycosis fungoides inherited ?,inheritance
Is Multiple epiphyseal dysplasia inherited ?,inheritance
Is Troyer syndrome inherited ?,inheritance
Is methylmalonic acidemia with homocystinuria inherited ?,inheritance
Is desmosterolosis inherited ?,inheritance
Is neonatal onset multisystem inflammatory disease inherited ?,inheritance
Is tetra-amelia syndrome inherited ?,inheritance
Is 3-methylcrotonyl-CoA carboxylase deficiency inherited ?,inheritance
Is Schwartz Jampel syndrome type 1 inherited ?,inheritance
Is factor V Leiden thrombophilia inherited ?,inheritance
Is ulcerative colitis inherited ?,inheritance
Is pyruvate carboxylase deficiency inherited ?,inheritance
Is sensorineural deafness and male infertility inherited ?,inheritance
Is pseudoachondroplasia inherited ?,inheritance
Is Proteus syndrome inherited ?,inheritance
Is task-specific focal dystonia inherited ?,inheritance
Is Jervell and Lange-Nielsen syndrome inherited ?,inheritance
Is spondylothoracic dysostosis inherited ?,inheritance
Is Nephrocalcinosis inherited ?,inheritance
Is Angelman syndrome inherited ?,inheritance
Is Pallister-Killian mosaic syndrome inherited ?,inheritance
Is dyskeratosis congenita inherited ?,inheritance
Is Alstrm syndrome inherited ?,inheritance
Is Tietz syndrome inherited ?,inheritance
Is tibial muscular dystrophy inherited ?,inheritance
Is arginase deficiency inherited ?,inheritance
Is Adenoid cystic carcinoma inherited ?,inheritance
Is Hereditary sensory neuropathy type IE inherited ?,inheritance
Is mitochondrial trifunctional protein deficiency inherited ?,inheritance
Is adiposis dolorosa inherited ?,inheritance
Is Bloom syndrome inherited ?,inheritance
Is Fanconi anemia inherited ?,inheritance
Is vitamin D-dependent rickets inherited ?,inheritance
Is desmoid tumor inherited ?,inheritance
Is adermatoglyphia inherited ?,inheritance
Is Hypokalemic periodic paralysis inherited ?,inheritance
Is MECP2 duplication syndrome inherited ?,inheritance
Is Leber congenital amaurosis inherited ?,inheritance
Is Cherubism inherited ?,inheritance
Is esophageal atresia/tracheoesophageal fistula inherited ?,inheritance
Is adult polyglucosan body disease inherited ?,inheritance
Is aromatase deficiency inherited ?,inheritance
Is Thoracic outlet syndrome inherited ?,inheritance
Is hereditary antithrombin deficiency inherited ?,inheritance
Is Ehlers-Danlos syndrome inherited ?,inheritance
Is bladder cancer inherited ?,inheritance
Is propionic acidemia inherited ?,inheritance
Is Amyotrophic lateral sclerosis inherited ?,inheritance
Is arterial tortuosity syndrome inherited ?,inheritance
Is optic atrophy type 1 inherited ?,inheritance
Is Horner syndrome inherited ?,inheritance
Is common variable immune deficiency inherited ?,inheritance
Is Dextrocardia with situs inversus inherited ?,inheritance
Is 8p11 myeloproliferative syndrome inherited ?,inheritance
Is craniofacial microsomia inherited ?,inheritance
Is Hypophosphatasia inherited ?,inheritance
Is recombinant 8 syndrome inherited ?,inheritance
Is Nonspherocytic hemolytic anemia due to hexokinase deficiency inherited ?,inheritance
Is early-onset glaucoma inherited ?,inheritance
Is progressive pseudorheumatoid dysplasia inherited ?,inheritance
Is Familial isolated hyperparathyroidism inherited ?,inheritance
Is leukocyte adhesion deficiency type 1 inherited ?,inheritance
Is X-linked myotubular myopathy inherited ?,inheritance
Is fragile X-associated tremor/ataxia syndrome inherited ?,inheritance
Is congenital insensitivity to pain inherited ?,inheritance
Is glutaric acidemia type I inherited ?,inheritance
Is chronic granulomatous disease inherited ?,inheritance
Is familial lipoprotein lipase deficiency inherited ?,inheritance
Is Chronic inflammatory demyelinating polyneuropathy inherited ?,inheritance
Is Fatal familial insomnia inherited ?,inheritance
"Is GM2-gangliosidosis, AB variant inherited ?",inheritance
Is dilated cardiomyopathy with ataxia syndrome inherited ?,inheritance
Is Nakajo-Nishimura syndrome inherited ?,inheritance
Is primary carnitine deficiency inherited ?,inheritance
"Is autoimmune polyglandular syndrome, type 1 inherited ?",inheritance
Is WAGR syndrome inherited ?,inheritance
Is aceruloplasminemia inherited ?,inheritance
Is Norrie disease inherited ?,inheritance
Is Danon disease inherited ?,inheritance
Is COG5-congenital disorder of glycosylation inherited ?,inheritance
Is Birt-Hogg-Dub syndrome inherited ?,inheritance
Is 16p11.2 deletion syndrome inherited ?,inheritance
Is Galactosialidosis inherited ?,inheritance
Is Congenital bilateral absence of the vas deferens inherited ?,inheritance
"Is 48,XXYY syndrome inherited ?",inheritance
Is hereditary xanthinuria inherited ?,inheritance
"Is X-linked immunodeficiency with magnesium defect, Epstein-Barr virus infection, and neoplasia inherited ?",inheritance
Is heterotaxy syndrome inherited ?,inheritance
Is Sjgren syndrome inherited ?,inheritance
Is hereditary diffuse gastric cancer inherited ?,inheritance
Is lissencephaly with cerebellar hypoplasia inherited ?,inheritance
Is Sotos syndrome inherited ?,inheritance
Is familial isolated pituitary adenoma inherited ?,inheritance
Is methylmalonic acidemia inherited ?,inheritance
Is Friedreich ataxia inherited ?,inheritance
Is Fuchs endothelial corneal dystrophy inherited ?,inheritance
Is thiamine-responsive megaloblastic anemia syndrome inherited ?,inheritance
Is Smith-Magenis syndrome inherited ?,inheritance
Is retroperitoneal fibrosis inherited ?,inheritance
Is autosomal dominant hypocalcemia inherited ?,inheritance
Is metatropic dysplasia inherited ?,inheritance
Is craniometaphyseal dysplasia inherited ?,inheritance
Is ALG12-congenital disorder of glycosylation inherited ?,inheritance
"Is intrauterine growth restriction, metaphyseal dysplasia, adrenal hypoplasia congenita, and genital anomalies inherited ?",inheritance
Is spondyloepiphyseal dysplasia congenita inherited ?,inheritance
Is congenital bilateral absence of the vas deferens inherited ?,inheritance
Is progressive supranuclear palsy inherited ?,inheritance
Is Wilson disease inherited ?,inheritance
Is Kienbock's disease inherited ?,inheritance
Is deoxyguanosine kinase deficiency inherited ?,inheritance
Is Peutz-Jeghers syndrome inherited ?,inheritance
Is Weaver syndrome inherited ?,inheritance
Is beta-ketothiolase deficiency inherited ?,inheritance
Is Cockayne syndrome inherited ?,inheritance
Is Pfeiffer syndrome inherited ?,inheritance
Is Duane-radial ray syndrome inherited ?,inheritance
Is Duchenne muscular dystrophy inherited ?,inheritance
Is Myhre syndrome inherited ?,inheritance
Is Tay-Sachs disease inherited ?,inheritance
"Is Usher syndrome, type 1E inherited ?",inheritance
Is osteogenesis imperfecta inherited ?,inheritance
Is juvenile idiopathic arthritis inherited ?,inheritance
Is Fryns syndrome inherited ?,inheritance
Is X-linked hyper IgM syndrome inherited ?,inheritance
Is Hutchinson-Gilford progeria syndrome inherited ?,inheritance
Is sialidosis inherited ?,inheritance
Is Myoclonic epilepsy with ragged red fibers inherited ?,inheritance
Is Hemochromatosis inherited ?,inheritance
Is Focal dermal hypoplasia inherited ?,inheritance
Is spinal muscular atrophy with progressive myoclonic epilepsy inherited ?,inheritance
Is Geniospasm inherited ?,inheritance
Is aspartylglucosaminuria inherited ?,inheritance
Is Glioblastoma inherited ?,inheritance
Is hereditary cerebral amyloid angiopathy inherited ?,inheritance
Is globozoospermia inherited ?,inheritance
Is Frontal fibrosing alopecia inherited ?,inheritance
Is Mucopolysaccharidosis type I inherited ?,inheritance
Is Leydig cell hypoplasia inherited ?,inheritance
Is Rotor syndrome inherited ?,inheritance
Is Pseudoachondroplasia inherited ?,inheritance
Is Stargardt disease inherited ?,inheritance
"Is congenital cataracts, facial dysmorphism, and neuropathy inherited ?",inheritance
Is Alport syndrome inherited ?,inheritance
Is supravalvular aortic stenosis inherited ?,inheritance
Is Tangier disease inherited ?,inheritance
Is Cushing's syndrome inherited ?,inheritance
Is glycine encephalopathy inherited ?,inheritance
Is Ochoa syndrome inherited ?,inheritance
Is cystinuria inherited ?,inheritance
Is Pachyonychia congenita inherited ?,inheritance
Is arginine:glycine amidinotransferase deficiency inherited ?,inheritance
Is trichohepatoenteric syndrome inherited ?,inheritance
Is infantile-onset ascending hereditary spastic paralysis inherited ?,inheritance
Is Diabetes mellitus type 1 inherited ?,inheritance
Is Freeman-Sheldon syndrome inherited ?,inheritance
Is Familial exudative vitreoretinopathy inherited ?,inheritance
Is ovarian cancer inherited ?,inheritance
Is PPM-X syndrome inherited ?,inheritance
Is Cant syndrome inherited ?,inheritance
Is congenital contractural arachnodactyly inherited ?,inheritance
Is hypomagnesemia with secondary hypocalcemia inherited ?,inheritance
Is oculocutaneous albinism inherited ?,inheritance
Is benign recurrent intrahepatic cholestasis inherited ?,inheritance
Is Bardet-Biedl syndrome inherited ?,inheritance
Is Laron syndrome inherited ?,inheritance
Is mucopolysaccharidosis type IV inherited ?,inheritance
Is X-linked adrenal hypoplasia congenita inherited ?,inheritance
Is cartilage-hair hypoplasia inherited ?,inheritance
Is Rett syndrome inherited ?,inheritance
Is infantile neuroaxonal dystrophy inherited ?,inheritance
Is Marinesco-Sjgren syndrome inherited ?,inheritance
Is Tay-Sachs disease inherited ?,inheritance
Is Male Breast Cancer inherited ?,inheritance
Is Essential tremor inherited ?,inheritance
Is limb-girdle muscular dystrophy inherited ?,inheritance
Is 22q11.2 deletion syndrome inherited ?,inheritance
Is GM1 gangliosidosis inherited ?,inheritance
Is multiminicore disease inherited ?,inheritance
Is triosephosphate isomerase deficiency inherited ?,inheritance
Is rheumatoid arthritis inherited ?,inheritance
Is familial adenomatous polyposis inherited ?,inheritance
Is 15q13.3 microdeletion inherited ?,inheritance
Is Y chromosome infertility inherited ?,inheritance
Is primary macronodular adrenal hyperplasia inherited ?,inheritance
Is X-linked infantile spasm syndrome inherited ?,inheritance
Is Trisomy 18 inherited ?,inheritance
Is Christianson syndrome inherited ?,inheritance
Is fragile X-associated primary ovarian insufficiency inherited ?,inheritance
Is Crigler-Najjar syndrome inherited ?,inheritance
Is ankyloblepharon-ectodermal defects-cleft lip/palate syndrome inherited ?,inheritance
Is pseudocholinesterase deficiency inherited ?,inheritance
Is isodicentric chromosome 15 syndrome inherited ?,inheritance
Is progressive osseous heteroplasia inherited ?,inheritance
Is isolated ectopia lentis inherited ?,inheritance
Is familial hemophagocytic lymphohistiocytosis inherited ?,inheritance
Is Maternally inherited diabetes and deafness inherited ?,inheritance
Is Pontocerebellar hypoplasia type 1 inherited ?,inheritance
"Is Ehlers-Danlos syndrome, progeroid type inherited ?",inheritance
"Is T-cell immunodeficiency, congenital alopecia, and nail dystrophy inherited ?",inheritance
Is 5q minus syndrome inherited ?,inheritance
Is Mabry syndrome inherited ?,inheritance
Is boomerang dysplasia inherited ?,inheritance
Is Legius syndrome inherited ?,inheritance
Is familial hypobetalipoproteinemia inherited ?,inheritance
Is Brugada syndrome inherited ?,inheritance
Is spastic paraplegia type 7 inherited ?,inheritance
Is Stve-Wiedemann syndrome inherited ?,inheritance
Is Aicardi-Goutieres syndrome inherited ?,inheritance
Is hyperkalemic periodic paralysis inherited ?,inheritance
Is myostatin-related muscle hypertrophy inherited ?,inheritance
Is Abetalipoproteinemia inherited ?,inheritance
Is Leber hereditary optic neuropathy inherited ?,inheritance
Is lymphangioleiomyomatosis inherited ?,inheritance
Is Gaucher disease inherited ?,inheritance
Is von Willebrand disease inherited ?,inheritance
Is Chanarin-Dorfman syndrome inherited ?,inheritance
Is Dominant dystrophic epidermolysis bullosa inherited ?,inheritance
Is hemophilia inherited ?,inheritance
Is Orofaciodigital syndrome 2 inherited ?,inheritance
Is Beckwith-Wiedemann syndrome inherited ?,inheritance
Is glycogen storage disease type III inherited ?,inheritance
Is rippling muscle disease inherited ?,inheritance
Is Clouston syndrome inherited ?,inheritance
Is Weissenbacher-Zweymller syndrome inherited ?,inheritance
Is neurofibromatosis type 1 inherited ?,inheritance
Is Familial Mediterranean fever inherited ?,inheritance
Is Nicolaides-Baraitser syndrome inherited ?,inheritance
Is cytochrome P450 oxidoreductase deficiency inherited ?,inheritance
Is Isobutyryl-CoA dehydrogenase deficiency inherited ?,inheritance
Is X-linked spondyloepiphyseal dysplasia tarda inherited ?,inheritance
Is congenital hyperinsulinism inherited ?,inheritance
Is keratitis-ichthyosis-deafness syndrome inherited ?,inheritance
Is lacrimo-auriculo-dento-digital syndrome inherited ?,inheritance
Is 1p36 deletion syndrome inherited ?,inheritance
Is Carpenter syndrome inherited ?,inheritance
Is Mandibulofacial dysostosis with microcephaly inherited ?,inheritance
Is familial thoracic aortic aneurysm and dissection inherited ?,inheritance
Is Alopecia universalis inherited ?,inheritance
Is Acute intermittent porphyria inherited ?,inheritance
Is Microhydranencephaly inherited ?,inheritance
Is benign familial neonatal seizures inherited ?,inheritance
Is Anencephaly inherited ?,inheritance
Is Multiple endocrine neoplasia type 2A inherited ?,inheritance
Is Marden-Walker syndrome inherited ?,inheritance
Is Klinefelter syndrome inherited ?,inheritance
Is Asperger syndrome inherited ?,inheritance
Is inherited thyroxine-binding globulin deficiency inherited ?,inheritance
Is Norum disease inherited ?,inheritance
Is Spinocerebellar ataxia 2 inherited ?,inheritance
Is Lenz microphthalmia syndrome inherited ?,inheritance
Is 6q24-related transient neonatal diabetes mellitus inherited ?,inheritance
Is Congenital radio-ulnar synostosis inherited ?,inheritance
Is congenital dyserythropoietic anemia inherited ?,inheritance
Is Succinic semialdehyde dehydrogenase deficiency inherited ?,inheritance
Is polymicrogyria inherited ?,inheritance
Is X-linked adrenoleukodystrophy inherited ?,inheritance
Is Alagille syndrome inherited ?,inheritance
Is anhidrotic ectodermal dysplasia with immune deficiency inherited ?,inheritance
Is protein S deficiency inherited ?,inheritance
Is dentinogenesis imperfecta inherited ?,inheritance
Is Roberts syndrome inherited ?,inheritance
Is 3-beta-hydroxysteroid dehydrogenase deficiency inherited ?,inheritance
Is Mitochondrial encephalomyopathy lactic acidosis and stroke-like episodes inherited ?,inheritance
Is isobutyryl-CoA dehydrogenase deficiency inherited ?,inheritance
Is Tubular aggregate myopathy inherited ?,inheritance
Is cystic fibrosis inherited ?,inheritance
Is mucolipidosis II alpha/beta inherited ?,inheritance
Is hereditary sensory neuropathy type IA inherited ?,inheritance
Is Juvenile myoclonic epilepsy inherited ?,inheritance
Is peroxisomal acyl-CoA oxidase deficiency inherited ?,inheritance
Is Romano-Ward syndrome inherited ?,inheritance
Is Coffin-Siris syndrome inherited ?,inheritance
Is Erdheim-Chester disease inherited ?,inheritance
Is Leukoencephalopathy with vanishing white matter inherited ?,inheritance
Is erythrokeratodermia variabilis et progressiva inherited ?,inheritance
Is Tracheobronchopathia osteoplastica inherited ?,inheritance
Is distal arthrogryposis type 1 inherited ?,inheritance
Is Walker-Warburg syndrome inherited ?,inheritance
Is McCune Albright syndrome inherited ?,inheritance
Is retinitis pigmentosa inherited ?,inheritance
Is Cleidocranial dysplasia inherited ?,inheritance
Is alpha thalassemia inherited ?,inheritance
Is Poland syndrome inherited ?,inheritance
Is isolated lissencephaly sequence inherited ?,inheritance
Is X-linked sideroblastic anemia inherited ?,inheritance
Is thrombotic thrombocytopenic purpura inherited ?,inheritance
Is central core disease inherited ?,inheritance
Is Partington syndrome inherited ?,inheritance
Is X-linked juvenile retinoschisis inherited ?,inheritance
Is Bartter syndrome inherited ?,inheritance
Is spastic paraplegia type 2 inherited ?,inheritance
Is juvenile primary lateral sclerosis inherited ?,inheritance
Is Alpha-thalassemia inherited ?,inheritance
Is VLCAD deficiency inherited ?,inheritance
Is autosomal recessive hyper-IgE syndrome inherited ?,inheritance
Is Bjrnstad syndrome inherited ?,inheritance
Is primary sclerosing cholangitis inherited ?,inheritance
Is microcephaly-capillary malformation syndrome inherited ?,inheritance
Is familial glucocorticoid deficiency inherited ?,inheritance
Is histiocytosis-lymphadenopathy plus syndrome inherited ?,inheritance
Is Beta-thalassemia inherited ?,inheritance
"Is Ehlers-Danlos syndrome, dermatosparaxis type inherited ?",inheritance
Is Alpha-thalassemia x-linked intellectual disability syndrome inherited ?,inheritance
Is GRN-related frontotemporal dementia inherited ?,inheritance
Is early-onset primary dystonia inherited ?,inheritance
Is epidermolysis bullosa simplex inherited ?,inheritance
Is Tourette syndrome inherited ?,inheritance
Is restless legs syndrome inherited ?,inheritance
Is succinic semialdehyde dehydrogenase deficiency inherited ?,inheritance
Is Bietti crystalline dystrophy inherited ?,inheritance
Is Li-Fraumeni syndrome inherited ?,inheritance
Is trisomy 18 inherited ?,inheritance
Is familial atrial fibrillation inherited ?,inheritance
Is KBG syndrome inherited ?,inheritance
Is hereditary paraganglioma-pheochromocytoma inherited ?,inheritance
Is GLUT1 deficiency syndrome inherited ?,inheritance
Is fish-eye disease inherited ?,inheritance
Is Chromosome 3p- syndrome inherited ?,inheritance
Is nonsyndromic aplasia cutis congenita inherited ?,inheritance
Is argininosuccinic aciduria inherited ?,inheritance
Is paroxysmal extreme pain disorder inherited ?,inheritance
Is actin-accumulation myopathy inherited ?,inheritance
Is congenital central hypoventilation syndrome inherited ?,inheritance
Is congenital fibrosis of the extraocular muscles inherited ?,inheritance
Is Klinefelter syndrome inherited ?,inheritance
Is horizontal gaze palsy with progressive scoliosis inherited ?,inheritance
Is surfactant dysfunction inherited ?,inheritance
Is Ollier disease inherited ?,inheritance
Is Robinow syndrome inherited ?,inheritance
Is sick sinus syndrome inherited ?,inheritance
Is hand-foot-genital syndrome inherited ?,inheritance
Is DOORS syndrome inherited ?,inheritance
Is McCune-Albright syndrome inherited ?,inheritance
Is myoclonic epilepsy with ragged-red fibers inherited ?,inheritance
Is lattice corneal dystrophy type II inherited ?,inheritance
Is malonyl-CoA decarboxylase deficiency inherited ?,inheritance
Is Mainzer-Saldino syndrome inherited ?,inheritance
Is Congenital central hypoventilation syndrome inherited ?,inheritance
Is Dowling-Degos disease inherited ?,inheritance
Is Autosomal recessive polycystic kidney disease inherited ?,inheritance
Is mucolipidosis type IV inherited ?,inheritance
Is familial HDL deficiency inherited ?,inheritance
Is Camurati-Engelmann disease inherited ?,inheritance
Is multiple mitochondrial dysfunctions syndrome inherited ?,inheritance
Is sialuria inherited ?,inheritance
Is fumarase deficiency inherited ?,inheritance
Is Dubin-Johnson syndrome inherited ?,inheritance
Is congenital generalized lipodystrophy inherited ?,inheritance
Is CHMP2B-related frontotemporal dementia inherited ?,inheritance
Is Kallmann syndrome inherited ?,inheritance
Is tumor necrosis factor receptor-associated periodic syndrome inherited ?,inheritance
Is combined malonic and methylmalonic aciduria inherited ?,inheritance
Is campomelic dysplasia inherited ?,inheritance
Is Liddle syndrome inherited ?,inheritance
Is mitochondrial membrane protein-associated neurodegeneration inherited ?,inheritance
Is MECP2-related severe neonatal encephalopathy inherited ?,inheritance
Is spinocerebellar ataxia type 36 inherited ?,inheritance
Is X-linked congenital stationary night blindness inherited ?,inheritance
Is holocarboxylase synthetase deficiency inherited ?,inheritance
Is adult-onset leukoencephalopathy with axonal spheroids and pigmented glia inherited ?,inheritance
Is Smith-Lemli-Opitz syndrome inherited ?,inheritance
Is vitiligo inherited ?,inheritance
Is pilomatricoma inherited ?,inheritance
Is mucopolysaccharidosis type VII inherited ?,inheritance
Is monilethrix inherited ?,inheritance
Is hereditary leiomyomatosis and renal cell cancer inherited ?,inheritance
Is Crohn disease inherited ?,inheritance
Is hyperparathyroidism-jaw tumor syndrome inherited ?,inheritance
Is potassium-aggravated myotonia inherited ?,inheritance
Is Jejunal atresia inherited ?,inheritance
Is 11-beta-hydroxylase deficiency inherited ?,inheritance
Is Mixed connective tissue disease inherited ?,inheritance
Is inclusion body myopathy 2 inherited ?,inheritance
Is Relapsing polychondritis inherited ?,inheritance
Is microvillus inclusion disease inherited ?,inheritance
Is autosomal recessive axonal neuropathy with neuromyotonia inherited ?,inheritance
Is IRAK-4 deficiency inherited ?,inheritance
Is Peutz-Jeghers syndrome inherited ?,inheritance
Is COL4A1-related brain small-vessel disease inherited ?,inheritance
Is TARP syndrome inherited ?,inheritance
Is X-linked chondrodysplasia punctata 2 inherited ?,inheritance
Is Kawasaki disease inherited ?,inheritance
Is achondrogenesis inherited ?,inheritance
Is hypercholesterolemia inherited ?,inheritance
Is SOX2 anophthalmia syndrome inherited ?,inheritance
Is polycystic lipomembranous osteodysplasia with sclerosing leukoencephalopathy inherited ?,inheritance
Is ALG6-congenital disorder of glycosylation inherited ?,inheritance
Is familial Mediterranean fever inherited ?,inheritance
Is glycogen storage disease type VI inherited ?,inheritance
Is popliteal pterygium syndrome inherited ?,inheritance
Is chronic atrial and intestinal dysrhythmia inherited ?,inheritance
Is inclusion body myopathy with early-onset Paget disease and frontotemporal dementia inherited ?,inheritance
Is 5-alpha reductase deficiency inherited ?,inheritance
Is D-bifunctional protein deficiency inherited ?,inheritance
Is breast cancer inherited ?,inheritance
Is factor X deficiency inherited ?,inheritance
Is autosomal dominant nocturnal frontal lobe epilepsy inherited ?,inheritance
Is Glutaric acidemia type I inherited ?,inheritance
Is 3-hydroxyacyl-CoA dehydrogenase deficiency inherited ?,inheritance
Is Wagner syndrome inherited ?,inheritance
Is ankylosing spondylitis inherited ?,inheritance
Is ADCY5-related dyskinesia inherited ?,inheritance
Is severe congenital neutropenia inherited ?,inheritance
Is Hailey-Hailey disease inherited ?,inheritance
Is PMM2-congenital disorder of glycosylation inherited ?,inheritance
Is short-chain acyl-CoA dehydrogenase deficiency inherited ?,inheritance
Is SADDAN inherited ?,inheritance
Is Pyle disease inherited ?,inheritance
Is hypokalemic periodic paralysis inherited ?,inheritance
Is osteopetrosis inherited ?,inheritance
Is Gordon syndrome inherited ?,inheritance
"Is 48,XXYY syndrome inherited ?",inheritance
Is giant congenital melanocytic nevus inherited ?,inheritance
Is glycogen storage disease type V inherited ?,inheritance
"Is Usher syndrome, type 2C inherited ?",inheritance
Is Noonan syndrome inherited ?,inheritance
Is Darier disease inherited ?,inheritance
Is autosomal dominant congenital stationary night blindness inherited ?,inheritance
Is congenital myasthenic syndrome inherited ?,inheritance
Is Adiposis dolorosa inherited ?,inheritance
Is Lafora disease inherited ?,inheritance
Is Aicardi syndrome inherited ?,inheritance
Is DICER1 syndrome inherited ?,inheritance
Is Autoimmune hemolytic anemia inherited ?,inheritance
Is Weill-Marchesani syndrome inherited ?,inheritance
Is Dentatorubral-pallidoluysian atrophy inherited ?,inheritance
Is Lynch syndrome inherited ?,inheritance
"Is 17 alpha-hydroxylase/17,20-lyase deficiency inherited ?",inheritance
Is congenital hepatic fibrosis inherited ?,inheritance
Is Arts syndrome inherited ?,inheritance
Is tarsal-carpal coalition syndrome inherited ?,inheritance
Is alpha thalassemia X-linked intellectual disability syndrome inherited ?,inheritance
Is trimethylaminuria inherited ?,inheritance
Is galactosemia inherited ?,inheritance
Is Proud syndrome inherited ?,inheritance
Is glycogen storage disease type IX inherited ?,inheritance
Is Andermann syndrome inherited ?,inheritance
Is Lujan syndrome inherited ?,inheritance
Is SLC4A1-associated distal renal tubular acidosis inherited ?,inheritance
Is Meige disease inherited ?,inheritance
Is fatty acid hydroxylase-associated neurodegeneration inherited ?,inheritance
Is lactate dehydrogenase deficiency inherited ?,inheritance
Is Huntington disease-like syndrome inherited ?,inheritance
Is Mondini dysplasia inherited ?,inheritance
Is CHST3-related skeletal dysplasia inherited ?,inheritance
Is Canavan disease inherited ?,inheritance
Is chylomicron retention disease inherited ?,inheritance
Is aromatic l-amino acid decarboxylase deficiency inherited ?,inheritance
Is beta-mannosidosis inherited ?,inheritance
Is mandibuloacral dysplasia inherited ?,inheritance
Is glutathione synthetase deficiency inherited ?,inheritance
Is Huntington disease inherited ?,inheritance
Is Spondyloepiphyseal dysplasia congenita inherited ?,inheritance
Is Juvenile retinoschisis inherited ?,inheritance
Is Swyer syndrome inherited ?,inheritance
Is Marfan syndrome inherited ?,inheritance
Is acute promyelocytic leukemia inherited ?,inheritance
Is myoclonus-dystonia inherited ?,inheritance
Is idiopathic inflammatory myopathy inherited ?,inheritance
Is megalencephaly-capillary malformation syndrome inherited ?,inheritance
Is Metachromatic leukodystrophy inherited ?,inheritance
Is Triple A syndrome inherited ?,inheritance
Is Chronic hiccups inherited ?,inheritance
Is achondroplasia inherited ?,inheritance
Is myotonic dystrophy inherited ?,inheritance
"Is multicentric osteolysis, nodulosis, and arthropathy inherited ?",inheritance
Is Chorea-acanthocytosis inherited ?,inheritance
Is pyridoxal 5'-phosphate-dependent epilepsy inherited ?,inheritance
Is Nephrogenic diabetes insipidus inherited ?,inheritance
Is Tourette syndrome inherited ?,inheritance
Is Factor V Leiden thrombophilia inherited ?,inheritance
Is X-linked thrombocytopenia inherited ?,inheritance
Is complete LCAT deficiency inherited ?,inheritance
Is Primary hyperoxaluria type 2 inherited ?,inheritance
Is Down syndrome inherited ?,inheritance
Is Hemifacial microsomia inherited ?,inheritance
Is IBIDS syndrome inherited ?,inheritance
"Is Early-onset, autosomal dominant Alzheimer disease inherited ?",inheritance
Is Ornithine transcarbamylase deficiency inherited ?,inheritance
Is Salih myopathy inherited ?,inheritance
Is spinocerebellar ataxia type 3 inherited ?,inheritance
Is Olivopontocerebellar atrophy inherited ?,inheritance
Is Breast Cancer inherited ?,inheritance
Is type A insulin resistance syndrome inherited ?,inheritance
Is Greig cephalopolysyndactyly syndrome inherited ?,inheritance
Is Medium-chain acyl-coenzyme A dehydrogenase deficiency inherited ?,inheritance
Is ichthyosis with confetti inherited ?,inheritance
Is focal dermal hypoplasia inherited ?,inheritance
Is warfarin sensitivity inherited ?,inheritance
Is Schwannomatosis inherited ?,inheritance
Is neurohypophyseal diabetes insipidus inherited ?,inheritance
Is hereditary sensory and autonomic neuropathy type V inherited ?,inheritance
Is Madelung disease inherited ?,inheritance
Is Kawasaki syndrome inherited ?,inheritance
Is Congenital anosmia inherited ?,inheritance
Is MPV17-related hepatocerebral mitochondrial DNA depletion syndrome inherited ?,inheritance
Is mitochondrial neurogastrointestinal encephalopathy disease inherited ?,inheritance
Is beta-ureidopropionase deficiency inherited ?,inheritance
Is oculopharyngeal muscular dystrophy inherited ?,inheritance
Is Pendred syndrome inherited ?,inheritance
"Is Ohdo syndrome, Say-Barber-Biesecker-Young-Simpson variant inherited ?",inheritance
Is Hereditary diffuse leukoencephalopathy with spheroids inherited ?,inheritance
Is rapid-onset dystonia parkinsonism inherited ?,inheritance
Is Partington syndrome inherited ?,inheritance
Is epidermolytic hyperkeratosis inherited ?,inheritance
Is cap myopathy inherited ?,inheritance
Is hereditary pancreatitis inherited ?,inheritance
Is essential thrombocythemia inherited ?,inheritance
"Is Usher syndrome, type 1C inherited ?",inheritance
Is 3-M syndrome inherited ?,inheritance
Is pantothenate kinase-associated neurodegeneration inherited ?,inheritance
Is cranioectodermal dysplasia inherited ?,inheritance
Is cardiofaciocutaneous syndrome inherited ?,inheritance
Is phosphoglycerate mutase deficiency inherited ?,inheritance
Is X-linked agammaglobulinemia inherited ?,inheritance
Is glycogen storage disease type 0 inherited ?,inheritance
Is North American Indian childhood cirrhosis inherited ?,inheritance
Is Osteogenesis imperfecta type VI inherited ?,inheritance
Is Ehlers-Danlos syndrome inherited ?,inheritance
Is Huntington disease inherited ?,inheritance
Is Congenital myasthenic syndrome inherited ?,inheritance
Is neutral lipid storage disease with myopathy inherited ?,inheritance
Is Langerhans cell histiocytosis inherited ?,inheritance
Is Andersen-Tawil syndrome inherited ?,inheritance
Is Mowat-Wilson syndrome inherited ?,inheritance
Is branchio-oculo-facial syndrome inherited ?,inheritance
Is Pendred syndrome inherited ?,inheritance
Is Wildervanck syndrome inherited ?,inheritance
Is tubular aggregate myopathy inherited ?,inheritance
Is Erythropoietic protoporphyria inherited ?,inheritance
Is Denys-Drash syndrome inherited ?,inheritance
Is centronuclear myopathy inherited ?,inheritance
Is familial exudative vitreoretinopathy inherited ?,inheritance
Is dystrophic epidermolysis bullosa inherited ?,inheritance
Is arrhythmogenic right ventricular cardiomyopathy inherited ?,inheritance
Is septo-optic dysplasia inherited ?,inheritance
"Is 46,XX testicular disorder of sex development inherited ?",inheritance
Is hereditary hemorrhagic telangiectasia inherited ?,inheritance
Is uromodulin-associated kidney disease inherited ?,inheritance
Is Larsen syndrome inherited ?,inheritance
Is Doyne honeycomb retinal dystrophy inherited ?,inheritance
Is RAPADILINO syndrome inherited ?,inheritance
Is Muir-Torre syndrome inherited ?,inheritance
Is CHOPS syndrome inherited ?,inheritance
Is Apert syndrome inherited ?,inheritance
Is atopic dermatitis inherited ?,inheritance
Is Rett syndrome inherited ?,inheritance
Is Denys-Drash syndrome inherited ?,inheritance
Is pyridoxine-dependent epilepsy inherited ?,inheritance
Is Henoch-Schonlein purpura inherited ?,inheritance
Is familial male-limited precocious puberty inherited ?,inheritance
Is hyperphosphatemic familial tumoral calcinosis inherited ?,inheritance
Is enlarged parietal foramina inherited ?,inheritance
Is Wiskott-Aldrich syndrome inherited ?,inheritance
Is cri-du-chat syndrome inherited ?,inheritance
Is Buschke-Ollendorff syndrome inherited ?,inheritance
Is maternally inherited diabetes and deafness inherited ?,inheritance
Is prolidase deficiency inherited ?,inheritance
Is hereditary spherocytosis inherited ?,inheritance
Is Lafora progressive myoclonus epilepsy inherited ?,inheritance
Is persistent Mllerian duct syndrome inherited ?,inheritance
Is microcephalic osteodysplastic primordial dwarfism type II inherited ?,inheritance
Is Alexander disease inherited ?,inheritance
Is Dihydrolipoamide dehydrogenase deficiency inherited ?,inheritance
Is essential tremor inherited ?,inheritance
Is Hepatic encephalopathy inherited ?,inheritance
Is 3MC syndrome inherited ?,inheritance
Is Schinzel-Giedion syndrome inherited ?,inheritance
Is multiple endocrine neoplasia inherited ?,inheritance
Is Protein C deficiency inherited ?,inheritance
Is 21-hydroxylase deficiency inherited ?,inheritance
Is Emery-Dreifuss muscular dystrophy inherited ?,inheritance
Is lung cancer inherited ?,inheritance
Is CHARGE syndrome inherited ?,inheritance
Is tyrosinemia inherited ?,inheritance
Is isovaleric acidemia inherited ?,inheritance
Is Binswanger's disease inherited ?,inheritance
Is spastic paraplegia type 4 inherited ?,inheritance
Is Brachydactyly type B inherited ?,inheritance
Is Costello syndrome inherited ?,inheritance
Is familial pityriasis rubra pilaris inherited ?,inheritance
Is Stargardt macular degeneration inherited ?,inheritance
Is Neonatal progeroid syndrome inherited ?,inheritance
Is Zellweger spectrum disorder inherited ?,inheritance
Is Branchiooculofacial syndrome inherited ?,inheritance
Is Coats plus syndrome inherited ?,inheritance
Is Camurati-Engelmann disease inherited ?,inheritance
Is Moebius syndrome inherited ?,inheritance
Is 1q21.1 microdeletion inherited ?,inheritance
Is juvenile Paget disease inherited ?,inheritance
Is congenital insensitivity to pain with anhidrosis inherited ?,inheritance
Is Mosaic trisomy 9 inherited ?,inheritance
Is Floating-Harbor syndrome inherited ?,inheritance
"Is immune dysregulation, polyendocrinopathy, enteropathy, X-linked syndrome inherited ?",inheritance
Is Usher syndrome inherited ?,inheritance
Is alpha-methylacyl-CoA racemase deficiency inherited ?,inheritance
Is Meckel syndrome inherited ?,inheritance
Is mandibulofacial dysostosis with microcephaly inherited ?,inheritance
Is Neuroblastoma inherited ?,inheritance
Is Medullary cystic kidney disease inherited ?,inheritance
Is pachyonychia congenita inherited ?,inheritance
Is proopiomelanocortin deficiency inherited ?,inheritance
Is pyruvate kinase deficiency inherited ?,inheritance
Is Chediak-Higashi syndrome inherited ?,inheritance
Is Maffucci syndrome inherited ?,inheritance
Is celiac disease inherited ?,inheritance
Is spina bifida inherited ?,inheritance
Is Familial hypercholesterolemia inherited ?,inheritance
Is iron-refractory iron deficiency anemia inherited ?,inheritance
Is thiopurine S-methyltransferase deficiency inherited ?,inheritance
Is cerebral autosomal recessive arteriopathy with subcortical infarcts and leukoencephalopathy inherited ?,inheritance
Is Kearns-Sayre syndrome inherited ?,inheritance
Is collagen VI-related myopathy inherited ?,inheritance
Is myotonia congenita inherited ?,inheritance
Is Fuchs endothelial dystrophy inherited ?,inheritance
Is Abdominal aortic aneurysm inherited ?,inheritance
Is 7q11.23 duplication syndrome inherited ?,inheritance
Is Dihydropyrimidine dehydrogenase deficiency inherited ?,inheritance
Is diastrophic dysplasia inherited ?,inheritance
Is Werner syndrome inherited ?,inheritance
Is Robinow syndrome inherited ?,inheritance
Is Williams syndrome inherited ?,inheritance
Is familial osteochondritis dissecans inherited ?,inheritance
Is chorea-acanthocytosis inherited ?,inheritance
Is mucopolysaccharidosis type III inherited ?,inheritance
Is Pitt-Hopkins syndrome inherited ?,inheritance
Is Poland syndrome inherited ?,inheritance
Is spondyloperipheral dysplasia inherited ?,inheritance
Is Netherton syndrome inherited ?,inheritance
Is Blau syndrome inherited ?,inheritance
Is Renal oncocytoma inherited ?,inheritance
Is microphthalmia with linear skin defects syndrome inherited ?,inheritance
Is familial erythrocytosis inherited ?,inheritance
Is van der Woude syndrome inherited ?,inheritance
"Is Ehlers-Danlos syndrome, kyphoscoliosis type inherited ?",inheritance
Is nonsyndromic hearing loss inherited ?,inheritance
Is cholesteryl ester storage disease inherited ?,inheritance
Is capillary malformation-arteriovenous malformation syndrome inherited ?,inheritance
Is glutaric acidemia type II inherited ?,inheritance
Is Hydrocephalus due to congenital stenosis of aqueduct of sylvius inherited ?,inheritance
Is neuromyelitis optica inherited ?,inheritance
Is Chiari malformation type 2 inherited ?,inheritance
Is familial hyperaldosteronism inherited ?,inheritance
Is Congenital adrenal hyperplasia inherited ?,inheritance
Is Cold agglutinin disease inherited ?,inheritance
Is Pyruvate dehydrogenase deficiency inherited ?,inheritance
Is Pilocytic astrocytoma inherited ?,inheritance
Is isolated Pierre Robin sequence inherited ?,inheritance
Is Timothy syndrome inherited ?,inheritance
Is MYH9-related disorder inherited ?,inheritance
Is thrombocytopenia-absent radius syndrome inherited ?,inheritance
Is hepatic lipase deficiency inherited ?,inheritance
Is cryptogenic cirrhosis inherited ?,inheritance
Is fibrodysplasia ossificans progressiva inherited ?,inheritance
Is Hereditary spherocytosis inherited ?,inheritance
Is 22q13.3 deletion syndrome inherited ?,inheritance
Is Ewing sarcoma inherited ?,inheritance
Is Fraser syndrome inherited ?,inheritance
Is gray platelet syndrome inherited ?,inheritance
Is Stiff person syndrome inherited ?,inheritance
Is familial dilated cardiomyopathy inherited ?,inheritance
Is Meesmann corneal dystrophy inherited ?,inheritance
Is Von Hippel-Lindau disease inherited ?,inheritance
Is corticosteroid-binding globulin deficiency inherited ?,inheritance
Is congenital mirror movement disorder inherited ?,inheritance
Is Gerstmann-Straussler-Scheinker disease inherited ?,inheritance
Is Russell-Silver syndrome inherited ?,inheritance
Is 9q22.3 microdeletion inherited ?,inheritance
Is cytogenetically normal acute myeloid leukemia inherited ?,inheritance
Is Ewing sarcoma inherited ?,inheritance
Is nephronophthisis inherited ?,inheritance
Is amelogenesis imperfecta inherited ?,inheritance
Is dopamine transporter deficiency syndrome inherited ?,inheritance
Is beta thalassemia inherited ?,inheritance
Is Milroy disease inherited ?,inheritance
Is dystonia 6 inherited ?,inheritance
Is Sheldon-Hall syndrome inherited ?,inheritance
Is adenosine deaminase deficiency inherited ?,inheritance
Is anencephaly inherited ?,inheritance
Is Larsen syndrome inherited ?,inheritance
Is Parkinson disease inherited ?,inheritance
Is craniofacial-deafness-hand syndrome inherited ?,inheritance
"Is 47, XYY syndrome inherited ?",inheritance
Is neuroferritinopathy inherited ?,inheritance
Is spondylocarpotarsal synostosis syndrome inherited ?,inheritance
Is 47 XXX syndrome inherited ?,inheritance
Is Warsaw breakage syndrome inherited ?,inheritance
Is Frasier syndrome inherited ?,inheritance
Is spondyloenchondrodysplasia with immune dysregulation inherited ?,inheritance
Is Carnitine-acylcarnitine translocase deficiency inherited ?,inheritance
Is complement factor I deficiency inherited ?,inheritance
Is glucose-galactose malabsorption inherited ?,inheritance
Is Bartter syndrome inherited ?,inheritance
Is Opitz G/BBB syndrome inherited ?,inheritance
Is hereditary neuropathy with liability to pressure palsies inherited ?,inheritance
Is sitosterolemia inherited ?,inheritance
Is Coffin-Lowry syndrome inherited ?,inheritance
Is Turner syndrome inherited ?,inheritance
Is Myhre syndrome inherited ?,inheritance
Is Marfan syndrome inherited ?,inheritance
Is Muckle-Wells syndrome inherited ?,inheritance
Is Brody myopathy inherited ?,inheritance
Is Achondroplasia inherited ?,inheritance
Is core binding factor acute myeloid leukemia inherited ?,inheritance
Is Bowen-Conradi syndrome inherited ?,inheritance
Is hepatic veno-occlusive disease with immunodeficiency inherited ?,inheritance
Is frontonasal dysplasia inherited ?,inheritance
Is X-linked hypophosphatemia inherited ?,inheritance
Is homocystinuria inherited ?,inheritance
Is Paget disease of bone inherited ?,inheritance
Is Renpenning syndrome inherited ?,inheritance
Is primary spontaneous pneumothorax inherited ?,inheritance
Is von Hippel-Lindau syndrome inherited ?,inheritance
Is REN-related kidney disease inherited ?,inheritance
Is multiple system atrophy inherited ?,inheritance
Is Pyruvate carboxylase deficiency inherited ?,inheritance
Is phosphoglycerate kinase deficiency inherited ?,inheritance
Is head and neck squamous cell carcinoma inherited ?,inheritance
Is fragile XE syndrome inherited ?,inheritance
Is Nicolaides-Baraitser syndrome inherited ?,inheritance
Is Prader-Willi syndrome inherited ?,inheritance
Is small fiber neuropathy inherited ?,inheritance
"Is mitochondrial encephalomyopathy, lactic acidosis, and stroke-like episodes inherited ?",inheritance
Is Stevens-Johnson syndrome/toxic epidermal necrolysis inherited ?,inheritance
Is MECP2 duplication syndrome inherited ?,inheritance
Is laryngo-onycho-cutaneous syndrome inherited ?,inheritance
Is Nevoid basal cell carcinoma syndrome inherited ?,inheritance
Is McKusick-Kaufman syndrome inherited ?,inheritance
Is complement component 2 deficiency inherited ?,inheritance
Is renal coloboma syndrome inherited ?,inheritance
Is Tumor necrosis factor receptor-associated periodic syndrome inherited ?,inheritance
Is Manitoba oculotrichoanal syndrome inherited ?,inheritance
Is DMD-associated dilated cardiomyopathy inherited ?,inheritance
Is androgenetic alopecia inherited ?,inheritance
Is Peters plus syndrome inherited ?,inheritance
Is Cowden syndrome inherited ?,inheritance
Is oculodentodigital dysplasia inherited ?,inheritance
Is familial porencephaly inherited ?,inheritance
Is spastic paraplegia type 3A inherited ?,inheritance
Is juvenile polyposis syndrome inherited ?,inheritance
Is systemic lupus erythematosus inherited ?,inheritance
Is Parkes Weber syndrome inherited ?,inheritance
Is 17-beta hydroxysteroid dehydrogenase 3 deficiency inherited ?,inheritance
Is SYNGAP1-related intellectual disability inherited ?,inheritance
Is nonbullous congenital ichthyosiform erythroderma inherited ?,inheritance
Is Ankylosing spondylitis inherited ?,inheritance
Is Uncombable hair syndrome inherited ?,inheritance
Is familial cylindromatosis inherited ?,inheritance
Is congenital afibrinogenemia inherited ?,inheritance
Is Schwartz-Jampel syndrome inherited ?,inheritance
Is pseudohypoaldosteronism type 2 inherited ?,inheritance
Is Caffey disease inherited ?,inheritance
Is carnitine palmitoyltransferase II deficiency inherited ?,inheritance
Is alternating hemiplegia of childhood inherited ?,inheritance
Is fucosidosis inherited ?,inheritance
Is Sjogren syndrome inherited ?,inheritance
Is dentatorubral-pallidoluysian atrophy inherited ?,inheritance
Is benign essential blepharospasm inherited ?,inheritance
Is MEGDEL syndrome inherited ?,inheritance
Is Emanuel syndrome inherited ?,inheritance
Is otopalatodigital syndrome type 1 inherited ?,inheritance
Is atelosteogenesis type 3 inherited ?,inheritance
Is Mitochondrial complex II deficiency inherited ?,inheritance
Is critical congenital heart disease inherited ?,inheritance
Is autoimmune Addison disease inherited ?,inheritance
Is succinyl-CoA:3-ketoacid CoA transferase deficiency inherited ?,inheritance
Is spinocerebellar ataxia type 2 inherited ?,inheritance
Is systemic scleroderma inherited ?,inheritance
Is Empty sella syndrome inherited ?,inheritance
Is cyclic neutropenia inherited ?,inheritance
Is familial hemiplegic migraine inherited ?,inheritance
Is Multiple familial trichoepithelioma inherited ?,inheritance
Is 22q11.2 deletion syndrome inherited ?,inheritance
Is Hashimoto's encephalitis inherited ?,inheritance
Is Tracheobronchomalacia inherited ?,inheritance
Is dopa-responsive dystonia inherited ?,inheritance
Is Thanatophoric dysplasia inherited ?,inheritance
Is Branchiootorenal syndrome inherited ?,inheritance
Is Albright's hereditary osteodystrophy inherited ?,inheritance
Is type 1 diabetes inherited ?,inheritance
Is 2q37 deletion syndrome inherited ?,inheritance
Is congenital sucrase-isomaltase deficiency inherited ?,inheritance
Is Fukuyama congenital muscular dystrophy inherited ?,inheritance
"Is Ohdo syndrome, Maat-Kievit-Brunner type inherited ?",inheritance
Is familial paroxysmal kinesigenic dyskinesia inherited ?,inheritance
Is white sponge nevus inherited ?,inheritance
Is Primary carnitine deficiency inherited ?,inheritance
Is androgen insensitivity syndrome inherited ?,inheritance
Is Saethre-Chotzen syndrome inherited ?,inheritance
Is Gilbert syndrome inherited ?,inheritance
Is Rabson-Mendenhall syndrome inherited ?,inheritance
Is CAV3-related distal myopathy inherited ?,inheritance
Is ZAP70-related severe combined immunodeficiency inherited ?,inheritance
Is Kabuki syndrome inherited ?,inheritance
Is Septo-optic dysplasia inherited ?,inheritance
Is Pol III-related leukodystrophy inherited ?,inheritance
Is psoriatic arthritis inherited ?,inheritance
Is Knobloch syndrome inherited ?,inheritance
Is Brooke-Spiegler syndrome inherited ?,inheritance
Is retinal arterial macroaneurysm with supravalvular pulmonic stenosis inherited ?,inheritance
Is Adolescent idiopathic scoliosis inherited ?,inheritance
Is Kniest dysplasia inherited ?,inheritance
Is retinoblastoma inherited ?,inheritance
Is otospondylomegaepiphyseal dysplasia inherited ?,inheritance
Is Pelizaeus-Merzbacher disease inherited ?,inheritance
Is Hereditary leiomyomatosis and renal cell cancer inherited ?,inheritance
Is Parkinson disease inherited ?,inheritance
Is dyserythropoietic anemia and thrombocytopenia inherited ?,inheritance
Is primary hyperoxaluria inherited ?,inheritance
Is periventricular heterotopia inherited ?,inheritance
Is hereditary fructose intolerance inherited ?,inheritance
Is Winchester syndrome inherited ?,inheritance
Is hyperlysinemia inherited ?,inheritance
Is ALG1-congenital disorder of glycosylation inherited ?,inheritance
"Is short stature, hyperextensibility, hernia, ocular depression, Rieger anomaly, and teething delay inherited ?",inheritance
Is mucopolysaccharidosis type VI inherited ?,inheritance
Is Laing distal myopathy inherited ?,inheritance
Is dermatofibrosarcoma protuberans inherited ?,inheritance
Is Duchenne and Becker muscular dystrophy inherited ?,inheritance
Is glucose-6-phosphate dehydrogenase deficiency inherited ?,inheritance
Is Cutaneous mastocytosis inherited ?,inheritance
Is aromatase excess syndrome inherited ?,inheritance
Is hereditary hemochromatosis inherited ?,inheritance
Is short QT syndrome inherited ?,inheritance
Is Simpson-Golabi-Behmel syndrome inherited ?,inheritance
Is Fine-Lubinsky syndrome inherited ?,inheritance
Is Intellectual disability-developmental delay-contractures syndrome inherited ?,inheritance
Is nonsyndromic paraganglioma inherited ?,inheritance
Is Wolman disease inherited ?,inheritance
Is Rheumatic Fever inherited ?,inheritance
Is FG syndrome inherited ?,inheritance
Is nephrogenic diabetes insipidus inherited ?,inheritance
Is neurofibromatosis type 2 inherited ?,inheritance
Is paroxysmal nocturnal hemoglobinuria inherited ?,inheritance
Is Hirschsprung disease inherited ?,inheritance
Is Noonan syndrome inherited ?,inheritance
Is acral peeling skin syndrome inherited ?,inheritance
Is Multiple endocrine neoplasia type 1 inherited ?,inheritance
"Is Ovarian Epithelial, Fallopian Tube, and Primary Peritoneal Cancer inherited ?",inheritance
Is Hajdu-Cheney syndrome inherited ?,inheritance
Is vitelliform macular dystrophy inherited ?,inheritance
Is glycogen storage disease type IV inherited ?,inheritance
Is Fabry disease inherited ?,inheritance
Is 3-Hydroxyisobutyric aciduria inherited ?,inheritance
Is Galloway-Mowat syndrome inherited ?,inheritance
Is X-linked severe combined immunodeficiency inherited ?,inheritance
Is 2q37 deletion syndrome inherited ?,inheritance
Is congenital plasminogen deficiency inherited ?,inheritance
Is recurrent hydatidiform mole inherited ?,inheritance
Is choroideremia inherited ?,inheritance
Is Shwachman-Diamond syndrome inherited ?,inheritance
Is pseudoxanthoma elasticum inherited ?,inheritance
Is frontometaphyseal dysplasia inherited ?,inheritance
Is Fragile X syndrome inherited ?,inheritance
Is Treacher Collins syndrome inherited ?,inheritance
"Is Hereditary endotheliopathy, retinopathy, nephropathy, and stroke inherited ?",inheritance
Is pulmonary arterial hypertension inherited ?,inheritance
Is Chronic progressive external ophthalmoplegia inherited ?,inheritance
"Is 47,XYY syndrome inherited ?",inheritance
Is 2-hydroxyglutaric aciduria inherited ?,inheritance
Is mal de Meleda inherited ?,inheritance
Is sudden infant death with dysgenesis of the testes syndrome inherited ?,inheritance
Is spinal muscular atrophy inherited ?,inheritance
Is SHORT syndrome inherited ?,inheritance
Is antiphospholipid syndrome inherited ?,inheritance
Is narcolepsy inherited ?,inheritance
Is ataxia neuropathy spectrum inherited ?,inheritance
Is Oculopharyngeal muscular dystrophy inherited ?,inheritance
Is Myotonic dystrophy type 1 inherited ?,inheritance
Is Multicentric Castleman Disease inherited ?,inheritance
"Is hypermanganesemia with dystonia, polycythemia, and cirrhosis inherited ?",inheritance
Is Glucose-6-phosphate dehydrogenase deficiency inherited ?,inheritance
Is congenital hypothyroidism inherited ?,inheritance
Is Hyper-IgD syndrome inherited ?,inheritance
Is Kufs disease inherited ?,inheritance
Is autosomal dominant partial epilepsy with auditory features inherited ?,inheritance
Is Fabry disease inherited ?,inheritance
Is abdominal wall defect inherited ?,inheritance
Is combined pituitary hormone deficiency inherited ?,inheritance
Is activated PI3K-delta syndrome inherited ?,inheritance
Is cystinosis inherited ?,inheritance
Is EEC syndrome inherited ?,inheritance
Is hereditary folate malabsorption inherited ?,inheritance
Is asphyxiating thoracic dystrophy inherited ?,inheritance
Is prion disease inherited ?,inheritance
Is Lesch-Nyhan syndrome inherited ?,inheritance
Is N-acetylglutamate synthase deficiency inherited ?,inheritance
Is granulomatosis with polyangiitis inherited ?,inheritance
Is Hereditary cerebral hemorrhage with amyloidosis inherited ?,inheritance
Is Costeff syndrome inherited ?,inheritance
Is Waldenstrm macroglobulinemia inherited ?,inheritance
Is Juvenile Huntington disease inherited ?,inheritance
Is Ghosal hematodiaphyseal dysplasia inherited ?,inheritance
Is paramyotonia congenita inherited ?,inheritance
Is hypochondrogenesis inherited ?,inheritance
Is hereditary hypophosphatemic rickets inherited ?,inheritance
Is caudal regression syndrome inherited ?,inheritance
Is generalized arterial calcification of infancy inherited ?,inheritance
Is MTHFR gene mutation inherited ?,inheritance
Is Coats disease inherited ?,inheritance
Is achromatopsia inherited ?,inheritance
Is Krabbe disease inherited ?,inheritance
Is Hallermann-Streiff syndrome inherited ?,inheritance
Is multiple cutaneous and mucosal venous malformations inherited ?,inheritance
Is Schimke immuno-osseous dysplasia inherited ?,inheritance
Is Dopa-responsive dystonia inherited ?,inheritance
"Is platyspondylic lethal skeletal dysplasia, Torrance type inherited ?",inheritance
Is Best vitelliform macular dystrophy inherited ?,inheritance
Is CADASIL inherited ?,inheritance
Is hereditary myopathy with early respiratory failure inherited ?,inheritance
Is Hennekam syndrome inherited ?,inheritance
Is leptin receptor deficiency inherited ?,inheritance
Is Multifocal motor neuropathy inherited ?,inheritance
Is Adams-Oliver syndrome inherited ?,inheritance
Is Gilbert syndrome inherited ?,inheritance
Is nemaline myopathy inherited ?,inheritance
Is acatalasemia inherited ?,inheritance
Is autosomal recessive congenital stationary night blindness inherited ?,inheritance
Is Bilateral perisylvian polymicrogyria inherited ?,inheritance
Is deafness-dystonia-optic neuronopathy syndrome inherited ?,inheritance
Is essential pentosuria inherited ?,inheritance
Is metachromatic leukodystrophy inherited ?,inheritance
Is tetrasomy 18p inherited ?,inheritance
Is congenital leptin deficiency inherited ?,inheritance
Is adenosine monophosphate deaminase deficiency inherited ?,inheritance
Is Miller syndrome inherited ?,inheritance
Is cerebral cavernous malformation inherited ?,inheritance
Is ataxia with oculomotor apraxia inherited ?,inheritance
Is leukoencephalopathy with brainstem and spinal cord involvement and lactate elevation inherited ?,inheritance
Is warfarin resistance inherited ?,inheritance
Is Dominant optic atrophy inherited ?,inheritance
Is Leukonychia totalis inherited ?,inheritance
Is autosomal recessive primary microcephaly inherited ?,inheritance
Is autosomal recessive congenital methemoglobinemia inherited ?,inheritance
Is renal tubular acidosis with deafness inherited ?,inheritance
Is Potocki-Shaffer syndrome inherited ?,inheritance
Is autosomal dominant hyper-IgE syndrome inherited ?,inheritance
Is Angelman syndrome inherited ?,inheritance
Is Meningoencephalocele inherited ?,inheritance
Is Pearson marrow-pancreas syndrome inherited ?,inheritance
Is congenital diaphragmatic hernia inherited ?,inheritance
Is histidinemia inherited ?,inheritance
Is African iron overload inherited ?,inheritance
Is Cri du chat syndrome inherited ?,inheritance
Is spastic paraplegia type 31 inherited ?,inheritance
Is Isovaleric acidemia inherited ?,inheritance
Is pulmonary veno-occlusive disease inherited ?,inheritance
Is Gillespie syndrome inherited ?,inheritance
Is adenylosuccinate lyase deficiency inherited ?,inheritance
Is Greenberg dysplasia inherited ?,inheritance
Is coloboma inherited ?,inheritance
Is permanent neonatal diabetes mellitus inherited ?,inheritance
Is very long-chain acyl-CoA dehydrogenase deficiency inherited ?,inheritance
Is Wilson disease inherited ?,inheritance
Is hereditary neuralgic amyotrophy inherited ?,inheritance
Is Cushing disease inherited ?,inheritance
Is Gitelman syndrome inherited ?,inheritance
Is Limb-girdle muscular dystrophy inherited ?,inheritance
Is alpha-mannosidosis inherited ?,inheritance
Is citrullinemia inherited ?,inheritance
Is megalencephalic leukoencephalopathy with subcortical cysts inherited ?,inheritance
Is isolated growth hormone deficiency inherited ?,inheritance
Is SOST-related sclerosing bone dysplasia inherited ?,inheritance
Is phosphoglycerate dehydrogenase deficiency inherited ?,inheritance
Is Barth syndrome inherited ?,inheritance
Is Asperger syndrome inherited ?,inheritance
Is ornithine transcarbamylase deficiency inherited ?,inheritance
Is fibronectin glomerulopathy inherited ?,inheritance
Is Chandler's syndrome inherited ?,inheritance
Is Arts syndrome inherited ?,inheritance
Is prostate cancer inherited ?,inheritance
Is Charcot-Marie-Tooth disease type 2F inherited ?,inheritance
Is GM3 synthase deficiency inherited ?,inheritance
Is primary myelofibrosis inherited ?,inheritance
Is transthyretin amyloidosis inherited ?,inheritance
What is the outlook for Presbyopia ?,outlook
What is the outlook for Patent urachus repair ?,outlook
What is the outlook for Medullary cystic kidney disease ?,outlook
What is the outlook for CADASIL ?,outlook
What is the outlook for Intestinal obstruction ?,outlook
What is the outlook for Anemia - B12 deficiency ?,outlook
What is the outlook for Amniotic constriction bands ?,outlook
What is the outlook for Meprobamate overdose ?,outlook
What is the outlook for Acute mountain sickness ?,outlook
What is the outlook for Cervical dysplasia ?,outlook
What is the outlook for Facial tics ?,outlook
What is the outlook for Headache ?,outlook
What is the outlook for Skin abscess ?,outlook
What is the outlook for Esophagitis - infectious ?,outlook
What is the outlook for Thoracic Outlet Syndrome ?,outlook
What is the outlook for Hepatomegaly ?,outlook
What is the outlook for Erythrasma ?,outlook
What is the outlook for Brain and Spinal Tumors ?,outlook
What is the outlook for Knee microfracture surgery ?,outlook
What is the outlook for Kuru ?,outlook
What is the outlook for Heart failure - discharge ?,outlook
What is the outlook for Truncus arteriosus ?,outlook
What is the outlook for Granulomatosis with polyangiitis ?,outlook
What is the outlook for Acoustic neuroma ?,outlook
What is the outlook for Treacher Collins syndrome ?,outlook
What is the outlook for Tonsillitis ?,outlook
What is the outlook for Simian crease ?,outlook
What is the outlook for Anti-reflux surgery - children - discharge ?,outlook
What is the outlook for Urinary incontinence surgery - female - discharge ?,outlook
What is the outlook for Leigh's Disease ?,outlook
What is the outlook for Tick paralysis ?,outlook
What is the outlook for Entropion ?,outlook
What is the outlook for Glomus tympanum tumor ?,outlook
What is the outlook for Pneumocystis jiroveci pneumonia ?,outlook
What is the outlook for Rumination disorder ?,outlook
What is the outlook for Mucormycosis ?,outlook
What is the outlook for Calcium channel blocker overdose ?,outlook
What is the outlook for Grass and weed killer poisoning ?,outlook
What is the outlook for Vaginal itching and discharge - Adult and adolescent ?,outlook
What is the outlook for Acetone poisoning ?,outlook
What is the outlook for Temporal arteritis ?,outlook
What is the outlook for Cephalic Disorders ?,outlook
What is the outlook for Ear infection - chronic ?,outlook
What is the outlook for Hypospadias ?,outlook
What is the outlook for Breast Cancer ?,outlook
What is the outlook for Vaginal itching and discharge - child ?,outlook
What is the outlook for Intertrigo ?,outlook
What is the outlook for Normal pressure hydrocephalus ?,outlook
What is the outlook for Pulmonary hypertension ?,outlook
What is the outlook for Chronic fatigue syndrome ?,outlook
What is the outlook for Laryngitis ?,outlook
What is the outlook for Encopresis ?,outlook
What is the outlook for Childhood Central Nervous System Atypical Teratoid/Rhabdoid Tumor ?,outlook
What is the outlook for Methanol poisoning ?,outlook
What is the outlook for Rectal Cancer ?,outlook
What is the outlook for Fatty liver - nonalcoholic ?,outlook
What is the outlook for Urethral Cancer ?,outlook
What is the outlook for Intraventricular hemorrhage of the newborn ?,outlook
What is the outlook for Gastrointestinal fistula ?,outlook
What is the outlook for Abortion - surgical - aftercare ?,outlook
What is the outlook for Swimming pool granuloma ?,outlook
What is the outlook for Hip pain ?,outlook
What is the outlook for Lymphogranuloma venereum ?,outlook
What is the outlook for Empyema ?,outlook
What is the outlook for Rabies ?,outlook
What is the outlook for Caplan syndrome ?,outlook
What is the outlook for Growth hormone deficiency - children ?,outlook
What is the outlook for Swallowing problems ?,outlook
What is the outlook for Thymoma and Thymic Carcinoma ?,outlook
What is the outlook for Diphenhydramine overdose ?,outlook
What is the outlook for Traumatic injury of the bladder and urethra ?,outlook
What is the outlook for Contact dermatitis ?,outlook
What is the outlook for Obstructive sleep apnea - adults ?,outlook
What is the outlook for Heart attack - discharge ?,outlook
What is the outlook for Pine oil poisoning ?,outlook
What is the outlook for Congenital syphilis ?,outlook
What is the outlook for Spinal Cord Injury ?,outlook
What is the outlook for Breast milk jaundice ?,outlook
What is the outlook for Lung cancer - non-small cell ?,outlook
What is the outlook for Calcium channel blocker overdose ?,outlook
What is the outlook for Vaginal yeast infection ?,outlook
What is the outlook for Respiratory syncytial virus (RSV) ?,outlook
What is the outlook for Autoimmune disorders ?,outlook
What is the outlook for Familial combined hyperlipidemia ?,outlook
What is the outlook for Parathyroid adenoma ?,outlook
What is the outlook for Blood in the semen ?,outlook
What is the outlook for Osteosarcoma ?,outlook
What is the outlook for Acetone poisoning ?,outlook
What is the outlook for Anti-reflux surgery ?,outlook
What is the outlook for Neuroacanthocytosis ?,outlook
What is the outlook for Vesicles ?,outlook
What is the outlook for Trisodium phosphate poisoning ?,outlook
What is the outlook for Opsoclonus Myoclonus ?,outlook
What is the outlook for Membranoproliferative glomerulonephritis ?,outlook
What is the outlook for Aase syndrome ?,outlook
What is the outlook for Wilson Disease ?,outlook
What is the outlook for Wernicke-Korsakoff syndrome ?,outlook
What is the outlook for Atopic dermatitis ?,outlook
What is the outlook for Homocystinuria ?,outlook
What is the outlook for Bronchiolitis ?,outlook
What is the outlook for Restless legs syndrome ?,outlook
What is the outlook for Bruxism ?,outlook
What is the outlook for Esophageal cancer ?,outlook
What is the outlook for Fanconi anemia ?,outlook
What is the outlook for Ear barotrauma ?,outlook
What is the outlook for Hyperventilation ?,outlook
What is the outlook for Gums - swollen ?,outlook
What is the outlook for Whipworm infection ?,outlook
What is the outlook for Gestational Trophoblastic Disease ?,outlook
What is the outlook for Endometriosis ?,outlook
What is the outlook for Androgen insensitivity syndrome ?,outlook
What is the outlook for Fragile X syndrome ?,outlook
What is the outlook for Diverticulitis and diverticulosis - discharge ?,outlook
What is the outlook for Metachromatic leukodystrophy ?,outlook
What is the outlook for Varicose veins and venous insufficiency ?,outlook
What is the outlook for Testicle pain ?,outlook
What is the outlook for Hyperparathyroidism ?,outlook
What is the outlook for Gastrointestinal Carcinoid Tumors ?,outlook
What is the outlook for Mitral valve prolapse ?,outlook
What is the outlook for Coping with cancer - hair loss ?,outlook
What is the outlook for Body lice ?,outlook
What is the outlook for Hemolytic disease of the newborn ?,outlook
What is the outlook for Herpetic stomatitis ?,outlook
What is the outlook for Aicardi syndrome ?,outlook
What is the outlook for Hypokalemic periodic paralysis ?,outlook
What is the outlook for Drug-induced pulmonary disease ?,outlook
What is the outlook for Childhood Brain and Spinal Cord Tumors ?,outlook
What is the outlook for Acute myelogenous leukemia (AML) - children ?,outlook
What is the outlook for Migraine ?,outlook
What is the outlook for Hyperviscosity - newborn ?,outlook
What is the outlook for Increased head circumference ?,outlook
What is the outlook for Celiac disease - sprue ?,outlook
What is the outlook for Q fever - early ?,outlook
What is the outlook for Hypermobile joints ?,outlook
What is the outlook for Alopecia areata ?,outlook
What is the outlook for Gaucher Disease ?,outlook
What is the outlook for Malnutrition ?,outlook
What is the outlook for Earache ?,outlook
What is the outlook for Encephalitis ?,outlook
What is the outlook for Double outlet right ventricle ?,outlook
What is the outlook for Hypoparathyroidism ?,outlook
What is the outlook for Swimmer's ear ?,outlook
What is the outlook for Lipoid Proteinosis ?,outlook
What is the outlook for Childhood Central Nervous System Germ Cell Tumors ?,outlook
What is the outlook for Squamous cell skin cancer ?,outlook
What is the outlook for Malocclusion of teeth ?,outlook
What is the outlook for Progressive Supranuclear Palsy ?,outlook
What is the outlook for Heart block ?,outlook
What is the outlook for Stuffy or runny nose - children ?,outlook
What is the outlook for Confusion ?,outlook
What is the outlook for Arrhenoblastoma of ovary ?,outlook
What is the outlook for Neurological Sequelae Of Lupus ?,outlook
What is the outlook for ECHO virus ?,outlook
What is the outlook for Short stature ?,outlook
What is the outlook for Facial paralysis ?,outlook
What is the outlook for High arch ?,outlook
What is the outlook for Granuloma annulare ?,outlook
What is the outlook for Hydrofluoric acid poisoning ?,outlook
What is the outlook for Familial dysbetalipoproteinemia ?,outlook
What is the outlook for Swollen lymph nodes ?,outlook
What is the outlook for E. coli enteritis ?,outlook
What is the outlook for Metatarsal stress fractures - aftercare ?,outlook
What is the outlook for Chronic cholecystitis ?,outlook
What is the outlook for Cyanotic heart disease ?,outlook
What is the outlook for Sturge-Weber Syndrome ?,outlook
What is the outlook for Migraine ?,outlook
What is the outlook for Insomnia - overview ?,outlook
What is the outlook for Weight gain - unintentional ?,outlook
What is the outlook for Stridor ?,outlook
What is the outlook for Coloboma of the iris ?,outlook
What is the outlook for Arthritis ?,outlook
What is the outlook for Craniosynostosis repair ?,outlook
What is the outlook for Avian influenza ?,outlook
What is the outlook for Esophagitis ?,outlook
What is the outlook for Polymorphous light eruption ?,outlook
What is the outlook for Central serous choroidopathy ?,outlook
What is the outlook for Retinal detachment ?,outlook
What is the outlook for Hypersomnia ?,outlook
What is the outlook for Parinaud oculoglandular syndrome ?,outlook
What is the outlook for Tracheal rupture ?,outlook
What is the outlook for Factitious hyperthyroidism ?,outlook
What is the outlook for Schizoid personality disorder ?,outlook
What is the outlook for Ketoprofen overdose ?,outlook
What is the outlook for Leprosy ?,outlook
What is the outlook for Galactosemia ?,outlook
What is the outlook for Pagets disease of the bone ?,outlook
What is the outlook for Retropharyngeal abscess ?,outlook
What is the outlook for Muscle function loss ?,outlook
What is the outlook for Boric acid poisoning ?,outlook
What is the outlook for Albinism ?,outlook
What is the outlook for Adult Still's disease ?,outlook
What is the outlook for Seborrheic dermatitis ?,outlook
What is the outlook for Diazinon poisoning ?,outlook
What is the outlook for Stroke - discharge ?,outlook
What is the outlook for Cerebral Aneurysms ?,outlook
What is the outlook for Carbuncle ?,outlook
What is the outlook for Pulmonary edema ?,outlook
What is the outlook for Nikolsky sign ?,outlook
What is the outlook for Machado-Joseph Disease ?,outlook
What is the outlook for Asthma - child - discharge ?,outlook
What is the outlook for Pediatric sleep apnea ?,outlook
What is the outlook for Coffin Lowry Syndrome ?,outlook
What is the outlook for Obsessive-compulsive personality disorder ?,outlook
What is the outlook for Alzheimer disease ?,outlook
What is the outlook for Familial hypertriglyceridemia ?,outlook
What is the outlook for Low nasal bridge ?,outlook
What is the outlook for Corns and calluses ?,outlook
What is the outlook for Earlobe creases ?,outlook
What is the outlook for Arteriovenous Malformation ?,outlook
What is the outlook for Bicuspid aortic valve ?,outlook
What is the outlook for Penis pain ?,outlook
What is the outlook for Breathing difficulty ?,outlook
What is the outlook for Knock knees ?,outlook
What is the outlook for Breast infection ?,outlook
What is the outlook for Ketoprofen overdose ?,outlook
What is the outlook for Point tenderness - abdomen ?,outlook
What is the outlook for HIV/AIDS ?,outlook
What is the outlook for Tuberous sclerosis ?,outlook
What is the outlook for Appendicitis ?,outlook
What is the outlook for Gangrene ?,outlook
What is the outlook for Elbow replacement ?,outlook
What is the outlook for Dermatomyositis ?,outlook
What is the outlook for Cranial mononeuropathy III - diabetic type ?,outlook
What is the outlook for Prosopagnosia ?,outlook
What is the outlook for Plummer-Vinson syndrome ?,outlook
What is the outlook for How wounds heal ?,outlook
What is the outlook for Necrotizing enterocolitis ?,outlook
What is the outlook for Skin Cancer ?,outlook
What is the outlook for Acute cytomegalovirus (CMV) infection ?,outlook
What is the outlook for Malabsorption ?,outlook
What is the outlook for Trichomoniasis ?,outlook
What is the outlook for Naphthalene poisoning ?,outlook
What is the outlook for Joubert Syndrome ?,outlook
What is the outlook for Age-related hearing loss ?,outlook
What is the outlook for Kidney Dysplasia ?,outlook
What is the outlook for Heroin overdose ?,outlook
What is the outlook for Indomethacin overdose ?,outlook
What is the outlook for Ectropion ?,outlook
What is the outlook for Neurological Complications of AIDS ?,outlook
What is the outlook for Syncope ?,outlook
What is the outlook for Infant botulism ?,outlook
What is the outlook for Williams syndrome ?,outlook
What is the outlook for Muscle cramps ?,outlook
What is the outlook for Promethazine overdose ?,outlook
What is the outlook for Nasal flaring ?,outlook
What is the outlook for Irregular sleep-wake syndrome ?,outlook
What is the outlook for Neurosyphilis ?,outlook
What is the outlook for Central pontine myelinolysis ?,outlook
What is the outlook for Urinary incontinence - vaginal sling procedures ?,outlook
What is the outlook for Fleas ?,outlook
What is the outlook for Postherpetic neuralgia - aftercare ?,outlook
What is the outlook for Goodpasture syndrome ?,outlook
What is the outlook for Ovarian Germ Cell Tumors ?,outlook
What is the outlook for Simple pulmonary eosinophilia ?,outlook
What is the outlook for Periventricular Leukomalacia ?,outlook
What is the outlook for Von Hippel-Lindau Disease (VHL) ?,outlook
What is the outlook for Iodine poisoning ?,outlook
What is the outlook for Arachnoid Cysts ?,outlook
What is the outlook for Nicotine poisoning ?,outlook
What is the outlook for Cellulitis ?,outlook
What is the outlook for Branchial cleft cyst ?,outlook
What is the outlook for Delirium ?,outlook
What is the outlook for Solitary pulmonary nodule ?,outlook
What is the outlook for Oleander poisoning ?,outlook
What is the outlook for Jellyfish stings ?,outlook
What is the outlook for Cutaneous skin tag ?,outlook
What is the outlook for Muscle atrophy ?,outlook
What is the outlook for Aplastic anemia ?,outlook
What is the outlook for Shoulder separation - aftercare ?,outlook
What is the outlook for Amaurosis fugax ?,outlook
What is the outlook for Splinter hemorrhages ?,outlook
What is the outlook for Grass allergy ?,outlook
What is the outlook for Small Intestine Cancer ?,outlook
What is the outlook for Hereditary Spastic Paraplegia ?,outlook
What is the outlook for Brain abscess ?,outlook
What is the outlook for Secondary systemic amyloidosis ?,outlook
What is the outlook for Methyl salicylate overdose ?,outlook
What is the outlook for Brachial plexopathy ?,outlook
What is the outlook for Meningitis - cryptococcal ?,outlook
What is the outlook for Transient tic disorder ?,outlook
What is the outlook for Goiter - simple ?,outlook
What is the outlook for Patent foramen ovale ?,outlook
What is the outlook for Wrinkles ?,outlook
What is the outlook for Thromboangiitis obliterans ?,outlook
What is the outlook for Cataract - adult ?,outlook
What is the outlook for Miller Fisher Syndrome ?,outlook
What is the outlook for Stroke ?,outlook
What is the outlook for Non-Small Cell Lung Cancer ?,outlook
What is the outlook for Guillain-Barr Syndrome ?,outlook
What is the outlook for Lissencephaly ?,outlook
What is the outlook for Motor Neuron Diseases ?,outlook
What is the outlook for Pelizaeus-Merzbacher Disease ?,outlook
What is the outlook for Paroxysmal cold hemoglobinuria (PCH) ?,outlook
What is the outlook for Suicide and suicidal behavior ?,outlook
What is the outlook for Factor II deficiency ?,outlook
What is the outlook for Acoustic trauma ?,outlook
What is the outlook for Intercostal retractions ?,outlook
What is the outlook for Head lice ?,outlook
What is the outlook for Heroin overdose ?,outlook
What is the outlook for Pseudomembranous colitis ?,outlook
What is the outlook for Carbolic acid poisoning ?,outlook
What is the outlook for Pseudotumor cerebri ?,outlook
What is the outlook for Subacute sclerosing panencephalitis ?,outlook
What is the outlook for Meconium aspiration syndrome ?,outlook
What is the outlook for Methylmalonic acidemia ?,outlook
What is the outlook for Congenital cytomegalovirus ?,outlook
What is the outlook for Isaacs' Syndrome ?,outlook
What is the outlook for Bleeding gums ?,outlook
What is the outlook for Transient tachypnea - newborn ?,outlook
What is the outlook for Reye syndrome ?,outlook
What is the outlook for Necrotizing soft tissue infection ?,outlook
What is the outlook for Ear infection - acute ?,outlook
What is the outlook for Coronary artery spasm ?,outlook
What is the outlook for Fatigue ?,outlook
What is the outlook for Duchenne muscular dystrophy ?,outlook
What is the outlook for Volvulus - childhood ?,outlook
What is the outlook for Lyme disease ?,outlook
What is the outlook for Chickenpox ?,outlook
What is the outlook for Tremor ?,outlook
What is the outlook for Burkitt lymphoma ?,outlook
What is the outlook for Prerenal azotemia ?,outlook
What is the outlook for Atrial fibrillation or flutter ?,outlook
What is the outlook for Agitation ?,outlook
What is the outlook for Meningitis and Encephalitis ?,outlook
What is the outlook for Headache ?,outlook
What is the outlook for Trichinosis ?,outlook
What is the outlook for Giant congenital nevus ?,outlook
What is the outlook for Claw hand ?,outlook
What is the outlook for Cushing disease ?,outlook
What is the outlook for Thyroid nodule ?,outlook
What is the outlook for Obstructive uropathy ?,outlook
What is the outlook for Ear tag ?,outlook
What is the outlook for Serotonin syndrome ?,outlook
What is the outlook for Adult Soft Tissue Sarcoma ?,outlook
What is the outlook for Orchitis ?,outlook
What is the outlook for Mnire disease ?,outlook
What is the outlook for Post-traumatic stress disorder ?,outlook
What is the outlook for Postural Tachycardia Syndrome ?,outlook
What is the outlook for Aortic stenosis ?,outlook
What is the outlook for Tethered Spinal Cord Syndrome ?,outlook
What is the outlook for Botulism ?,outlook
What is the outlook for Loss of brain function - liver disease ?,outlook
What is the outlook for Lichen planus ?,outlook
What is the outlook for Ataxia - telangiectasia ?,outlook
What is the outlook for Wilms tumor ?,outlook
What is the outlook for Tooth abscess ?,outlook
What is the outlook for Developmental Dyspraxia ?,outlook
What is the outlook for Plant fertilizer poisoning ?,outlook
What is the outlook for Elbow replacement - discharge ?,outlook
What is the outlook for Wheezing ?,outlook
What is the outlook for Chlorpromazine overdose ?,outlook
What is the outlook for Kidney Dysplasia ?,outlook
What is the outlook for Poisoning ?,outlook
What is the outlook for Trichorrhexis nodosa ?,outlook
What is the outlook for Retrograde ejaculation ?,outlook
What is the outlook for Prostatitis - nonbacterial ?,outlook
What is the outlook for Weight loss - unintentional ?,outlook
What is the outlook for Nevoid basal cell carcinoma syndrome ?,outlook
What is the outlook for Dizziness ?,outlook
What is the outlook for Alternating Hemiplegia ?,outlook
What is the outlook for Wrist pain ?,outlook
What is the outlook for Ventricular fibrillation ?,outlook
What is the outlook for Hydrocodone and acetaminophen overdose ?,outlook
What is the outlook for Gastroschisis ?,outlook
What is the outlook for Pulmonary aspergilloma ?,outlook
What is the outlook for Crigler-Najjar syndrome ?,outlook
What is the outlook for Cobalt poisoning ?,outlook
What is the outlook for Stools - pale or clay-colored ?,outlook
What is the outlook for Encephalitis Lethargica ?,outlook
What is the outlook for Polyarteritis nodosa ?,outlook
What is the outlook for Raynaud phenomenon ?,outlook
What is the outlook for Estrogen overdose ?,outlook
What is the outlook for Microcephaly ?,outlook
What is the outlook for Cocaine intoxication ?,outlook
What is the outlook for Panic disorder ?,outlook
What is the outlook for Limb-girdle muscular dystrophies ?,outlook
What is the outlook for Pituitary tumor ?,outlook
What is the outlook for Langerhans Cell Histiocytosis ?,outlook
What is the outlook for Creutzfeldt-Jakob Disease ?,outlook
What is the outlook for Drug allergies ?,outlook
What is the outlook for Anaphylaxis ?,outlook
What is the outlook for Trigeminal neuralgia ?,outlook
What is the outlook for Keloids ?,outlook
What is the outlook for Blount disease ?,outlook
What is the outlook for Diaphragmatic hernia ?,outlook
What is the outlook for Jack-in-the-pulpit poisoning ?,outlook
What is the outlook for Varicocele ?,outlook
What is the outlook for Frozen shoulder ?,outlook
What is the outlook for Polymyositis - adult ?,outlook
What is the outlook for Echinococcus ?,outlook
What is the outlook for Anthrax ?,outlook
What is the outlook for Coughing up blood ?,outlook
What is the outlook for Oropharyngeal Cancer ?,outlook
What is the outlook for Epidermolysis bullosa ?,outlook
What is the outlook for Anorexia nervosa ?,outlook
What is the outlook for Jock itch ?,outlook
What is the outlook for Penile Cancer ?,outlook
What is the outlook for Nephrocalcinosis ?,outlook
What is the outlook for Anterior cruciate ligament (ACL) injury - aftercare ?,outlook
What is the outlook for Whiplash ?,outlook
What is the outlook for Gas - flatulence ?,outlook
What is the outlook for Fetal alcohol syndrome ?,outlook
What is the outlook for Cavernous Malformation ?,outlook
What is the outlook for Pneumonia - weakened immune system ?,outlook
What is the outlook for Adrenocortical carcinoma ?,outlook
What is the outlook for Reifenstein syndrome ?,outlook
What is the outlook for Congenital spherocytic anemia ?,outlook
What is the outlook for Ovarian cysts ?,outlook
What is the outlook for Endometritis ?,outlook
What is the outlook for Antidiarrheal drug overdose ?,outlook
What is the outlook for Frequent or urgent urination ?,outlook
What is the outlook for Pancreatic pseudocyst ?,outlook
What is the outlook for Surgery for pancreatic cancer - discharge ?,outlook
What is the outlook for Vasculitis Syndromes of the Central and Peripheral Nervous Systems ?,outlook
What is the outlook for Pentazocine overdose ?,outlook
What is the outlook for Armpit lump ?,outlook
What is the outlook for Spinal muscular atrophy ?,outlook
What is the outlook for Laxative overdose ?,outlook
What is the outlook for Endocardial cushion defect ?,outlook
What is the outlook for Restrictive cardiomyopathy ?,outlook
What is the outlook for Caffeine overdose ?,outlook
What is the outlook for Exogenous Cushing syndrome ?,outlook
What is the outlook for Non-Hodgkin lymphoma ?,outlook
What is the outlook for Acute adrenal crisis ?,outlook
What is the outlook for Metabolic neuropathies ?,outlook
What is the outlook for Hypomelanosis of Ito ?,outlook
What is the outlook for Phenytoin overdose ?,outlook
What is the outlook for Focal segmental glomerulosclerosis ?,outlook
What is the outlook for Hemothorax ?,outlook
What is the outlook for Tracheomalacia - congenital ?,outlook
What is the outlook for Decerebrate posture ?,outlook
What is the outlook for Liver spots ?,outlook
What is the outlook for Klver-Bucy Syndrome ?,outlook
What is the outlook for Pulmonary tuberculosis ?,outlook
What is the outlook for Frontotemporal Dementia ?,outlook
What is the outlook for Kawasaki disease ?,outlook
What is the outlook for Parathyroid cancer ?,outlook
What is the outlook for Acute myeloid leukemia ?,outlook
What is the outlook for Lighter fluid poisoning ?,outlook
What is the outlook for Transitional Cell Cancer of the Renal Pelvis and Ureter ?,outlook
What is the outlook for Lymphadenitis ?,outlook
What is the outlook for Ataxia Telangiectasia ?,outlook
What is the outlook for Doxepin overdose ?,outlook
What is the outlook for Hydromyelia ?,outlook
What is the outlook for Narcolepsy ?,outlook
What is the outlook for Nitric acid poisoning ?,outlook
What is the outlook for Newborn jaundice - discharge ?,outlook
What is the outlook for Syphilitic aseptic meningitis ?,outlook
What is the outlook for Anorectal abscess ?,outlook
What is the outlook for Propoxyphene overdose ?,outlook
What is the outlook for Dehydration ?,outlook
What is the outlook for Necrotizing vasculitis ?,outlook
What is the outlook for Bartter syndrome ?,outlook
What is the outlook for Thrombocytopenia ?,outlook
What is the outlook for Spinal cord trauma ?,outlook
What is the outlook for Oral hypoglycemics overdose ?,outlook
What is the outlook for Ellis-van Creveld syndrome ?,outlook
What is the outlook for Encephaloceles ?,outlook
What is the outlook for Melanoma ?,outlook
What is the outlook for Aminophylline overdose ?,outlook
What is the outlook for Irritable bowel syndrome ?,outlook
What is the outlook for Respiratory alkalosis ?,outlook
What is the outlook for Painful menstrual periods ?,outlook
What is the outlook for Boils ?,outlook
What is the outlook for Brucellosis ?,outlook
What is the outlook for Progressive Multifocal Leukoencephalopathy ?,outlook
What is the outlook for Attention deficit hyperactivity disorder ?,outlook
What is the outlook for Dependent personality disorder ?,outlook
What is the outlook for Eisenmenger syndrome ?,outlook
What is the outlook for Cobalt poisoning ?,outlook
What is the outlook for Meralgia Paresthetica ?,outlook
What is the outlook for Chinese restaurant syndrome ?,outlook
What is the outlook for Acid Lipase Disease ?,outlook
What is the outlook for Vaginal bleeding between periods ?,outlook
What is the outlook for Kleine-Levin Syndrome ?,outlook
What is the outlook for Rasmussen's Encephalitis ?,outlook
What is the outlook for Abdominal aortic aneurysm ?,outlook
What is the outlook for Type 1 diabetes ?,outlook
What is the outlook for Gingivostomatitis ?,outlook
What is the outlook for Speech impairment (adult) ?,outlook
What is the outlook for Neutropenia - infants ?,outlook
What is the outlook for Imipramine overdose ?,outlook
What is the outlook for Ankle sprain - aftercare ?,outlook
What is the outlook for Allergic conjunctivitis ?,outlook
What is the outlook for Tinnitus ?,outlook
What is the outlook for Premenstrual breast changes ?,outlook
What is the outlook for Whipple's Disease ?,outlook
What is the outlook for Undescended testicle ?,outlook
What is the outlook for Facioscapulohumeral muscular dystrophy ?,outlook
What is the outlook for Acidosis ?,outlook
What is the outlook for Otosclerosis ?,outlook
What is the outlook for Atrial septal defect (ASD) ?,outlook
What is the outlook for Congenital afibrinogenemia ?,outlook
What is the outlook for Calcium pyrophosphate arthritis ?,outlook
What is the outlook for Hypogonadotropic hypogonadism ?,outlook
What is the outlook for Choriocarcinoma ?,outlook
What is the outlook for Torticollis ?,outlook
What is the outlook for Lambert-Eaton Myasthenic Syndrome ?,outlook
What is the outlook for Fabry Disease ?,outlook
What is the outlook for Illness anxiety disorder ?,outlook
What is the outlook for Febrile Seizures ?,outlook
What is the outlook for Adult Central Nervous System Tumors ?,outlook
What is the outlook for Zellweger Syndrome ?,outlook
What is the outlook for Apnea of prematurity ?,outlook
What is the outlook for Bell's palsy ?,outlook
What is the outlook for Chronic lymphocytic leukemia (CLL) ?,outlook
What is the outlook for Septic arthritis ?,outlook
What is the outlook for Tay-Sachs disease ?,outlook
What is the outlook for Optic glioma ?,outlook
What is the outlook for Painful swallowing ?,outlook
What is the outlook for Hemophilia ?,outlook
What is the outlook for Meckel's diverticulum ?,outlook
What is the outlook for Promethazine overdose ?,outlook
What is the outlook for Breast lump ?,outlook
What is the outlook for Pompe Disease ?,outlook
What is the outlook for Glucose-6-phosphate dehydrogenase deficiency ?,outlook
What is the outlook for Vaginal bleeding - hormonal ?,outlook
What is the outlook for Binge eating disorder ?,outlook
What is the outlook for Paroxysmal Hemicrania ?,outlook
What is the outlook for Leptospirosis ?,outlook
What is the outlook for Tropical Spastic Paraparesis ?,outlook
What is the outlook for Blastomycosis ?,outlook
What is the outlook for Anal cancer ?,outlook
What is the outlook for Leishmaniasis ?,outlook
What is the outlook for Renal cell carcinoma ?,outlook
What is the outlook for Acne ?,outlook
What is the outlook for Coronary artery fistula ?,outlook
What is the outlook for Depression - older adults ?,outlook
What is the outlook for Ichthyosis vulgaris ?,outlook
What is the outlook for Pancreas divisum ?,outlook
What is the outlook for Premenstrual syndrome ?,outlook
What is the outlook for Gigantism ?,outlook
What is the outlook for Astigmatism ?,outlook
What is the outlook for Chlordiazepoxide overdose ?,outlook
What is the outlook for VIPoma ?,outlook
What is the outlook for Dementia ?,outlook
What is the outlook for Excessive or unwanted hair in women ?,outlook
What is the outlook for Pulmonary veno-occlusive disease ?,outlook
What is the outlook for Donovanosis (granuloma inguinale) ?,outlook
What is the outlook for Heat intolerance ?,outlook
What is the outlook for Biliary atresia ?,outlook
What is the outlook for Choledocholithiasis ?,outlook
What is the outlook for Posterior fossa tumor ?,outlook
What is the outlook for Esophageal stricture - benign ?,outlook
What is the outlook for Parry-Romberg ?,outlook
What is the outlook for Color blindness ?,outlook
What is the outlook for Antifreeze poisoning ?,outlook
What is the outlook for Low potassium level ?,outlook
What is the outlook for Autonomic neuropathy ?,outlook
What is the outlook for Tick bite ?,outlook
What is the outlook for Dystonias ?,outlook
What is the outlook for Batten Disease ?,outlook
What is the outlook for Ramsay Hunt syndrome ?,outlook
What is the outlook for Psoriasis ?,outlook
What is the outlook for Shingles ?,outlook
What is the outlook for Concussion ?,outlook
What is the outlook for Dilated cardiomyopathy ?,outlook
What is the outlook for Immune hemolytic anemia ?,outlook
What is the outlook for Neuronal ceroid lipofuscinoses (NCLS) ?,outlook
What is the outlook for Scrofula ?,outlook
What is the outlook for Chronic obstructive pulmonary disease ?,outlook
What is the outlook for Developmental coordination disorder ?,outlook
What is the outlook for Sertoli-Leydig cell tumor ?,outlook
What is the outlook for Mastoiditis ?,outlook
What is the outlook for Hydrocodone and acetaminophen overdose ?,outlook
What is the outlook for Choanal atresia ?,outlook
What is the outlook for Pituitary apoplexy ?,outlook
What is the outlook for Legg-Calve-Perthes disease ?,outlook
What is the outlook for Sjgren's Syndrome ?,outlook
What is the outlook for Multifocal atrial tachycardia ?,outlook
What is the outlook for Polyhydramnios ?,outlook
What is the outlook for Milk-alkali syndrome ?,outlook
What is the outlook for Pulmonary arteriovenous fistula ?,outlook
What is the outlook for Respiratory acidosis ?,outlook
What is the outlook for Esophageal atresia ?,outlook
What is the outlook for Paroxysmal nocturnal hemoglobinuria (PNH) ?,outlook
What is the outlook for Zollinger-Ellison syndrome ?,outlook
What is the outlook for Plasma Cell Neoplasms (Including Multiple Myeloma) ?,outlook
What is the outlook for Abdominal mass ?,outlook
What is the outlook for Subcutaneous emphysema ?,outlook
What is the outlook for Abdominal rigidity ?,outlook
What is the outlook for Croup ?,outlook
What is the outlook for Tay-Sachs Disease ?,outlook
What is the outlook for Elbow sprain - aftercare ?,outlook
What is the outlook for Chlamydial infections - male ?,outlook
What is the outlook for Uterine prolapse ?,outlook
What is the outlook for Vision problems ?,outlook
What is the outlook for Cerebral Palsy ?,outlook
What is the outlook for Neonatal hypothyroidism ?,outlook
What is the outlook for Strabismus ?,outlook
What is the outlook for Myristica oil poisoning ?,outlook
What is the outlook for Cryptosporidium enteritis ?,outlook
What is the outlook for Wilms Tumor and Other Childhood Kidney Tumors ?,outlook
What is the outlook for Klippel Feil Syndrome ?,outlook
What is the outlook for Brown-Sequard Syndrome ?,outlook
What is the outlook for Intraductal papilloma ?,outlook
What is the outlook for Colles wrist fracture  aftercare ?,outlook
What is the outlook for Barbiturate intoxication and overdose ?,outlook
What is the outlook for Rh incompatibility ?,outlook
What is the outlook for Craniotabes ?,outlook
What is the outlook for Inclusion Body Myositis ?,outlook
What is the outlook for Mongolian blue spots ?,outlook
What is the outlook for Opiate and opioid withdrawal ?,outlook
What is the outlook for Face pain ?,outlook
What is the outlook for Nasopharyngeal Cancer ?,outlook
What is the outlook for Iron overdose ?,outlook
What is the outlook for Brain herniation ?,outlook
What is the outlook for Tenesmus ?,outlook
What is the outlook for Oxalic acid poisoning ?,outlook
What is the outlook for Cor pulmonale ?,outlook
What is the outlook for Generalized anxiety disorder ?,outlook
What is the outlook for High blood cholesterol levels ?,outlook
What is the outlook for Typhus ?,outlook
What is the outlook for Mitral valve regurgitation ?,outlook
What is the outlook for Unilateral hydronephrosis ?,outlook
What is the outlook for Acromegaly ?,outlook
What is the outlook for Lithium toxicity ?,outlook
What is the outlook for Hypothalamic tumor ?,outlook
What is the outlook for Cholangiocarcinoma ?,outlook
What is the outlook for Cushing syndrome due to adrenal tumor ?,outlook
What is the outlook for Primary alveolar hypoventilation ?,outlook
What is the outlook for Spinal tumor ?,outlook
What is the outlook for Trichotillomania ?,outlook
What is the outlook for Striatonigral Degeneration ?,outlook
What is the outlook for Malaria ?,outlook
What is the outlook for Alcoholic ketoacidosis ?,outlook
What is the outlook for Diphenhydramine overdose ?,outlook
What is the outlook for Progressive supranuclear palsy ?,outlook
What is the outlook for Angioedema ?,outlook
What is the outlook for Mucolipidoses ?,outlook
What is the outlook for Scabies ?,outlook
What is the outlook for Pancreatic islet cell tumor ?,outlook
What is the outlook for Myotonia ?,outlook
What is the outlook for Krabbe Disease ?,outlook
What is the outlook for Stomach cancer ?,outlook
What is the outlook for Estrogen overdose ?,outlook
What is the outlook for Nausea and vomiting - adults ?,outlook
What is the outlook for Thyroid preparation overdose ?,outlook
What is the outlook for Watery eyes ?,outlook
What is the outlook for Rubinstein-Taybi syndrome ?,outlook
What is the outlook for Pyloric stenosis - infant ?,outlook
What is the outlook for Osteopenia - premature infants ?,outlook
What is the outlook for Hemolytic crisis ?,outlook
What is the outlook for Diabetes insipidus - nephrogenic ?,outlook
What is the outlook for Gallstones - discharge ?,outlook
What is the outlook for Dementia due to metabolic causes ?,outlook
What is the outlook for Sulfuric acid poisoning ?,outlook
What is the outlook for Low blood pressure ?,outlook
What is the outlook for Chylomicronemia syndrome ?,outlook
What is the outlook for Bile duct obstruction ?,outlook
What is the outlook for Incontinentia pigmenti ?,outlook
What is the outlook for Natal teeth ?,outlook
What is the outlook for Hepatorenal syndrome ?,outlook
What is the outlook for Listeriosis ?,outlook
What is the outlook for Hypotonia ?,outlook
What is the outlook for Genital herpes ?,outlook
What is the outlook for Factor VII deficiency ?,outlook
What is the outlook for Farber's Disease ?,outlook
What is the outlook for Widely spaced teeth ?,outlook
What is the outlook for Conduct disorder ?,outlook
What is the outlook for Hair loss ?,outlook
What is the outlook for Actinomycosis ?,outlook
What is the outlook for Idiopathic pulmonary fibrosis ?,outlook
What is the outlook for Cavernous sinus thrombosis ?,outlook
What is the outlook for Indomethacin overdose ?,outlook
What is the outlook for Testicular cancer ?,outlook
What is the outlook for Ecthyma ?,outlook
What is the outlook for Primary amyloidosis ?,outlook
What is the outlook for Hemophilia B ?,outlook
What is the outlook for Lip and Oral Cavity Cancer ?,outlook
What is the outlook for Pyogenic granuloma ?,outlook
What is the outlook for Achondroplasia ?,outlook
What is the outlook for Macular degeneration - age-related ?,outlook
What is the outlook for Primary CNS Lymphoma ?,outlook
What is the outlook for Polydactyly ?,outlook
What is the outlook for Bullous pemphigoid ?,outlook
What is the outlook for Acute respiratory distress syndrome ?,outlook
What is the outlook for Alpers' Disease ?,outlook
What is the outlook for Sarcoidosis ?,outlook
What is the outlook for Salivary Gland Cancer ?,outlook
What is the outlook for Peritonitis - spontaneous ?,outlook
What is the outlook for Deep Brain Stimulation for Parkinson's Disease ?,outlook
What is the outlook for Hypopituitarism ?,outlook
What is the outlook for Angelman Syndrome ?,outlook
What is the outlook for Allergies ?,outlook
What is the outlook for Fibroadenoma - breast ?,outlook
What is the outlook for Schizencephaly ?,outlook
What is the outlook for Hereditary Neuropathies ?,outlook
What is the outlook for Rapid shallow breathing ?,outlook
What is the outlook for Rubella ?,outlook
What is the outlook for Eosinophilic fasciitis ?,outlook
What is the outlook for Hydrofluoric acid poisoning ?,outlook
What is the outlook for Volkmann ischemic contracture ?,outlook
What is the outlook for Posterior cruciate ligament (PCL) injury - aftercare ?,outlook
What is the outlook for Groin lump ?,outlook
What is the outlook for Factor V deficiency ?,outlook
What is the outlook for Hand-foot-mouth disease ?,outlook
What is the outlook for Cushing syndrome ?,outlook
What is the outlook for Drug-induced lupus erythematosus ?,outlook
What is the outlook for Moebius Syndrome ?,outlook
What is the outlook for Kneecap dislocation - aftercare ?,outlook
What is the outlook for Low magnesium level ?,outlook
What is the outlook for Multiple endocrine neoplasia (MEN) I ?,outlook
What is the outlook for Laryngeal Cancer ?,outlook
What is the outlook for Prader-Willi syndrome ?,outlook
What is the outlook for Febrile seizures ?,outlook
What is the outlook for Being active after your heart attack ?,outlook
What is the outlook for Urethritis ?,outlook
What is the outlook for Colon Cancer ?,outlook
What is the outlook for Dandy-Walker Syndrome ?,outlook
What is the outlook for Multiple endocrine neoplasia (MEN) II ?,outlook
What is the outlook for Stuttering ?,outlook
What is the outlook for Hartnup disorder ?,outlook
What is the outlook for Epstein pearls ?,outlook
What is the outlook for Retinal detachment repair ?,outlook
What is the outlook for Secondary parkinsonism ?,outlook
What is the outlook for Diabetic hyperglycemic hyperosmolar syndrome ?,outlook
What is the outlook for Thoracic outlet syndrome ?,outlook
What is the outlook for Candida infection of the skin ?,outlook
What is the outlook for Subareolar abscess ?,outlook
What is the outlook for Sleep Apnea ?,outlook
What is the outlook for Diverticulitis ?,outlook
What is the outlook for Speech disorders - children ?,outlook
What is the outlook for Ebstein anomaly ?,outlook
What is the outlook for Familial Mediterranean fever ?,outlook
What is the outlook for High blood pressure and eye disease ?,outlook
What is the outlook for Groin pain ?,outlook
What is the outlook for Tracheoesophageal fistula and esophageal atresia repair ?,outlook
What is the outlook for Warts ?,outlook
What is the outlook for Niemann-Pick disease ?,outlook
What is the outlook for Nystagmus ?,outlook
What is the outlook for Dengue fever ?,outlook
What is the outlook for Chills ?,outlook
What is the outlook for Urticaria pigmentosa ?,outlook
What is the outlook for Lithium toxicity ?,outlook
What is the outlook for Craniopharyngioma ?,outlook
What is the outlook for Graves disease ?,outlook
What is the outlook for Elbow pain ?,outlook
What is the outlook for Alcohol withdrawal ?,outlook
What is the outlook for Felty syndrome ?,outlook
What is the outlook for Potato plant poisoning - green tubers and sprouts ?,outlook
What is the outlook for Swelling ?,outlook
What is the outlook for Hepatitis A - children ?,outlook
What is the outlook for Limited range of motion ?,outlook
What is the outlook for Spinal stenosis ?,outlook
What is the outlook for Muscular Dystrophy ?,outlook
What is the outlook for Glomus jugulare tumor ?,outlook
What is the outlook for Lead poisoning ?,outlook
What is the outlook for Toothaches ?,outlook
What is the outlook for Chronic Lymphocytic Leukemia ?,outlook
What is the outlook for Ovarian cancer ?,outlook
What is the outlook for Arachnodactyly ?,outlook
What is the outlook for Perioral dermatitis ?,outlook
What is the outlook for Paresthesia ?,outlook
What is the outlook for Pinna abnormalities and low-set ears ?,outlook
What is the outlook for Oxygen Therapy ?,outlook
What is the outlook for Septic shock ?,outlook
What is the outlook for Aminophylline overdose ?,outlook
What is the outlook for Clubfoot ?,outlook
What is the outlook for Hypertrophic cardiomyopathy ?,outlook
What is the outlook for Waardenburg syndrome ?,outlook
What is the outlook for Peritonsillar abscess ?,outlook
What is the outlook for Intestinal or bowel obstruction - discharge ?,outlook
What is the outlook for Drug-induced hepatitis ?,outlook
What is the outlook for Chorea ?,outlook
What is the outlook for Epiglottitis ?,outlook
What is the outlook for Cyclothymic disorder ?,outlook
What is the outlook for Hip fracture surgery ?,outlook
What is the outlook for Malathion poisoning ?,outlook
What is the outlook for Metastatic brain tumor ?,outlook
What is the outlook for Tooth - abnormal colors ?,outlook
What is the outlook for Sickle cell anemia ?,outlook
What is the outlook for Failure to thrive ?,outlook
What is the outlook for Delta agent (Hepatitis D) ?,outlook
What is the outlook for Colitis ?,outlook
What is the outlook for Pine oil poisoning ?,outlook
What is the outlook for Hemodialysis access procedures ?,outlook
What is the outlook for Delirium tremens ?,outlook
What is the outlook for Tourette Syndrome ?,outlook
What is the outlook for Interstitial nephritis ?,outlook
What is the outlook for Riley-Day syndrome ?,outlook
What is the outlook for Carbon monoxide poisoning ?,outlook
What is the outlook for Phencyclidine overdose ?,outlook
What is the outlook for Fuel oil poisoning ?,outlook
What is the outlook for Facial trauma ?,outlook
What is the outlook for Alexander Disease ?,outlook
What is the outlook for Maple syrup urine disease ?,outlook
What is the outlook for Neck pain ?,outlook
What is the outlook for Intersex ?,outlook
What is the outlook for Sclerosing cholangitis ?,outlook
What is the outlook for Heart murmurs and other sounds ?,outlook
What is the outlook for Spasmus nutans ?,outlook
What is the outlook for Colon cancer ?,outlook
What is the outlook for Holoprosencephaly ?,outlook
What is the outlook for Pseudohypoparathyroidism ?,outlook
What is the outlook for Beta blockers overdose ?,outlook
What is the outlook for Acute Disseminated Encephalomyelitis ?,outlook
What is the outlook for Finger pain ?,outlook
What is the outlook for Stasis dermatitis and ulcers ?,outlook
What is the outlook for Common cold ?,outlook
What is the outlook for Toxic megacolon ?,outlook
What is the outlook for Dry eye syndrome ?,outlook
What is the outlook for Prolactinoma ?,outlook
What is the outlook for Venous insufficiency ?,outlook
What is the outlook for Myasthenia gravis ?,outlook
What is the outlook for Giant Axonal Neuropathy ?,outlook
What is the outlook for Melanoma ?,outlook
What is the outlook for Childhood Central Nervous System Embryonal Tumors ?,outlook
What is the outlook for Vaginal dryness ?,outlook
What is the outlook for Atrial myxoma ?,outlook
What is the outlook for Heel pain and Achilles tendonitis - aftercare ?,outlook
What is the outlook for Epilepsy or seizures - discharge ?,outlook
What is the outlook for Basal cell skin cancer ?,outlook
What is the outlook for Amenorrhea - primary ?,outlook
What is the outlook for Hiatal hernia ?,outlook
What is the outlook for Dysarthria ?,outlook
What is the outlook for Pinworms ?,outlook
What is the outlook for Foot sprain - aftercare ?,outlook
What is the outlook for Colpocephaly ?,outlook
What is the outlook for Pulmonary valve stenosis ?,outlook
What is the outlook for Anaplastic thyroid cancer ?,outlook
What is the outlook for Prostatitis - bacterial ?,outlook
What is the outlook for Seborrheic keratosis ?,outlook
What is the outlook for Testicular torsion repair ?,outlook
What is the outlook for Hypothyroidism ?,outlook
What is the outlook for Pilonidal dimple ?,outlook
What is the outlook for Gallstones ?,outlook
What is the outlook for Aicardi-Goutieres Syndrome Disorder ?,outlook
What is the outlook for Funnel-web spider bite ?,outlook
What is the outlook for Supranuclear ophthalmoplegia ?,outlook
What is the outlook for Restless Legs Syndrome ?,outlook
What is the outlook for Retroperitoneal fibrosis ?,outlook
What is the outlook for Substance use disorder ?,outlook
What is the outlook for Adult Acute Lymphoblastic Leukemia ?,outlook
What is the outlook for Multiple myeloma ?,outlook
What is the outlook for Alcoholic neuropathy ?,outlook
What is the outlook for Urethral stricture ?,outlook
What is the outlook for Tricuspid atresia ?,outlook
What is the outlook for Tricuspid regurgitation ?,outlook
What is the outlook for Hemolytic anemia ?,outlook
What is the outlook for Chronic Pain ?,outlook
What is the outlook for Chronic Myelogenous Leukemia ?,outlook
What is the outlook for Itching ?,outlook
What is the outlook for Myopathy ?,outlook
What is the outlook for Prognathism ?,outlook
What is the outlook for Primary Myelofibrosis ?,outlook
What is the outlook for Dacryoadenitis ?,outlook
What is the outlook for Conversion disorder ?,outlook
What is the outlook for Lymphedema ?,outlook
What is the outlook for Retinitis pigmentosa ?,outlook
What is the outlook for Idiopathic thrombocytopenic purpura (ITP) ?,outlook
What is the outlook for Scarlet fever ?,outlook
What is the outlook for Hearing loss ?,outlook
What is the outlook for Anencephaly ?,outlook
What is the outlook for Kaposi sarcoma ?,outlook
What is the outlook for Low back pain - chronic ?,outlook
What is the outlook for Benzene poisoning ?,outlook
What is the outlook for Small intestinal ischemia and infarction ?,outlook
What is the outlook for Alkalosis ?,outlook
What is the outlook for Jack-in-the-pulpit poisoning ?,outlook
What is the outlook for Acanthosis nigricans ?,outlook
What is the outlook for Chronic granulomatous disease ?,outlook
What is the outlook for Malignant otitis externa ?,outlook
What is the outlook for Insulinoma ?,outlook
What is the outlook for Pneumonia - adults - discharge ?,outlook
What is the outlook for Thioridazine overdose ?,outlook
What is the outlook for Cerebral palsy ?,outlook
What is the outlook for Knee Replacement ?,outlook
What is the outlook for Hepatitis A ?,outlook
What is the outlook for Angelman syndrome ?,outlook
What is the outlook for Periorbital cellulitis ?,outlook
What is the outlook for Borderline personality disorder ?,outlook
What is the outlook for Tinea corporis ?,outlook
What is the outlook for Erythema nodosum ?,outlook
What is the outlook for Caffeine overdose ?,outlook
What is the outlook for Hair bleach poisoning ?,outlook
What is the outlook for Dizziness and vertigo - aftercare ?,outlook
What is the outlook for Cerebral arteriovenous malformation ?,outlook
What is the outlook for Childhood Brain Stem Glioma ?,outlook
What is the outlook for Chronic subdural hematoma ?,outlook
What is the outlook for Personality disorders ?,outlook
What is the outlook for Preeclampsia ?,outlook
What is the outlook for Traumatic Brain Injury ?,outlook
What is the outlook for Familial Periodic Paralyses ?,outlook
What is the outlook for Diskitis ?,outlook
What is the outlook for Iniencephaly ?,outlook
What is the outlook for Thalassemia ?,outlook
What is the outlook for Sinusitis in adults - aftercare ?,outlook
What is the outlook for Gerstmann's Syndrome ?,outlook
What is the outlook for Interstitial keratitis ?,outlook
What is the outlook for Urinary tract infection - children ?,outlook
What is the outlook for Transposition of the great vessels ?,outlook
What is the outlook for Childhood Soft Tissue Sarcoma ?,outlook
What is the outlook for Piroxicam overdose ?,outlook
What is the outlook for Infant of diabetic mother ?,outlook
What is the outlook for Cervicitis ?,outlook
What is the outlook for Pernicious anemia ?,outlook
What is the outlook for Intestinal obstruction repair ?,outlook
What is the outlook for Transverse Myelitis ?,outlook
What is the outlook for Aspirin overdose ?,outlook
What is the outlook for Bursitis of the heel ?,outlook
What is the outlook for Malathion poisoning ?,outlook
What is the outlook for Epidural hematoma ?,outlook
What is the outlook for Fifth disease ?,outlook
What is the outlook for Meningitis ?,outlook
What is the outlook for Chancroid ?,outlook
What is the outlook for Adenomyosis ?,outlook
What is the outlook for Autoimmune hepatitis ?,outlook
What is the outlook for Group B streptococcal septicemia of the newborn ?,outlook
What is the outlook for Pneumonia - children - discharge ?,outlook
What is the outlook for Paranasal Sinus and Nasal Cavity Cancer ?,outlook
What is the outlook for Orgasmic dysfunction ?,outlook
What is the outlook for Tardive dyskinesia ?,outlook
What is the outlook for Nicotine poisoning ?,outlook
What is the outlook for Alcohol use disorder ?,outlook
What is the outlook for Aortic insufficiency ?,outlook
What is the outlook for Avoidant personality disorder ?,outlook
What is the outlook for Anti-reflux surgery - discharge ?,outlook
What is the outlook for Tennis elbow surgery - discharge ?,outlook
What is the outlook for Femoral hernia ?,outlook
What is the outlook for Hunter syndrome ?,outlook
What is the outlook for Mitochondrial Myopathy ?,outlook
What is the outlook for Morquio syndrome ?,outlook
What is the outlook for Lordosis ?,outlook
What is the outlook for Diabetic Neuropathy ?,outlook
What is the outlook for Thyroid cancer - papillary carcinoma ?,outlook
What is the outlook for Codeine overdose ?,outlook
What is the outlook for Hepatitis ?,outlook
What is the outlook for Hernia ?,outlook
What is the outlook for Anencephaly ?,outlook
What is the outlook for Beriberi ?,outlook
What is the outlook for Empty Sella Syndrome ?,outlook
What is the outlook for Urinary tract infection - adults ?,outlook
What is the outlook for Macroglobulinemia of Waldenstrom ?,outlook
What is the outlook for Tinea capitis ?,outlook
What is the outlook for Selective mutism ?,outlook
What is the outlook for Fahr's Syndrome ?,outlook
What is the outlook for Postpartum depression ?,outlook
What is the outlook for Lymphangitis ?,outlook
What is the outlook for Meningitis - tuberculous ?,outlook
What is the outlook for Niemann-Pick Disease ?,outlook
What is the outlook for Yaws ?,outlook
What is the outlook for Hydatidiform mole ?,outlook
What is the outlook for Interstitial cystitis ?,outlook
What is the outlook for Histiocytosis ?,outlook
What is the outlook for Herpangina ?,outlook
What is the outlook for Binswanger's Disease ?,outlook
What is the outlook for Shoulder pain ?,outlook
What is the outlook for Primary thrombocythemia ?,outlook
What is the outlook for Hot tub folliculitis ?,outlook
What is the outlook for Multiple vitamin overdose ?,outlook
What is the outlook for Congenital cataract ?,outlook
What is the outlook for Pellagra ?,outlook
What is the outlook for Type 2 diabetes ?,outlook
What is the outlook for Pentazocine overdose ?,outlook
What is the outlook for Bronchiectasis ?,outlook
What is the outlook for Brachial Plexus Injuries ?,outlook
What is the outlook for Vitiligo ?,outlook
What is the outlook for Klippel-Trenaunay syndrome ?,outlook
What is the outlook for Cystitis - noninfectious ?,outlook
What is the outlook for Glanzmann disease ?,outlook
What is the outlook for Kidney transplant ?,outlook
What is the outlook for Kidney stones - lithotripsy - discharge ?,outlook
What is the outlook for Congenital Myopathy ?,outlook
What is the outlook for Leg amputation - discharge ?,outlook
What is the outlook for Diverticulosis ?,outlook
What is the outlook for Pneumomediastinum ?,outlook
What is the outlook for Reflux nephropathy ?,outlook
What is the outlook for Ethanol poisoning ?,outlook
What is the outlook for Delayed ejaculation ?,outlook
What is the outlook for Cancer - renal pelvis or ureter ?,outlook
What is the outlook for Hemorrhoid removal - discharge ?,outlook
What is the outlook for Fussy or irritable child ?,outlook
What is the outlook for Metopic ridge ?,outlook
What is the outlook for Bartholin cyst or abscess ?,outlook
What is the outlook for Throat or larynx cancer ?,outlook
What is the outlook for Barrett esophagus ?,outlook
What is the outlook for Mucopolysaccharidoses ?,outlook
What is the outlook for Epilepsy - overview ?,outlook
What is the outlook for Cervical polyps ?,outlook
What is the outlook for Menkes syndrome ?,outlook
What is the outlook for Neurosyphilis ?,outlook
What is the outlook for Diarrhea - overview ?,outlook
What is the outlook for Lower esophageal ring ?,outlook
What is the outlook for Genital warts ?,outlook
What is the outlook for Juvenile angiofibroma ?,outlook
What is the outlook for Toxic nodular goiter ?,outlook
What is the outlook for Adult Primary Liver Cancer ?,outlook
What is the outlook for Hydrocephalus ?,outlook
What is the outlook for Cri du chat syndrome ?,outlook
What is the outlook for Poison ivy - oak - sumac ?,outlook
What is the outlook for Clubfoot repair ?,outlook
What is the outlook for Kennedy's Disease ?,outlook
What is the outlook for Strep throat ?,outlook
What is the outlook for Ganglioneuroblastoma ?,outlook
What is the outlook for Retrosternal thyroid surgery ?,outlook
What is the outlook for Neurodegeneration with brain iron accumulation (NBIA) ?,outlook
What is the outlook for Morning sickness ?,outlook
What is the outlook for Twin-to-twin transfusion syndrome ?,outlook
What is the outlook for Myelofibrosis ?,outlook
Are there safety concerns or special precautions about Trimethobenzamide ?,precautions
Are there safety concerns or special precautions about Piroxicam ?,precautions
Are there safety concerns or special precautions about Mechlorethamine Topical ?,precautions
Are there safety concerns or special precautions about Riluzole ?,precautions
Are there safety concerns or special precautions about Pennyroyal ?,precautions
Are there safety concerns or special precautions about Tolbutamide ?,precautions
Are there safety concerns or special precautions about Ketoconazole Topical ?,precautions
Are there safety concerns or special precautions about Pimozide ?,precautions
Are there safety concerns or special precautions about Atovaquone ?,precautions
Are there safety concerns or special precautions about Thyroid ?,precautions
Are there safety concerns or special precautions about Olopatadine Nasal Spray ?,precautions
Are there safety concerns or special precautions about Abacavir ?,precautions
Are there safety concerns or special precautions about Aflibercept Injection ?,precautions
Are there safety concerns or special precautions about Vorinostat ?,precautions
Are there safety concerns or special precautions about Carfilzomib Injection ?,precautions
Are there safety concerns or special precautions about Tacrolimus ?,precautions
Are there safety concerns or special precautions about Bisacodyl ?,precautions
Are there safety concerns or special precautions about Topiramate ?,precautions
Are there safety concerns or special precautions about Devil's claw ?,precautions
Are there safety concerns or special precautions about Levomilnacipran ?,precautions
Are there safety concerns or special precautions about Isradipine ?,precautions
Are there safety concerns or special precautions about Frovatriptan ?,precautions
Are there safety concerns or special precautions about Diclofenac Ophthalmic ?,precautions
Are there safety concerns or special precautions about Papaya ?,precautions
Are there safety concerns or special precautions about Tavaborole Topical ?,precautions
Are there safety concerns or special precautions about Zileuton ?,precautions
Are there safety concerns or special precautions about Bevacizumab Injection ?,precautions
Are there safety concerns or special precautions about Varenicline ?,precautions
Are there safety concerns or special precautions about Netupitant and Palonosetron ?,precautions
Are there safety concerns or special precautions about Fluoxymesterone ?,precautions
Are there safety concerns or special precautions about Meclofenamate ?,precautions
Are there safety concerns or special precautions about Buspirone ?,precautions
Are there safety concerns or special precautions about Guarana ?,precautions
Are there safety concerns or special precautions about Ceftolozane and Tazobactam Injection ?,precautions
Are there safety concerns or special precautions about Nicotine Nasal Spray ?,precautions
Are there safety concerns or special precautions about Peramivir Injection ?,precautions
Are there safety concerns or special precautions about Telmisartan ?,precautions
Are there safety concerns or special precautions about Fondaparinux Injection ?,precautions
Are there safety concerns or special precautions about Ferumoxytol Injection ?,precautions
Are there safety concerns or special precautions about Ethambutol ?,precautions
Are there safety concerns or special precautions about Ziprasidone Injection ?,precautions
Are there safety concerns or special precautions about Rasburicase Injection ?,precautions
Are there safety concerns or special precautions about Alfuzosin ?,precautions
Are there safety concerns or special precautions about Flecainide ?,precautions
Are there safety concerns or special precautions about Golimumab Injection ?,precautions
Are there safety concerns or special precautions about Cimetidine ?,precautions
Are there safety concerns or special precautions about Lactulose ?,precautions
Are there safety concerns or special precautions about Ketorolac Injection ?,precautions
Are there safety concerns or special precautions about Milnacipran ?,precautions
Are there safety concerns or special precautions about Lodoxamide Ophthalmic ?,precautions
Are there safety concerns or special precautions about Hydrocortisone Topical ?,precautions
Are there safety concerns or special precautions about Peginterferon Alfa-2b (PEG-Intron) ?,precautions
Are there safety concerns or special precautions about Ethacrynic Acid ?,precautions
Are there safety concerns or special precautions about Fluocinonide Topical ?,precautions
Are there safety concerns or special precautions about Fingolimod ?,precautions
Are there safety concerns or special precautions about Lanreotide Injection ?,precautions
Are there safety concerns or special precautions about Alirocumab Injection ?,precautions
Are there safety concerns or special precautions about Pilocarpine Ophthalmic ?,precautions
Are there safety concerns or special precautions about Thalidomide ?,precautions
Are there safety concerns or special precautions about Ciprofloxacin and Hydrocortisone Otic ?,precautions
Are there safety concerns or special precautions about Estrogen and Progestin (Hormone Replacement Therapy) ?,precautions
Are there safety concerns or special precautions about Acetaminophen Injection ?,precautions
Are there safety concerns or special precautions about Perindopril ?,precautions
Are there safety concerns or special precautions about Olanzapine ?,precautions
Are there safety concerns or special precautions about Clove ?,precautions
Are there safety concerns or special precautions about Natalizumab Injection ?,precautions
Are there safety concerns or special precautions about Mefenamic Acid ?,precautions
Are there safety concerns or special precautions about Creatine ?,precautions
Are there safety concerns or special precautions about Tapentadol ?,precautions
Are there safety concerns or special precautions about Palbociclib ?,precautions
Are there safety concerns or special precautions about Mesalamine Rectal ?,precautions
Are there safety concerns or special precautions about Lacosamide ?,precautions
Are there safety concerns or special precautions about Vortioxetine ?,precautions
Are there safety concerns or special precautions about Desmopressin Oral ?,precautions
Are there safety concerns or special precautions about Iron Dextran Injection ?,precautions
Are there safety concerns or special precautions about Cefotetan Injection ?,precautions
Are there safety concerns or special precautions about Sapropterin ?,precautions
Are there safety concerns or special precautions about Potassium Iodide ?,precautions
Are there safety concerns or special precautions about Sumatriptan ?,precautions
Are there safety concerns or special precautions about Daratumumab Injection ?,precautions
Are there safety concerns or special precautions about Nadolol ?,precautions
Are there safety concerns or special precautions about Beclomethasone Nasal Inhalation ?,precautions
Are there safety concerns or special precautions about Mepolizumab Injection ?,precautions
Are there safety concerns or special precautions about Allopurinol ?,precautions
Are there safety concerns or special precautions about Linezolid ?,precautions
Are there safety concerns or special precautions about Betaine ?,precautions
Are there safety concerns or special precautions about Dipivefrin Ophthalmic ?,precautions
"Are there safety concerns or special precautions about Ombitasvir, Paritaprevir, Ritonavir, and Dasabuvir ?",precautions
Are there safety concerns or special precautions about Lidocaine Viscous ?,precautions
Are there safety concerns or special precautions about Pirfenidone ?,precautions
Are there safety concerns or special precautions about Doxazosin ?,precautions
Are there safety concerns or special precautions about Ibuprofen ?,precautions
Are there safety concerns or special precautions about Ethosuximide ?,precautions
Are there safety concerns or special precautions about Bentoquatam Topical ?,precautions
Are there safety concerns or special precautions about Sodium Polystyrene Sulfonate ?,precautions
Are there safety concerns or special precautions about Hydrocodone Combination Products ?,precautions
Are there safety concerns or special precautions about Palivizumab Injection ?,precautions
Are there safety concerns or special precautions about Budesonide Oral ?,precautions
Are there safety concerns or special precautions about Clotrimazole ?,precautions
Are there safety concerns or special precautions about Cefoxitin Injection ?,precautions
Are there safety concerns or special precautions about Calcitriol ?,precautions
Are there safety concerns or special precautions about Strontium-89 Chloride ?,precautions
Are there safety concerns or special precautions about Capecitabine ?,precautions
Are there safety concerns or special precautions about Nicardipine ?,precautions
Are there safety concerns or special precautions about Norethindrone ?,precautions
Are there safety concerns or special precautions about Bosutinib ?,precautions
Are there safety concerns or special precautions about Triamcinolone ?,precautions
Are there safety concerns or special precautions about Rufinamide ?,precautions
Are there safety concerns or special precautions about Misoprostol ?,precautions
Are there safety concerns or special precautions about Valacyclovir ?,precautions
Are there safety concerns or special precautions about Diflunisal ?,precautions
Are there safety concerns or special precautions about Metronidazole Injection ?,precautions
Are there safety concerns or special precautions about Ramelteon ?,precautions
Are there safety concerns or special precautions about Glucarpidase ?,precautions
Are there safety concerns or special precautions about Cinacalcet ?,precautions
Are there safety concerns or special precautions about Brentuximab Vedotin Injection ?,precautions
Are there safety concerns or special precautions about Olive ?,precautions
Are there safety concerns or special precautions about Acyclovir Injection ?,precautions
Are there safety concerns or special precautions about Alprostadil Urogenital ?,precautions
Are there safety concerns or special precautions about Pyridostigmine ?,precautions
Are there safety concerns or special precautions about Bimatoprost Topical ?,precautions
Are there safety concerns or special precautions about Nafcillin Sodium Injection ?,precautions
Are there safety concerns or special precautions about Fosinopril ?,precautions
Are there safety concerns or special precautions about Tretinoin ?,precautions
Are there safety concerns or special precautions about Colchicine ?,precautions
Are there safety concerns or special precautions about Cladribine ?,precautions
Are there safety concerns or special precautions about Cilostazol ?,precautions
Are there safety concerns or special precautions about Cyanocobalamin Nasal Gel ?,precautions
Are there safety concerns or special precautions about Nintedanib ?,precautions
Are there safety concerns or special precautions about Phenytoin ?,precautions
Are there safety concerns or special precautions about Fluvoxamine ?,precautions
Are there safety concerns or special precautions about Tretinoin Topical ?,precautions
Are there safety concerns or special precautions about Nitroglycerin Transdermal Patch ?,precautions
Are there safety concerns or special precautions about Letrozole ?,precautions
Are there safety concerns or special precautions about Tranylcypromine ?,precautions
Are there safety concerns or special precautions about Ticagrelor ?,precautions
Are there safety concerns or special precautions about Cyclophosphamide ?,precautions
Are there safety concerns or special precautions about Exenatide Injection ?,precautions
Are there safety concerns or special precautions about Dofetilide ?,precautions
Are there safety concerns or special precautions about Stavudine ?,precautions
Are there safety concerns or special precautions about Cefepime Injection ?,precautions
Are there safety concerns or special precautions about Aminocaproic Acid ?,precautions
Are there safety concerns or special precautions about Estrogen Injection ?,precautions
Are there safety concerns or special precautions about Pantothenic acid (Vitamin B5) ?,precautions
Are there safety concerns or special precautions about Simeprevir ?,precautions
Are there safety concerns or special precautions about Ribavirin ?,precautions
Are there safety concerns or special precautions about Apomorphine ?,precautions
Are there safety concerns or special precautions about Lisinopril ?,precautions
Are there safety concerns or special precautions about Fluconazole ?,precautions
Are there safety concerns or special precautions about Bacillus coagulans ?,precautions
Are there safety concerns or special precautions about Midazolam ?,precautions
Are there safety concerns or special precautions about Horsetail ?,precautions
Are there safety concerns or special precautions about Aminolevulinic Acid Topical ?,precautions
Are there safety concerns or special precautions about Denileukin Diftitox Injection ?,precautions
Are there safety concerns or special precautions about Flurbiprofen ?,precautions
Are there safety concerns or special precautions about Dextromethorphan ?,precautions
Are there safety concerns or special precautions about Difluprednate Ophthalmic ?,precautions
Are there safety concerns or special precautions about Sodium Bicarbonate ?,precautions
Are there safety concerns or special precautions about Leucovorin ?,precautions
Are there safety concerns or special precautions about Propolis ?,precautions
Are there safety concerns or special precautions about Mipomersen Injection ?,precautions
Are there safety concerns or special precautions about Teriflunomide ?,precautions
Are there safety concerns or special precautions about Ticlopidine ?,precautions
Are there safety concerns or special precautions about Sonidegib ?,precautions
Are there safety concerns or special precautions about Triamcinolone Nasal Spray ?,precautions
Are there safety concerns or special precautions about Bimatoprost Ophthalmic ?,precautions
Are there safety concerns or special precautions about Telavancin Injection ?,precautions
Are there safety concerns or special precautions about Elotuzumab Injection ?,precautions
Are there safety concerns or special precautions about Becaplermin Topical ?,precautions
Are there safety concerns or special precautions about Codeine ?,precautions
Are there safety concerns or special precautions about Calcium Carbonate ?,precautions
Are there safety concerns or special precautions about Eltrombopag ?,precautions
Are there safety concerns or special precautions about Deoxycholic Acid Injection ?,precautions
Are there safety concerns or special precautions about Phenelzine ?,precautions
Are there safety concerns or special precautions about Brinzolamide Ophthalmic ?,precautions
Are there safety concerns or special precautions about Eprosartan ?,precautions
Are there safety concerns or special precautions about Pyrazinamide ?,precautions
Are there safety concerns or special precautions about Topotecan ?,precautions
"Are there safety concerns or special precautions about Corticotropin, Repository Injection ?",precautions
Are there safety concerns or special precautions about Posaconazole ?,precautions
Are there safety concerns or special precautions about Glatiramer Injection ?,precautions
Are there safety concerns or special precautions about Dronedarone ?,precautions
Are there safety concerns or special precautions about Risedronate ?,precautions
Are there safety concerns or special precautions about Epinephrine Injection ?,precautions
Are there safety concerns or special precautions about Felbamate ?,precautions
Are there safety concerns or special precautions about Methadone ?,precautions
Are there safety concerns or special precautions about Ceritinib ?,precautions
Are there safety concerns or special precautions about Trastuzumab Injection ?,precautions
Are there safety concerns or special precautions about Clemastine ?,precautions
Are there safety concerns or special precautions about Nimodipine ?,precautions
Are there safety concerns or special precautions about Alosetron ?,precautions
Are there safety concerns or special precautions about Tetracycline ?,precautions
Are there safety concerns or special precautions about Peginterferon Alfa-2a Injection ?,precautions
Are there safety concerns or special precautions about Insulin Detemir (rDNA Origin) Injection ?,precautions
Are there safety concerns or special precautions about Trimethadione ?,precautions
Are there safety concerns or special precautions about Ofloxacin ?,precautions
Are there safety concerns or special precautions about Carbamazepine ?,precautions
Are there safety concerns or special precautions about Ketorolac ?,precautions
Are there safety concerns or special precautions about Telithromycin ?,precautions
Are there safety concerns or special precautions about Ezogabine ?,precautions
Are there safety concerns or special precautions about Naproxen ?,precautions
Are there safety concerns or special precautions about Acetaminophen ?,precautions
Are there safety concerns or special precautions about Spearmint ?,precautions
Are there safety concerns or special precautions about Pegfilgrastim Injection ?,precautions
Are there safety concerns or special precautions about Metformin ?,precautions
Are there safety concerns or special precautions about DHEA ?,precautions
Are there safety concerns or special precautions about Vardenafil ?,precautions
Are there safety concerns or special precautions about Theophylline ?,precautions
Are there safety concerns or special precautions about Nifedipine ?,precautions
Are there safety concerns or special precautions about Ledipasvir and Sofosbuvir ?,precautions
Are there safety concerns or special precautions about Oxcarbazepine ?,precautions
Are there safety concerns or special precautions about Azilsartan ?,precautions
Are there safety concerns or special precautions about Atazanavir ?,precautions
Are there safety concerns or special precautions about Deer Velvet ?,precautions
Are there safety concerns or special precautions about Finasteride ?,precautions
Are there safety concerns or special precautions about Senna ?,precautions
Are there safety concerns or special precautions about Flunisolide Nasal Spray ?,precautions
Are there safety concerns or special precautions about Apraclonidine Ophthalmic ?,precautions
Are there safety concerns or special precautions about Coconut Water ?,precautions
Are there safety concerns or special precautions about Dexmethylphenidate ?,precautions
Are there safety concerns or special precautions about Fentanyl ?,precautions
Are there safety concerns or special precautions about Cabazitaxel Injection ?,precautions
Are there safety concerns or special precautions about Nilotinib ?,precautions
Are there safety concerns or special precautions about Daclatasvir ?,precautions
Are there safety concerns or special precautions about Avanafil ?,precautions
Are there safety concerns or special precautions about Meprobamate ?,precautions
Are there safety concerns or special precautions about Secobarbital ?,precautions
Are there safety concerns or special precautions about Belimumab Injection ?,precautions
Are there safety concerns or special precautions about Isoxsuprine Oral ?,precautions
Are there safety concerns or special precautions about Altretamine ?,precautions
Are there safety concerns or special precautions about Cefixime ?,precautions
Are there safety concerns or special precautions about Sorafenib ?,precautions
Are there safety concerns or special precautions about Pirbuterol Acetate Oral Inhalation ?,precautions
Are there safety concerns or special precautions about Estazolam ?,precautions
Are there safety concerns or special precautions about Eslicarbazepine ?,precautions
Are there safety concerns or special precautions about Zolmitriptan Nasal Spray ?,precautions
Are there safety concerns or special precautions about Methylergonovine Oral ?,precautions
Are there safety concerns or special precautions about Efinaconazole Topical ?,precautions
Are there safety concerns or special precautions about Decitabine Injection ?,precautions
Are there safety concerns or special precautions about Phenobarbital ?,precautions
Are there safety concerns or special precautions about Manganese ?,precautions
Are there safety concerns or special precautions about Dutasteride ?,precautions
Are there safety concerns or special precautions about Pralatrexate Injection ?,precautions
Are there safety concerns or special precautions about Ferrous Sulfate (Iron) ?,precautions
Are there safety concerns or special precautions about Metolazone ?,precautions
Are there safety concerns or special precautions about Sulfacetamide Ophthalmic ?,precautions
Are there safety concerns or special precautions about Mifepristone (Mifeprex) ?,precautions
Are there safety concerns or special precautions about Ergotamine and Caffeine ?,precautions
Are there safety concerns or special precautions about Temazepam ?,precautions
Are there safety concerns or special precautions about Megestrol ?,precautions
Are there safety concerns or special precautions about Losartan ?,precautions
Are there safety concerns or special precautions about Digoxin Oral ?,precautions
Are there safety concerns or special precautions about Ketoprofen ?,precautions
Are there safety concerns or special precautions about Dolasetron Injection ?,precautions
Are there safety concerns or special precautions about Valganciclovir ?,precautions
Are there safety concerns or special precautions about Sodium Ferric Gluconate Injection ?,precautions
Are there safety concerns or special precautions about Sulfadiazine ?,precautions
Are there safety concerns or special precautions about Collagenase Clostridium Histolyticum Injection ?,precautions
Are there safety concerns or special precautions about Dexlansoprazole ?,precautions
Are there safety concerns or special precautions about Vincristine Injection ?,precautions
Are there safety concerns or special precautions about Diphenoxylate ?,precautions
Are there safety concerns or special precautions about Glucosamine sulfate ?,precautions
Are there safety concerns or special precautions about Efavirenz ?,precautions
Are there safety concerns or special precautions about Meclizine ?,precautions
Are there safety concerns or special precautions about Terbutaline Injection ?,precautions
Are there safety concerns or special precautions about Acetaminophen and Codeine ?,precautions
Are there safety concerns or special precautions about L-arginine ?,precautions
Are there safety concerns or special precautions about Rifampin ?,precautions
Are there safety concerns or special precautions about Morphine Oral ?,precautions
Are there safety concerns or special precautions about Clobetasol ?,precautions
Are there safety concerns or special precautions about Tipranavir ?,precautions
Are there safety concerns or special precautions about Teriparatide (rDNA origin) Injection ?,precautions
"Are there safety concerns or special precautions about Ginseng, Siberian ?",precautions
Are there safety concerns or special precautions about Necitumumab Injection ?,precautions
Are there safety concerns or special precautions about Molindone ?,precautions
Are there safety concerns or special precautions about Clindamycin and Benzoyl Peroxide Topical ?,precautions
Are there safety concerns or special precautions about Telbivudine ?,precautions
Are there safety concerns or special precautions about Lidocaine Transdermal Patch ?,precautions
Are there safety concerns or special precautions about Metaxalone ?,precautions
Are there safety concerns or special precautions about Isavuconazonium ?,precautions
Are there safety concerns or special precautions about Eflornithine ?,precautions
Are there safety concerns or special precautions about Metipranolol Ophthalmic ?,precautions
Are there safety concerns or special precautions about Venlafaxine ?,precautions
Are there safety concerns or special precautions about Bortezomib ?,precautions
Are there safety concerns or special precautions about Talimogene Laherparepvec Injection ?,precautions
Are there safety concerns or special precautions about Fidaxomicin ?,precautions
Are there safety concerns or special precautions about Praziquantel ?,precautions
Are there safety concerns or special precautions about Ivacaftor ?,precautions
Are there safety concerns or special precautions about Pertuzumab Injection ?,precautions
Are there safety concerns or special precautions about Prednisone ?,precautions
Are there safety concerns or special precautions about Ropinirole ?,precautions
Are there safety concerns or special precautions about Iloperidone ?,precautions
Are there safety concerns or special precautions about Cod Liver Oil ?,precautions
Are there safety concerns or special precautions about Nitroglycerin Topical ?,precautions
Are there safety concerns or special precautions about Rosiglitazone ?,precautions
Are there safety concerns or special precautions about Eluxadoline ?,precautions
Are there safety concerns or special precautions about Celecoxib ?,precautions
Are there safety concerns or special precautions about Dextroamphetamine ?,precautions
"Are there safety concerns or special precautions about Sodium Picosulfate, Magnesium Oxide, and Anhydrous Citric Acid ?",precautions
Are there safety concerns or special precautions about Clioquinol Topical ?,precautions
Are there safety concerns or special precautions about Clopidogrel ?,precautions
Are there safety concerns or special precautions about Methylprednisolone Oral ?,precautions
Are there safety concerns or special precautions about Indomethacin ?,precautions
Are there safety concerns or special precautions about Triamterene ?,precautions
Are there safety concerns or special precautions about Pembrolizumab Injection ?,precautions
Are there safety concerns or special precautions about Demeclocycline ?,precautions
Are there safety concerns or special precautions about Sotalol ?,precautions
Are there safety concerns or special precautions about Edoxaban ?,precautions
Are there safety concerns or special precautions about Dapagliflozin ?,precautions
Are there safety concerns or special precautions about Flutamide ?,precautions
Are there safety concerns or special precautions about Metronidazole Topical ?,precautions
Are there safety concerns or special precautions about Interferon Gamma-1b Injection ?,precautions
Are there safety concerns or special precautions about Glimepiride ?,precautions
Are there safety concerns or special precautions about Daunorubicin Lipid Complex Injection ?,precautions
Are there safety concerns or special precautions about Roflumilast ?,precautions
Are there safety concerns or special precautions about Acamprosate ?,precautions
Are there safety concerns or special precautions about Chlordiazepoxide ?,precautions
Are there safety concerns or special precautions about Bisoprolol ?,precautions
Are there safety concerns or special precautions about Desoximetasone Topical ?,precautions
Are there safety concerns or special precautions about Sevelamer ?,precautions
Are there safety concerns or special precautions about Trifluridine and Tipiracil ?,precautions
Are there safety concerns or special precautions about Vemurafenib ?,precautions
Are there safety concerns or special precautions about Aliskiren ?,precautions
Are there safety concerns or special precautions about Montelukast ?,precautions
Are there safety concerns or special precautions about Vandetanib ?,precautions
Are there safety concerns or special precautions about Pentazocine ?,precautions
Are there safety concerns or special precautions about Enalapril ?,precautions
Are there safety concerns or special precautions about Cabergoline ?,precautions
Are there safety concerns or special precautions about Hops ?,precautions
Are there safety concerns or special precautions about Risperidone ?,precautions
Are there safety concerns or special precautions about Triptorelin Injection ?,precautions
Are there safety concerns or special precautions about Rimantadine ?,precautions
Are there safety concerns or special precautions about Boceprevir ?,precautions
Are there safety concerns or special precautions about Aminocaproic Acid Injection ?,precautions
Are there safety concerns or special precautions about Doripenem Injection ?,precautions
Are there safety concerns or special precautions about Bacitracin Ophthalmic ?,precautions
Are there safety concerns or special precautions about Diltiazem ?,precautions
Are there safety concerns or special precautions about Carvedilol ?,precautions
Are there safety concerns or special precautions about Propafenone ?,precautions
Are there safety concerns or special precautions about Obinutuzumab Injection ?,precautions
Are there safety concerns or special precautions about Acetazolamide Oral ?,precautions
Are there safety concerns or special precautions about Azacitidine Injection ?,precautions
Are there safety concerns or special precautions about Miconazole ?,precautions
Are there safety concerns or special precautions about Indapamide ?,precautions
Are there safety concerns or special precautions about Tedizolid ?,precautions
Are there safety concerns or special precautions about Tobramycin Ophthalmic ?,precautions
Are there safety concerns or special precautions about Mebendazole ?,precautions
Are there safety concerns or special precautions about Dabrafenib ?,precautions
Are there safety concerns or special precautions about Ixazomib ?,precautions
Are there safety concerns or special precautions about Acebutolol ?,precautions
Are there safety concerns or special precautions about Sofosbuvir ?,precautions
Are there safety concerns or special precautions about Griseofulvin ?,precautions
Are there safety concerns or special precautions about Ertapenem Injection ?,precautions
Are there safety concerns or special precautions about Ketoconazole ?,precautions
Are there safety concerns or special precautions about Pantoprazole ?,precautions
Are there safety concerns or special precautions about Ciclesonide Nasal Spray ?,precautions
Are there safety concerns or special precautions about Medroxyprogesterone ?,precautions
Are there safety concerns or special precautions about Levoleucovorin Injection ?,precautions
Are there safety concerns or special precautions about Ethinyl Estradiol and Etonogestrel Vaginal Ring ?,precautions
Are there safety concerns or special precautions about Horny Goat Weed ?,precautions
Are there safety concerns or special precautions about Simethicone ?,precautions
Are there safety concerns or special precautions about Acyclovir ?,precautions
Are there safety concerns or special precautions about Dextromethorphan and Quinidine ?,precautions
Are there safety concerns or special precautions about Naloxegol ?,precautions
Are there safety concerns or special precautions about Dapsone ?,precautions
Are there safety concerns or special precautions about Simvastatin ?,precautions
Are there safety concerns or special precautions about Nicotine Oral Inhalation ?,precautions
Are there safety concerns or special precautions about Cyclopentolate Ophthalmic ?,precautions
Are there safety concerns or special precautions about Folic Acid ?,precautions
Are there safety concerns or special precautions about Foscarnet Sodium Injection ?,precautions
Are there safety concerns or special precautions about Hydroxyzine ?,precautions
Are there safety concerns or special precautions about Mometasone Oral Inhalation ?,precautions
Are there safety concerns or special precautions about Ruxolitinib ?,precautions
Are there safety concerns or special precautions about Enfuvirtide Injection ?,precautions
Are there safety concerns or special precautions about Lomitapide ?,precautions
Are there safety concerns or special precautions about Blond psyllium ?,precautions
Are there safety concerns or special precautions about Betaxolol ?,precautions
Are there safety concerns or special precautions about Auranofin ?,precautions
Are there safety concerns or special precautions about Febuxostat ?,precautions
Are there safety concerns or special precautions about Lipase ?,precautions
Are there safety concerns or special precautions about Gefitinib ?,precautions
Are there safety concerns or special precautions about Pravastatin ?,precautions
Are there safety concerns or special precautions about Hydromorphone Rectal ?,precautions
Are there safety concerns or special precautions about Cefuroxime Injection ?,precautions
Are there safety concerns or special precautions about Progesterone ?,precautions
Are there safety concerns or special precautions about Vinblastine ?,precautions
Are there safety concerns or special precautions about Brexpiprazole ?,precautions
Are there safety concerns or special precautions about Minoxidil Topical ?,precautions
Are there safety concerns or special precautions about Ceftazidime and Avibactam Injection ?,precautions
Are there safety concerns or special precautions about Sodium Oxybate ?,precautions
Are there safety concerns or special precautions about Exemestane ?,precautions
Are there safety concerns or special precautions about Lomustine ?,precautions
Are there safety concerns or special precautions about Nabumetone ?,precautions
Are there safety concerns or special precautions about Betamethasone Topical ?,precautions
Are there safety concerns or special precautions about Clonidine ?,precautions
Are there safety concerns or special precautions about Bismuth Subsalicylate ?,precautions
Are there safety concerns or special precautions about Isotretinoin ?,precautions
Are there safety concerns or special precautions about Ibandronate ?,precautions
Are there safety concerns or special precautions about Testosterone Transdermal Patch ?,precautions
Are there safety concerns or special precautions about Sertaconazole Topical ?,precautions
Are there safety concerns or special precautions about Furosemide ?,precautions
Are there safety concerns or special precautions about Ibuprofen ?,precautions
Are there safety concerns or special precautions about Delavirdine ?,precautions
Are there safety concerns or special precautions about Nystatin and Triamcinolone ?,precautions
Are there safety concerns or special precautions about Silodosin ?,precautions
Are there safety concerns or special precautions about Floxuridine ?,precautions
Are there safety concerns or special precautions about Dong quai ?,precautions
Are there safety concerns or special precautions about Estramustine ?,precautions
Are there safety concerns or special precautions about Darbepoetin Alfa Injection ?,precautions
Are there safety concerns or special precautions about Dalfampridine ?,precautions
Are there safety concerns or special precautions about Lurasidone ?,precautions
Are there safety concerns or special precautions about Hydromorphone ?,precautions
Are there safety concerns or special precautions about Mitomycin ?,precautions
Are there safety concerns or special precautions about Erythromycin Ophthalmic ?,precautions
Are there safety concerns or special precautions about Elbasvir and Grazoprevir ?,precautions
Are there safety concerns or special precautions about Atorvastatin ?,precautions
Are there safety concerns or special precautions about Betaxolol Ophthalmic ?,precautions
Are there safety concerns or special precautions about Gelatin ?,precautions
Are there safety concerns or special precautions about Oscillococcinum ?,precautions
Are there safety concerns or special precautions about Valproic Acid ?,precautions
Are there safety concerns or special precautions about Besifloxacin Ophthalmic ?,precautions
Are there safety concerns or special precautions about Amoxapine ?,precautions
Are there safety concerns or special precautions about Clonidine Transdermal Patch ?,precautions
Are there safety concerns or special precautions about Coconut Oil ?,precautions
Are there safety concerns or special precautions about Oxaprozin ?,precautions
Are there safety concerns or special precautions about Dexamethasone Ophthalmic ?,precautions
Are there safety concerns or special precautions about Magnesium Hydroxide ?,precautions
Are there safety concerns or special precautions about Danazol ?,precautions
Are there safety concerns or special precautions about Propantheline ?,precautions
Are there safety concerns or special precautions about Selenium Sulfide ?,precautions
Are there safety concerns or special precautions about Cyanocobalamin Injection ?,precautions
Are there safety concerns or special precautions about Metoclopramide ?,precautions
Are there safety concerns or special precautions about Cyclosporine ?,precautions
Are there safety concerns or special precautions about Alendronate ?,precautions
Are there safety concerns or special precautions about Ipratropium Oral Inhalation ?,precautions
Are there safety concerns or special precautions about Fluticasone Nasal Spray ?,precautions
Are there safety concerns or special precautions about Flurbiprofen Ophthalmic ?,precautions
Are there safety concerns or special precautions about Trandolapril and Verapamil ?,precautions
Are there safety concerns or special precautions about Pimecrolimus Topical ?,precautions
Are there safety concerns or special precautions about Zinc ?,precautions
Are there safety concerns or special precautions about Tolazamide ?,precautions
Are there safety concerns or special precautions about Enzalutamide ?,precautions
Are there safety concerns or special precautions about Labetalol Oral ?,precautions
Are there safety concerns or special precautions about Tasimelteon ?,precautions
Are there safety concerns or special precautions about Ibandronate Injection ?,precautions
Are there safety concerns or special precautions about Diethylpropion ?,precautions
Are there safety concerns or special precautions about Amphetamine ?,precautions
Are there safety concerns or special precautions about Olodaterol Oral Inhalation ?,precautions
"Are there safety concerns or special precautions about Filgrastim, Filgrastim-sndz, Tbo-filgrastim Injection ?",precautions
Are there safety concerns or special precautions about Lapatinib ?,precautions
Are there safety concerns or special precautions about Blue-green algae ?,precautions
Are there safety concerns or special precautions about Budesonide Nasal Spray ?,precautions
Are there safety concerns or special precautions about Emtricitabine and Tenofovir ?,precautions
Are there safety concerns or special precautions about Gymnema ?,precautions
Are there safety concerns or special precautions about Fenoprofen ?,precautions
Are there safety concerns or special precautions about Cytarabine Lipid Complex Injection ?,precautions
Are there safety concerns or special precautions about Calcitriol Topical ?,precautions
Are there safety concerns or special precautions about Lanthanum ?,precautions
Are there safety concerns or special precautions about Fosfomycin ?,precautions
Are there safety concerns or special precautions about Ferric Carboxymaltose Injection ?,precautions
Are there safety concerns or special precautions about Asenapine ?,precautions
Are there safety concerns or special precautions about Bladderwrack ?,precautions
Are there safety concerns or special precautions about Bifidobacteria ?,precautions
Are there safety concerns or special precautions about Unoprostone Ophthalmic ?,precautions
Are there safety concerns or special precautions about Everolimus ?,precautions
Are there safety concerns or special precautions about Indacaterol Oral Inhalation ?,precautions
Are there safety concerns or special precautions about Ibritumomab Injection ?,precautions
Are there safety concerns or special precautions about Enoxaparin Injection ?,precautions
Are there safety concerns or special precautions about Imiquimod Topical ?,precautions
Are there safety concerns or special precautions about Moxifloxacin Injection ?,precautions
Are there safety concerns or special precautions about Naftifine Hydrochloride Topical ?,precautions
Are there safety concerns or special precautions about Aspirin ?,precautions
Are there safety concerns or special precautions about Quinidine Oral ?,precautions
Are there safety concerns or special precautions about Iloprost ?,precautions
Are there safety concerns or special precautions about Nitrofurantoin ?,precautions
Are there safety concerns or special precautions about Yerba Mate ?,precautions
Are there safety concerns or special precautions about Belatacept Injection ?,precautions
Are there safety concerns or special precautions about Busulfan ?,precautions
Are there safety concerns or special precautions about Deferasirox ?,precautions
Are there safety concerns or special precautions about Naloxone Injection ?,precautions
Are there safety concerns or special precautions about Vedolizumab Injection ?,precautions
Are there safety concerns or special precautions about Desvenlafaxine ?,precautions
Are there safety concerns or special precautions about Nepafenac Ophthalmic ?,precautions
Are there safety concerns or special precautions about Bicalutamide ?,precautions
Are there safety concerns or special precautions about Nitroglycerin Sublingual ?,precautions
Are there safety concerns or special precautions about Promethazine ?,precautions
Are there safety concerns or special precautions about Voriconazole ?,precautions
Are there safety concerns or special precautions about Irbesartan ?,precautions
Are there safety concerns or special precautions about Resveratrol ?,precautions
Are there safety concerns or special precautions about Aspirin and Extended-Release Dipyridamole ?,precautions
"Are there safety concerns or special precautions about Neomycin, Polymyxin, and Bacitracin Ophthalmic ?",precautions
Are there safety concerns or special precautions about Diclofenac and Misoprostol ?,precautions
Are there safety concerns or special precautions about Moxifloxacin Ophthalmic ?,precautions
Are there safety concerns or special precautions about Hydrocortisone Injection ?,precautions
Are there safety concerns or special precautions about Topotecan Injection ?,precautions
Are there safety concerns or special precautions about Mebendazole ?,precautions
Are there safety concerns or special precautions about Pentamidine Isethionate Injection ?,precautions
Are there safety concerns or special precautions about Arnica ?,precautions
Are there safety concerns or special precautions about Ergoloid Mesylates ?,precautions
Are there safety concerns or special precautions about Epoetin Alfa Injection ?,precautions
Are there safety concerns or special precautions about Methotrexate ?,precautions
Are there safety concerns or special precautions about Isoetharine Oral Inhalation ?,precautions
Are there safety concerns or special precautions about Halcinonide Topical ?,precautions
Are there safety concerns or special precautions about Estrogen Vaginal ?,precautions
Are there safety concerns or special precautions about Fluconazole Injection ?,precautions
Are there safety concerns or special precautions about Duloxetine ?,precautions
Are there safety concerns or special precautions about Methimazole ?,precautions
Are there safety concerns or special precautions about Medroxyprogesterone Injection ?,precautions
Are there safety concerns or special precautions about Pseudoephedrine ?,precautions
Are there safety concerns or special precautions about Bumetanide ?,precautions
Are there safety concerns or special precautions about Benzoyl Peroxide Topical ?,precautions
Are there safety concerns or special precautions about Perphenazine ?,precautions
Are there safety concerns or special precautions about Mycophenolate ?,precautions
Are there safety concerns or special precautions about Osimertinib ?,precautions
Are there safety concerns or special precautions about Etodolac ?,precautions
Are there safety concerns or special precautions about Cevimeline ?,precautions
Are there safety concerns or special precautions about Estrogen and Bazedoxifene ?,precautions
Are there safety concerns or special precautions about Slippery Elm ?,precautions
Are there safety concerns or special precautions about Ponatinib ?,precautions
Are there safety concerns or special precautions about Nalbuphine Injection ?,precautions
Are there safety concerns or special precautions about Cascara ?,precautions
Are there safety concerns or special precautions about Diclofenac Topical (actinic keratosis) ?,precautions
Are there safety concerns or special precautions about Aprepitant ?,precautions
Are there safety concerns or special precautions about Verapamil ?,precautions
Are there safety concerns or special precautions about Doxycycline Injection ?,precautions
Are there safety concerns or special precautions about Icosapent Ethyl ?,precautions
Are there safety concerns or special precautions about Flibanserin ?,precautions
Are there safety concerns or special precautions about Thiamine ?,precautions
Are there safety concerns or special precautions about Lansoprazole ?,precautions
Are there safety concerns or special precautions about Rizatriptan ?,precautions
Are there safety concerns or special precautions about Tafluprost Ophthalmic ?,precautions
Are there safety concerns or special precautions about Secukinumab Injection ?,precautions
"Are there safety concerns or special precautions about Lansoprazole, Clarithromycin, and Amoxicillin ?",precautions
Are there safety concerns or special precautions about Triazolam ?,precautions
Are there safety concerns or special precautions about Galantamine ?,precautions
Are there safety concerns or special precautions about Omega-3 Fatty Acids ?,precautions
Are there safety concerns or special precautions about Cetuximab Injection ?,precautions
Are there safety concerns or special precautions about Rose Hip ?,precautions
Are there safety concerns or special precautions about Phosphate salts ?,precautions
Are there safety concerns or special precautions about Testosterone Buccal ?,precautions
Are there safety concerns or special precautions about Hydrocodone ?,precautions
Are there safety concerns or special precautions about Iron Sucrose Injection ?,precautions
Are there safety concerns or special precautions about Tamoxifen ?,precautions
Are there safety concerns or special precautions about Ezogabine ?,precautions
Are there safety concerns or special precautions about Prasugrel ?,precautions
Are there safety concerns or special precautions about Alfalfa ?,precautions
Are there safety concerns or special precautions about Ranitidine Hydrochloride Injection ?,precautions
Are there safety concerns or special precautions about Fentanyl Sublingual Spray ?,precautions
Are there safety concerns or special precautions about Cetirizine ?,precautions
Are there safety concerns or special precautions about Ciprofloxacin ?,precautions
Are there safety concerns or special precautions about Palm Oil ?,precautions
Are there safety concerns or special precautions about Amlodipine and Benazepril ?,precautions
Are there safety concerns or special precautions about Apremilast ?,precautions
Are there safety concerns or special precautions about Vigabatrin ?,precautions
Are there safety concerns or special precautions about Rosuvastatin ?,precautions
Are there safety concerns or special precautions about Tolmetin ?,precautions
Are there safety concerns or special precautions about Methamphetamine ?,precautions
Are there safety concerns or special precautions about Liothyronine ?,precautions
Are there safety concerns or special precautions about Candesartan ?,precautions
Are there safety concerns or special precautions about Haloperidol ?,precautions
Are there safety concerns or special precautions about Omega-6 Fatty Acids ?,precautions
Are there safety concerns or special precautions about Aripiprazole Injection ?,precautions
Are there safety concerns or special precautions about Grape ?,precautions
Are there safety concerns or special precautions about Naloxone Nasal Spray ?,precautions
Are there safety concerns or special precautions about Methenamine ?,precautions
Are there safety concerns or special precautions about Chloramphenicol Injection ?,precautions
Are there safety concerns or special precautions about Clindamycin Injection ?,precautions
Are there safety concerns or special precautions about Pyridoxine (Vitamin B6) ?,precautions
Are there safety concerns or special precautions about Vinorelbine ?,precautions
Are there safety concerns or special precautions about Aldesleukin ?,precautions
Are there safety concerns or special precautions about Beta-carotene ?,precautions
Are there safety concerns or special precautions about Warfarin ?,precautions
Are there safety concerns or special precautions about Etidronate ?,precautions
Are there safety concerns or special precautions about Sunitinib ?,precautions
Are there safety concerns or special precautions about Clonazepam ?,precautions
Are there safety concerns or special precautions about Eribulin Injection ?,precautions
Are there safety concerns or special precautions about Ciclopirox Topical ?,precautions
Are there safety concerns or special precautions about Testosterone Topical ?,precautions
Are there safety concerns or special precautions about Lithium ?,precautions
Are there safety concerns or special precautions about Pentosan Polysulfate ?,precautions
Are there safety concerns or special precautions about Bacitracin Topical ?,precautions
Are there safety concerns or special precautions about Halobetasol ?,precautions
Are there safety concerns or special precautions about Diazepam Rectal ?,precautions
Are there safety concerns or special precautions about Teduglutide Injection ?,precautions
Are there safety concerns or special precautions about Eculizumab Injection ?,precautions
Are there safety concerns or special precautions about Tramadol ?,precautions
Are there safety concerns or special precautions about Trimipramine ?,precautions
Are there safety concerns or special precautions about Temozolomide ?,precautions
Are there safety concerns or special precautions about Infliximab Injection ?,precautions
Are there safety concerns or special precautions about Entecavir ?,precautions
Are there safety concerns or special precautions about Oregano ?,precautions
Are there safety concerns or special precautions about Atomoxetine ?,precautions
Are there safety concerns or special precautions about Omalizumab Injection ?,precautions
Are there safety concerns or special precautions about Oxacillin Sodium Injection ?,precautions
Are there safety concerns or special precautions about Acetylcysteine Oral Inhalation ?,precautions
Are there safety concerns or special precautions about Sulconazole Topical ?,precautions
Are there safety concerns or special precautions about Apixaban ?,precautions
Are there safety concerns or special precautions about Scopolamine Transdermal Patch ?,precautions
Are there safety concerns or special precautions about Rivastigmine ?,precautions
Are there safety concerns or special precautions about Captopril ?,precautions
Are there safety concerns or special precautions about Octreotide Injection ?,precautions
Are there safety concerns or special precautions about Clindamycin Vaginal ?,precautions
Are there safety concerns or special precautions about Dronabinol ?,precautions
Are there safety concerns or special precautions about Biotin ?,precautions
Are there safety concerns or special precautions about Famotidine Injection ?,precautions
Are there safety concerns or special precautions about Isocarboxazid ?,precautions
Are there safety concerns or special precautions about Tetrahydrozoline Ophthalmic ?,precautions
Are there safety concerns or special precautions about Nitazoxanide ?,precautions
Are there safety concerns or special precautions about Tinidazole ?,precautions
Are there safety concerns or special precautions about Zoledronic Acid Injection ?,precautions
Are there safety concerns or special precautions about Bendamustine Injection ?,precautions
Are there safety concerns or special precautions about Ciprofloxacin Ophthalmic ?,precautions
Are there safety concerns or special precautions about Lorcaserin ?,precautions
Are there safety concerns or special precautions about Pentoxifylline ?,precautions
Are there safety concerns or special precautions about Metoprolol ?,precautions
Are there safety concerns or special precautions about Buprenorphine Transdermal Patch ?,precautions
Are there safety concerns or special precautions about Rilpivirine ?,precautions
Are there safety concerns or special precautions about Levothyroxine ?,precautions
Are there safety concerns or special precautions about Dorzolamide and Timolol Ophthalmic ?,precautions
Are there safety concerns or special precautions about Oxycodone ?,precautions
Are there safety concerns or special precautions about Vincristine Lipid Complex Injection ?,precautions
Are there safety concerns or special precautions about Glucosamine hydrochloride ?,precautions
Are there safety concerns or special precautions about Busulfan Injection ?,precautions
Are there safety concerns or special precautions about Perampanel ?,precautions
Are there safety concerns or special precautions about Famotidine ?,precautions
Are there safety concerns or special precautions about Palifermin ?,precautions
Are there safety concerns or special precautions about Canagliflozin ?,precautions
Are there safety concerns or special precautions about Idarubicin ?,precautions
Are there safety concerns or special precautions about Lamotrigine ?,precautions
Are there safety concerns or special precautions about Abatacept Injection ?,precautions
Are there safety concerns or special precautions about Doxorubicin Lipid Complex Injection ?,precautions
Are there safety concerns or special precautions about Bexarotene Topical ?,precautions
"Are there safety concerns or special precautions about Neomycin, Polymyxin, and Bacitracin Topical ?",precautions
Are there safety concerns or special precautions about Sertraline ?,precautions
Are there safety concerns or special precautions about Ramipril ?,precautions
Are there safety concerns or special precautions about Nicotine Lozenges ?,precautions
Are there safety concerns or special precautions about Luliconazole Topical ?,precautions
Are there safety concerns or special precautions about Procainamide Oral ?,precautions
Are there safety concerns or special precautions about Tositumomab Injection ?,precautions
Are there safety concerns or special precautions about Terbinafine ?,precautions
Are there safety concerns or special precautions about Doxylamine ?,precautions
Are there safety concerns or special precautions about Crofelemer ?,precautions
Are there safety concerns or special precautions about Calendula ?,precautions
"Are there safety concerns or special precautions about Hydrocortisone, Neomycin, and Polymyxin ?",precautions
Are there safety concerns or special precautions about Ascorbic Acid ?,precautions
Are there safety concerns or special precautions about Panitumumab Injection ?,precautions
Are there safety concerns or special precautions about Sodium Phosphate ?,precautions
Are there safety concerns or special precautions about Chlorpheniramine ?,precautions
Are there safety concerns or special precautions about Azelaic Acid Topical ?,precautions
Are there safety concerns or special precautions about Chondroitin sulfate ?,precautions
Are there safety concerns or special precautions about Evolocumab Injection ?,precautions
Are there safety concerns or special precautions about Certolizumab Injection ?,precautions
Are there safety concerns or special precautions about Amphotericin B Lipid Complex Injection ?,precautions
Are there safety concerns or special precautions about Cefaclor ?,precautions
Are there safety concerns or special precautions about Pyridoxine ?,precautions
Are there safety concerns or special precautions about Hydrocortisone Oral ?,precautions
Are there safety concerns or special precautions about Folic acid ?,precautions
Are there safety concerns or special precautions about Minocycline Oral ?,precautions
Are there safety concerns or special precautions about Methyldopa and Hydrochlorothiazide ?,precautions
Are there safety concerns or special precautions about Omeprazole ?,precautions
Are there safety concerns or special precautions about Acitretin ?,precautions
"Are there safety concerns or special precautions about Ombitasvir, Paritaprevir, and Ritonavir ?",precautions
Are there safety concerns or special precautions about Tobramycin Injection ?,precautions
Are there safety concerns or special precautions about Estrogen ?,precautions
Are there safety concerns or special precautions about Gentamicin Injection ?,precautions
Are there safety concerns or special precautions about Calcipotriene Topical ?,precautions
Are there safety concerns or special precautions about Famciclovir ?,precautions
Are there safety concerns or special precautions about Dinutuximab Injection ?,precautions
Are there safety concerns or special precautions about Sildenafil ?,precautions
Are there safety concerns or special precautions about Tesamorelin Injection ?,precautions
Are there safety concerns or special precautions about Epinastine Ophthalmic ?,precautions
Are there safety concerns or special precautions about Aminophylline ?,precautions
Are there safety concerns or special precautions about Glycopyrrolate ?,precautions
Are there safety concerns or special precautions about American ginseng ?,precautions
Are there safety concerns or special precautions about Butabarbital ?,precautions
"Are there safety concerns or special precautions about Terconazole Vaginal Cream, Vaginal Suppositories ?",precautions
Are there safety concerns or special precautions about Torsemide Injection ?,precautions
Are there safety concerns or special precautions about Quinupristin and Dalfopristin Injection ?,precautions
Are there safety concerns or special precautions about Bupropion ?,precautions
Are there safety concerns or special precautions about Saquinavir ?,precautions
Are there safety concerns or special precautions about Blueberry ?,precautions
Are there safety concerns or special precautions about Lactobacillus ?,precautions
Are there safety concerns or special precautions about Aluminum Hydroxide ?,precautions
Are there safety concerns or special precautions about Temsirolimus ?,precautions
Are there safety concerns or special precautions about Gemifloxacin ?,precautions
Are there safety concerns or special precautions about Alprazolam ?,precautions
Are there safety concerns or special precautions about Naratriptan ?,precautions
Are there safety concerns or special precautions about MSM (Methylsulfonylmethane) ?,precautions
Are there safety concerns or special precautions about Eucalyptus ?,precautions
Are there safety concerns or special precautions about Amikacin Injection ?,precautions
Are there safety concerns or special precautions about Benzonatate ?,precautions
Are there safety concerns or special precautions about Fesoterodine ?,precautions
Are there safety concerns or special precautions about Protriptyline ?,precautions
Are there safety concerns or special precautions about Isavuconazonium Injection ?,precautions
Are there safety concerns or special precautions about Testosterone Injection ?,precautions
Are there safety concerns or special precautions about Indinavir ?,precautions
Are there safety concerns or special precautions about Ixabepilone Injection ?,precautions
Are there safety concerns or special precautions about Amiodarone ?,precautions
Are there safety concerns or special precautions about Tolcapone ?,precautions
Are there safety concerns or special precautions about Ezetimibe ?,precautions
Are there safety concerns or special precautions about Rivastigmine Transdermal Patch ?,precautions
Are there safety concerns or special precautions about Carmustine ?,precautions
Are there safety concerns or special precautions about Fluorouracil Injection ?,precautions
Are there safety concerns or special precautions about Fentanyl Nasal Spray ?,precautions
Are there safety concerns or special precautions about Isosorbide ?,precautions
Are there safety concerns or special precautions about Lisdexamfetamine ?,precautions
Are there safety concerns or special precautions about Tolvaptan ?,precautions
Are there safety concerns or special precautions about Dicyclomine ?,precautions
Are there safety concerns or special precautions about Pau D'arco ?,precautions
Are there safety concerns or special precautions about Dalteparin Injection ?,precautions
Are there safety concerns or special precautions about Temozolomide Injection ?,precautions
Are there safety concerns or special precautions about Interferon Alfacon-1 Injection ?,precautions
Are there safety concerns or special precautions about Rosiglitazone ?,precautions
Are there safety concerns or special precautions about Fluticasone Topical ?,precautions
Are there safety concerns or special precautions about Dobutamine Hydrochloride Injection ?,precautions
Are there safety concerns or special precautions about Isoniazid ?,precautions
Are there safety concerns or special precautions about Miglustat ?,precautions
Are there safety concerns or special precautions about Quetiapine ?,precautions
Are there safety concerns or special precautions about Lisinopril and Hydrochlorothiazide ?,precautions
Are there safety concerns or special precautions about Desloratadine ?,precautions
Are there safety concerns or special precautions about Ustekinumab Injection ?,precautions
Are there safety concerns or special precautions about Verteporfin Injection ?,precautions
Are there safety concerns or special precautions about Nateglinide Oral ?,precautions
Are there safety concerns or special precautions about Niacin ?,precautions
Are there safety concerns or special precautions about Quinapril ?,precautions
Are there safety concerns or special precautions about Dinoprostone ?,precautions
Are there safety concerns or special precautions about Roman chamomile ?,precautions
Are there safety concerns or special precautions about Tizanidine ?,precautions
Are there safety concerns or special precautions about Chlorthalidone ?,precautions
Are there safety concerns or special precautions about Melphalan ?,precautions
Are there safety concerns or special precautions about Interferon beta-1a Subcutaneous Injection ?,precautions
Are there safety concerns or special precautions about Insulin Aspart (rDNA Origin) Injection ?,precautions
Are there safety concerns or special precautions about Dulaglutide Injection ?,precautions
Are there safety concerns or special precautions about Cytarabine ?,precautions
Are there safety concerns or special precautions about Estradiol Transdermal Patch ?,precautions
Are there safety concerns or special precautions about Progestin-Only Oral Contraceptives ?,precautions
Are there safety concerns or special precautions about Hydromorphone Injection ?,precautions
Are there safety concerns or special precautions about Acyclovir Topical ?,precautions
Are there safety concerns or special precautions about Dalbavancin Injection ?,precautions
Are there safety concerns or special precautions about Green Coffee ?,precautions
Are there safety concerns or special precautions about Erythromycin and Benzoyl Peroxide Topical ?,precautions
Are there safety concerns or special precautions about Propranolol (Infantile Hemangioma) ?,precautions
Are there safety concerns or special precautions about Retapamulin ?,precautions
Are there safety concerns or special precautions about Pyrantel ?,precautions
Are there safety concerns or special precautions about Pamidronate Injection ?,precautions
Are there safety concerns or special precautions about Paliperidone Injection ?,precautions
Are there safety concerns or special precautions about Dipyridamole ?,precautions
Are there safety concerns or special precautions about Liotrix ?,precautions
Are there safety concerns or special precautions about Albuterol ?,precautions
Are there safety concerns or special precautions about Estrogen and Progestin (Oral Contraceptives) ?,precautions
Are there safety concerns or special precautions about Lovastatin ?,precautions
Are there safety concerns or special precautions about Diclofenac Transdermal Patch ?,precautions
Are there safety concerns or special precautions about Atenolol ?,precautions
Are there safety concerns or special precautions about Darifenacin ?,precautions
Are there safety concerns or special precautions about Prochlorperazine ?,precautions
Are there safety concerns or special precautions about Pramlintide Injection ?,precautions
Are there safety concerns or special precautions about Reserpine ?,precautions
Are there safety concerns or special precautions about Tenofovir ?,precautions
Are there safety concerns or special precautions about Doxepin ?,precautions
Are there safety concerns or special precautions about Anastrozole ?,precautions
Are there safety concerns or special precautions about Cefotaxime Injection ?,precautions
Are there safety concerns or special precautions about Erythromycin ?,precautions
Are there safety concerns or special precautions about Co-trimoxazole Injection ?,precautions
Are there safety concerns or special precautions about Cromolyn Oral Inhalation ?,precautions
Are there safety concerns or special precautions about Rifapentine ?,precautions
Are there safety concerns or special precautions about Etoposide ?,precautions
Are there safety concerns or special precautions about Desonide Topical ?,precautions
Are there safety concerns or special precautions about Lacosamide Injection ?,precautions
Are there safety concerns or special precautions about Mifepristone (Korlym) ?,precautions
Are there safety concerns or special precautions about Ampicillin Oral ?,precautions
Are there safety concerns or special precautions about Nystatin ?,precautions
Are there safety concerns or special precautions about Droxidopa ?,precautions
Are there safety concerns or special precautions about Choline Magnesium Trisalicylate ?,precautions
Are there safety concerns or special precautions about Alcaftadine Ophthalmic ?,precautions
Are there safety concerns or special precautions about Fluticasone and Salmeterol Oral Inhalation ?,precautions
Are there safety concerns or special precautions about Clomipramine ?,precautions
Are there safety concerns or special precautions about Raltegravir ?,precautions
Are there safety concerns or special precautions about Insulin Glulisine (rDNA origin) Injection ?,precautions
Are there safety concerns or special precautions about Peginterferon Alfa-2b Injection (Sylatron) ?,precautions
Are there safety concerns or special precautions about Ganciclovir ?,precautions
Are there safety concerns or special precautions about Etodolac ?,precautions
Are there safety concerns or special precautions about Sulfinpyrazone ?,precautions
Are there safety concerns or special precautions about Fluvastatin ?,precautions
Are there safety concerns or special precautions about Cyclosporine Ophthalmic ?,precautions
Are there safety concerns or special precautions about Niacin and niacinamide (Vitamin B3) ?,precautions
Are there safety concerns or special precautions about Basiliximab Injection ?,precautions
Are there safety concerns or special precautions about Granisetron Transdermal Patch ?,precautions
Are there safety concerns or special precautions about Lycopene ?,precautions
Are there safety concerns or special precautions about Fexofenadine ?,precautions
Are there safety concerns or special precautions about Etravirine ?,precautions
Are there safety concerns or special precautions about Zafirlukast ?,precautions
Are there safety concerns or special precautions about Cariprazine ?,precautions
Are there safety concerns or special precautions about Mitotane ?,precautions
Are there safety concerns or special precautions about Diazepam ?,precautions
Are there safety concerns or special precautions about Docetaxel Injection ?,precautions
Are there safety concerns or special precautions about Guaifenesin ?,precautions
Are there safety concerns or special precautions about Azathioprine ?,precautions
Are there safety concerns or special precautions about Ciprofloxacin Injection ?,precautions
Are there safety concerns or special precautions about Minoxidil Oral ?,precautions
Are there safety concerns or special precautions about Asparaginase Erwinia chrysanthemi ?,precautions
Are there safety concerns or special precautions about Fluocinolone Topical ?,precautions
Are there safety concerns or special precautions about Oxymetazoline Nasal Spray ?,precautions
Are there safety concerns or special precautions about Nivolumab Injection ?,precautions
Are there safety concerns or special precautions about Albuterol Oral Inhalation ?,precautions
Are there safety concerns or special precautions about Capsicum ?,precautions
Are there safety concerns or special precautions about Mometasone Topical ?,precautions
Are there safety concerns or special precautions about Tadalafil ?,precautions
Are there safety concerns or special precautions about Goji ?,precautions
Are there safety concerns or special precautions about Aztreonam Injection ?,precautions
Are there safety concerns or special precautions about Ampicillin Injection ?,precautions
Are there safety concerns or special precautions about Sumatriptan Nasal Spray ?,precautions
Are there safety concerns or special precautions about Zaleplon ?,precautions
Are there safety concerns or special precautions about Nabumetone ?,precautions
Are there safety concerns or special precautions about Regorafenib ?,precautions
Are there safety concerns or special precautions about Mupirocin ?,precautions
Are there safety concerns or special precautions about Methyldopa ?,precautions
Are there safety concerns or special precautions about Nedocromil Ophthalmic ?,precautions
Are there safety concerns or special precautions about Streptozocin ?,precautions
Are there safety concerns or special precautions about Posaconazole ?,precautions
Are there safety concerns or special precautions about Flavoxate ?,precautions
Are there safety concerns or special precautions about Sargramostim Injection ?,precautions
Are there safety concerns or special precautions about Bleomycin ?,precautions
Are there safety concerns or special precautions about Zanamivir Oral Inhalation ?,precautions
Are there safety concerns or special precautions about Cefadroxil ?,precautions
Are there safety concerns or special precautions about Blinatumomab Injection ?,precautions
Are there safety concerns or special precautions about Amoxicillin and Clavulanic Acid ?,precautions
Are there safety concerns or special precautions about Gemcitabine Injection ?,precautions
Are there safety concerns or special precautions about Mesna Injection ?,precautions
Are there safety concerns or special precautions about Permethrin Topical ?,precautions
Are there safety concerns or special precautions about Insulin Injection ?,precautions
Are there safety concerns or special precautions about Etanercept Injection ?,precautions
Are there safety concerns or special precautions about Indomethacin ?,precautions
Are there safety concerns or special precautions about Emtricitabine ?,precautions
Are there safety concerns or special precautions about Bisacodyl Rectal ?,precautions
Are there safety concerns or special precautions about Orlistat ?,precautions
Are there safety concerns or special precautions about Heparin Injection ?,precautions
Are there safety concerns or special precautions about Nefazodone ?,precautions
Are there safety concerns or special precautions about Cyclophosphamide Injection ?,precautions
Are there safety concerns or special precautions about Lorazepam ?,precautions
Are there safety concerns or special precautions about Terbutaline ?,precautions
Are there safety concerns or special precautions about Buprenorphine Sublingual and Buccal ?,precautions
Are there safety concerns or special precautions about Ondansetron ?,precautions
Are there safety concerns or special precautions about Ganciclovir Injection ?,precautions
Are there safety concerns or special precautions about Mirabegron ?,precautions
Are there safety concerns or special precautions about Ranolazine ?,precautions
Are there safety concerns or special precautions about Rifaximin ?,precautions
Are there safety concerns or special precautions about Pancrelipase ?,precautions
Are there safety concerns or special precautions about Ado-trastuzumab Emtansine ?,precautions
Are there safety concerns or special precautions about Trospium ?,precautions
Are there safety concerns or special precautions about Dolutegravir ?,precautions
Are there safety concerns or special precautions about Dimethyl Fumarate ?,precautions
Are there safety concerns or special precautions about Piperacillin and Tazobactam Injection ?,precautions
Are there safety concerns or special precautions about Olmesartan ?,precautions
Are there safety concerns or special precautions about Glucagon ?,precautions
Are there safety concerns or special precautions about Psyllium ?,precautions
Are there safety concerns or special precautions about Cisapride ?,precautions
Are there safety concerns or special precautions about Vilazodone ?,precautions
Are there safety concerns or special precautions about Captopril and Hydrochlorothiazide ?,precautions
Are there safety concerns or special precautions about Ticarcillin and Clavulanate Injection ?,precautions
Are there safety concerns or special precautions about Thioridazine ?,precautions
Are there safety concerns or special precautions about Bitter Melon ?,precautions
Are there safety concerns or special precautions about Fosamprenavir ?,precautions
Are there safety concerns or special precautions about Nelarabine Injection ?,precautions
Are there safety concerns or special precautions about Bacillus Calmette-Guerin (BCG) Vaccine ?,precautions
Are there safety concerns or special precautions about Gemfibrozil ?,precautions
Are there safety concerns or special precautions about IncobotulinumtoxinA Injection ?,precautions
Are there safety concerns or special precautions about Baclofen Oral ?,precautions
Are there safety concerns or special precautions about Imipramine ?,precautions
Are there safety concerns or special precautions about Clorazepate ?,precautions
Are there safety concerns or special precautions about Amiloride ?,precautions
Are there safety concerns or special precautions about Beclomethasone Oral Inhalation ?,precautions
Are there safety concerns or special precautions about Atropine Ophthalmic ?,precautions
Are there safety concerns or special precautions about Romidepsin Injection ?,precautions
Are there safety concerns or special precautions about Cefprozil ?,precautions
Are there safety concerns or special precautions about Cidofovir Injection ?,precautions
Are there safety concerns or special precautions about Cefpodoxime ?,precautions
Are there safety concerns or special precautions about Levodopa and Carbidopa ?,precautions
Are there safety concerns or special precautions about Calcitonin Salmon Injection ?,precautions
Are there safety concerns or special precautions about Imipenem and Cilastatin Sodium Injection ?,precautions
Are there safety concerns or special precautions about Wild yam ?,precautions
Are there safety concerns or special precautions about OnabotulinumtoxinA Injection ?,precautions
Are there safety concerns or special precautions about Atazanavir and Cobicistat ?,precautions
Are there safety concerns or special precautions about Neomycin Topical ?,precautions
Are there safety concerns or special precautions about Morphine Rectal ?,precautions
Are there safety concerns or special precautions about Diflunisal ?,precautions
Are there safety concerns or special precautions about Willow Bark ?,precautions
Are there safety concerns or special precautions about Albiglutide Injection ?,precautions
Are there safety concerns or special precautions about Latanoprost Ophthalmic ?,precautions
Are there safety concerns or special precautions about Dornase Alfa ?,precautions
Are there safety concerns or special precautions about Irinotecan Injection ?,precautions
Are there safety concerns or special precautions about Zolpidem ?,precautions
Are there safety concerns or special precautions about Nicotine Gum ?,precautions
Are there safety concerns or special precautions about Methazolamide ?,precautions
Are there safety concerns or special precautions about Stevia ?,precautions
Are there safety concerns or special precautions about Balsalazide ?,precautions
Are there safety concerns or special precautions about Insulin Human Inhalation ?,precautions
Are there safety concerns or special precautions about Flunisolide Oral Inhalation ?,precautions
Are there safety concerns or special precautions about Maca ?,precautions
Are there safety concerns or special precautions about Diclofenac Topical (osteoarthritis pain) ?,precautions
Are there safety concerns or special precautions about Cisplatin Injection ?,precautions
Are there safety concerns or special precautions about Testosterone Nasal Gel ?,precautions
Are there safety concerns or special precautions about Interferon Beta-1b Injection ?,precautions
Are there safety concerns or special precautions about Modafinil ?,precautions
Are there safety concerns or special precautions about Hydroxychloroquine ?,precautions
Are there safety concerns or special precautions about Morphine Sulfate Injection ?,precautions
Are there safety concerns or special precautions about Clindamycin Topical ?,precautions
Are there safety concerns or special precautions about Tacrolimus Topical ?,precautions
Are there safety concerns or special precautions about Ambrisentan ?,precautions
Are there safety concerns or special precautions about Flurbiprofen ?,precautions
Are there safety concerns or special precautions about RimabotulinumtoxinB Injection ?,precautions
Are there safety concerns or special precautions about Ciprofloxacin and Dexamethasone Otic ?,precautions
Are there safety concerns or special precautions about Trandolapril ?,precautions
Are there safety concerns or special precautions about Tolnaftate ?,precautions
Are there safety concerns or special precautions about Oxaprozin ?,precautions
Are there safety concerns or special precautions about Methylphenidate Transdermal Patch ?,precautions
Are there safety concerns or special precautions about Siltuximab Injection ?,precautions
Are there safety concerns or special precautions about Cyclobenzaprine ?,precautions
Are there safety concerns or special precautions about Cholestyramine Resin ?,precautions
Are there safety concerns or special precautions about Loxapine ?,precautions
Are there safety concerns or special precautions about Sumatriptan Injection ?,precautions
Are there safety concerns or special precautions about Loratadine ?,precautions
Are there safety concerns or special precautions about Ketoprofen ?,precautions
Are there safety concerns or special precautions about Ketotifen Ophthalmic ?,precautions
Are there safety concerns or special precautions about Nafarelin ?,precautions
Are there safety concerns or special precautions about Chloral Hydrate ?,precautions
Are there safety concerns or special precautions about Propylthiouracil ?,precautions
Are there safety concerns or special precautions about Entacapone ?,precautions
Are there safety concerns or special precautions about Fentanyl Transdermal Patch ?,precautions
Are there safety concerns or special precautions about Etoposide Injection ?,precautions
Are there safety concerns or special precautions about Sirolimus ?,precautions
Are there safety concerns or special precautions about Cyproheptadine ?,precautions
Are there safety concerns or special precautions about Bromocriptine ?,precautions
Are there safety concerns or special precautions about Adefovir ?,precautions
Are there safety concerns or special precautions about Trabectedin Injection ?,precautions
Are there safety concerns or special precautions about Abiraterone ?,precautions
Are there safety concerns or special precautions about Calcitonin Salmon Nasal Spray ?,precautions
Are there safety concerns or special precautions about Clobazam ?,precautions
Are there safety concerns or special precautions about Ampicillin and Sulbactam Injection ?,precautions
Are there safety concerns or special precautions about Pemetrexed Injection ?,precautions
Are there safety concerns or special precautions about Belinostat Injection ?,precautions
Are there safety concerns or special precautions about Pilocarpine ?,precautions
Are there safety concerns or special precautions about Benztropine Mesylate Oral ?,precautions
Are there safety concerns or special precautions about Benazepril ?,precautions
Are there safety concerns or special precautions about Amifostine Injection ?,precautions
Are there safety concerns or special precautions about Rituximab Injection ?,precautions
Are there safety concerns or special precautions about Nebivolol ?,precautions
Are there safety concerns or special precautions about Vancomycin ?,precautions
Are there safety concerns or special precautions about Patiromer ?,precautions
Are there safety concerns or special precautions about Bedaquiline ?,precautions
Are there safety concerns or special precautions about Cefuroxime ?,precautions
Are there safety concerns or special precautions about Mometasone Nasal Spray ?,precautions
Are there safety concerns or special precautions about Peanut Oil ?,precautions
Are there safety concerns or special precautions about Silver Sulfadiazine ?,precautions
Are there safety concerns or special precautions about Bromfenac Ophthalmic ?,precautions
Are there safety concerns or special precautions about Paroxetine ?,precautions
Are there safety concerns or special precautions about Oxytocin Injection ?,precautions
Are there safety concerns or special precautions about Zidovudine Oral ?,precautions
Are there safety concerns or special precautions about Mesoridazine Oral ?,precautions
Are there safety concerns or special precautions about Diclofenac ?,precautions
Are there safety concerns or special precautions about Valsartan ?,precautions
Are there safety concerns or special precautions about Sodium Phosphate Rectal ?,precautions
Are there safety concerns or special precautions about Clozapine ?,precautions
Are there safety concerns or special precautions about Interferon beta-1a Intramuscular Injection ?,precautions
Are there safety concerns or special precautions about Teniposide Injection ?,precautions
Are there safety concerns or special precautions about Saxagliptin ?,precautions
Are there safety concerns or special precautions about Pazopanib ?,precautions
Are there safety concerns or special precautions about Bexarotene ?,precautions
Are there safety concerns or special precautions about Repaglinide ?,precautions
Are there safety concerns or special precautions about Olopatadine Ophthalmic ?,precautions
Are there safety concerns or special precautions about Belladonna ?,precautions
Are there safety concerns or special precautions about Insulin Lispro Injection ?,precautions
Are there safety concerns or special precautions about Lamivudine ?,precautions
Are there safety concerns or special precautions about Levalbuterol Oral Inhalation ?,precautions
Are there safety concerns or special precautions about Dexrazoxane Injection ?,precautions
Are there safety concerns or special precautions about Ingenol Mebutate Topical ?,precautions
Are there safety concerns or special precautions about Ceftaroline Injection ?,precautions
Are there safety concerns or special precautions about Idelalisib ?,precautions
Are there safety concerns or special precautions about Deferiprone ?,precautions
Are there safety concerns or special precautions about Olaparib ?,precautions
Are there safety concerns or special precautions about Penicillin G Benzathine and Penicillin G Procaine Injection ?,precautions
Are there safety concerns or special precautions about Penicillin G Procaine Injection ?,precautions
Are there safety concerns or special precautions about Penicillin V Potassium Oral ?,precautions
Are there safety concerns or special precautions about Lenalidomide ?,precautions
Are there safety concerns or special precautions about Spironolactone and Hydrochlorothiazide ?,precautions
Are there safety concerns or special precautions about Carisoprodol ?,precautions
Are there safety concerns or special precautions about Tigecycline Injection ?,precautions
Are there safety concerns or special precautions about Pycnogenol ?,precautions
Are there safety concerns or special precautions about Nitroglycerin Spray ?,precautions
Are there safety concerns or special precautions about Quinine ?,precautions
Are there safety concerns or special precautions about Romiplostim Injection ?,precautions
Are there safety concerns or special precautions about Ranitidine ?,precautions
Are there safety concerns or special precautions about Codeine ?,precautions
Are there safety concerns or special precautions about Ofloxacin Ophthalmic ?,precautions
Are there safety concerns or special precautions about Fenoprofen ?,precautions
Are there safety concerns or special precautions about Acarbose ?,precautions
Are there safety concerns or special precautions about Citalopram ?,precautions
Are there safety concerns or special precautions about Nelfinavir ?,precautions
Are there safety concerns or special precautions about Oxazepam ?,precautions
Are there safety concerns or special precautions about Chlorambucil ?,precautions
Are there safety concerns or special precautions about Lindane ?,precautions
What are the side effects or risks of Methadone ?,side effects
What are the side effects or risks of Sildenafil ?,side effects
What are the side effects or risks of Alfuzosin ?,side effects
What are the side effects or risks of Ceftibuten ?,side effects
What are the side effects or risks of Fosamprenavir ?,side effects
What are the side effects or risks of Palonosetron Injection ?,side effects
What are the side effects or risks of Histrelin Implant ?,side effects
What are the side effects or risks of Trimipramine ?,side effects
What are the side effects or risks of Epirubicin ?,side effects
What are the side effects or risks of Cefixime ?,side effects
What are the side effects or risks of Levobunolol Ophthalmic ?,side effects
What are the side effects or risks of Pyrazinamide ?,side effects
What are the side effects or risks of Metformin ?,side effects
What are the side effects or risks of Pomalidomide ?,side effects
What are the side effects or risks of Busulfan ?,side effects
What are the side effects or risks of Methyldopa and Hydrochlorothiazide ?,side effects
What are the side effects or risks of Natalizumab Injection ?,side effects
What are the side effects or risks of Imipenem and Cilastatin Sodium Injection ?,side effects
What are the side effects or risks of Macitentan ?,side effects
What are the side effects or risks of Olopatadine Ophthalmic ?,side effects
What are the side effects or risks of Pemetrexed Injection ?,side effects
What are the side effects or risks of Lacosamide ?,side effects
What are the side effects or risks of Perampanel ?,side effects
What are the side effects or risks of Bortezomib ?,side effects
What are the side effects or risks of Vandetanib ?,side effects
What are the side effects or risks of Clozapine ?,side effects
What are the side effects or risks of Leuprolide Injection ?,side effects
What are the side effects or risks of Riluzole ?,side effects
What are the side effects or risks of Dextromethorphan ?,side effects
What are the side effects or risks of Insulin Detemir (rDNA Origin) Injection ?,side effects
What are the side effects or risks of Deferasirox ?,side effects
What are the side effects or risks of Codeine ?,side effects
What are the side effects or risks of Hydrocortisone Oral ?,side effects
What are the side effects or risks of Tacrolimus Topical ?,side effects
What are the side effects or risks of Aspirin and Extended-Release Dipyridamole ?,side effects
What are the side effects or risks of Celecoxib ?,side effects
What are the side effects or risks of Dronedarone ?,side effects
What are the side effects or risks of Butorphanol Nasal Spray ?,side effects
What are the side effects or risks of Ketotifen Ophthalmic ?,side effects
What are the side effects or risks of Morphine Sulfate Injection ?,side effects
What are the side effects or risks of Panobinostat ?,side effects
What are the side effects or risks of Ipilimumab Injection ?,side effects
What are the side effects or risks of Erlotinib ?,side effects
What are the side effects or risks of Amifostine Injection ?,side effects
What are the side effects or risks of Glimepiride ?,side effects
What are the side effects or risks of Praziquantel ?,side effects
What are the side effects or risks of Sofosbuvir ?,side effects
What are the side effects or risks of Vancomycin ?,side effects
What are the side effects or risks of Choline Magnesium Trisalicylate ?,side effects
What are the side effects or risks of Clonazepam ?,side effects
What are the side effects or risks of Mycophenolate ?,side effects
What are the side effects or risks of Triazolam ?,side effects
What are the side effects or risks of Tretinoin Topical ?,side effects
What are the side effects or risks of Cytarabine Lipid Complex Injection ?,side effects
What are the side effects or risks of Solifenacin ?,side effects
What are the side effects or risks of Methylphenidate Transdermal Patch ?,side effects
What are the side effects or risks of Triptorelin Injection ?,side effects
What are the side effects or risks of Ziprasidone Injection ?,side effects
What are the side effects or risks of Hydrochlorothiazide ?,side effects
What are the side effects or risks of Candesartan ?,side effects
What are the side effects or risks of Diclofenac Ophthalmic ?,side effects
What are the side effects or risks of Cabozantinib ?,side effects
What are the side effects or risks of Carvedilol ?,side effects
What are the side effects or risks of Aripiprazole Injection ?,side effects
What are the side effects or risks of Hydralazine ?,side effects
What are the side effects or risks of Mitoxantrone Injection ?,side effects
What are the side effects or risks of Ibuprofen ?,side effects
What are the side effects or risks of Ondansetron ?,side effects
What are the side effects or risks of Luliconazole Topical ?,side effects
What are the side effects or risks of Bethanechol ?,side effects
What are the side effects or risks of Pegaspargase Injection ?,side effects
What are the side effects or risks of Methylphenidate ?,side effects
What are the side effects or risks of Foscarnet Sodium Injection ?,side effects
What are the side effects or risks of Imiquimod Topical ?,side effects
What are the side effects or risks of Tedizolid ?,side effects
What are the side effects or risks of Erythromycin Ophthalmic ?,side effects
What are the side effects or risks of Piperacillin and Tazobactam Injection ?,side effects
What are the side effects or risks of Loxapine ?,side effects
What are the side effects or risks of Pyridoxine ?,side effects
What are the side effects or risks of Fluconazole Injection ?,side effects
What are the side effects or risks of Romidepsin Injection ?,side effects
What are the side effects or risks of Pirbuterol Acetate Oral Inhalation ?,side effects
What are the side effects or risks of Naftifine Hydrochloride Topical ?,side effects
What are the side effects or risks of Azacitidine Injection ?,side effects
"What are the side effects or risks of Ombitasvir, Paritaprevir, Ritonavir, and Dasabuvir ?",side effects
What are the side effects or risks of Dulaglutide Injection ?,side effects
What are the side effects or risks of Sulfinpyrazone ?,side effects
What are the side effects or risks of Ampicillin Oral ?,side effects
What are the side effects or risks of Vincristine Lipid Complex Injection ?,side effects
What are the side effects or risks of Zoledronic Acid Injection ?,side effects
What are the side effects or risks of Penicillin G Benzathine Injection ?,side effects
What are the side effects or risks of Abatacept Injection ?,side effects
What are the side effects or risks of Acyclovir ?,side effects
What are the side effects or risks of Maraviroc ?,side effects
What are the side effects or risks of Palifermin ?,side effects
What are the side effects or risks of Iron Dextran Injection ?,side effects
What are the side effects or risks of Meningococcal Group B Vaccine (MenB) ?,side effects
What are the side effects or risks of Imatinib ?,side effects
What are the side effects or risks of Estrogen Injection ?,side effects
What are the side effects or risks of Lumacaftor and Ivacaftor ?,side effects
What are the side effects or risks of Infliximab Injection ?,side effects
What are the side effects or risks of Molindone ?,side effects
What are the side effects or risks of Dexlansoprazole ?,side effects
What are the side effects or risks of Dolasetron ?,side effects
What are the side effects or risks of Anakinra ?,side effects
What are the side effects or risks of Mesalamine Rectal ?,side effects
What are the side effects or risks of Ibritumomab Injection ?,side effects
What are the side effects or risks of Lenvatinib ?,side effects
What are the side effects or risks of Tolmetin ?,side effects
What are the side effects or risks of Megestrol ?,side effects
What are the side effects or risks of Phenobarbital ?,side effects
What are the side effects or risks of Rifapentine ?,side effects
What are the side effects or risks of Mitomycin ?,side effects
What are the side effects or risks of Daunorubicin Lipid Complex Injection ?,side effects
What are the side effects or risks of Ciclesonide Oral Inhalation ?,side effects
What are the side effects or risks of Estrogen and Progestin (Hormone Replacement Therapy) ?,side effects
What are the side effects or risks of Azelastine Nasal Spray ?,side effects
What are the side effects or risks of Reserpine ?,side effects
What are the side effects or risks of Rabeprazole ?,side effects
What are the side effects or risks of Acetylcysteine Oral Inhalation ?,side effects
What are the side effects or risks of Liotrix ?,side effects
What are the side effects or risks of Levothyroxine ?,side effects
What are the side effects or risks of Romiplostim Injection ?,side effects
What are the side effects or risks of Dalbavancin Injection ?,side effects
What are the side effects or risks of Nicotine Nasal Spray ?,side effects
What are the side effects or risks of Trazodone ?,side effects
What are the side effects or risks of Droxidopa ?,side effects
What are the side effects or risks of Rufinamide ?,side effects
What are the side effects or risks of Sodium Phosphate Rectal ?,side effects
What are the side effects or risks of Pneumococcal Conjugate Vaccine (PCV13) ?,side effects
What are the side effects or risks of Mechlorethamine Topical ?,side effects
What are the side effects or risks of Halcinonide Topical ?,side effects
What are the side effects or risks of Rotigotine Transdermal Patch ?,side effects
What are the side effects or risks of Amoxapine ?,side effects
"What are the side effects or risks of Filgrastim, Filgrastim-sndz, Tbo-filgrastim Injection ?",side effects
What are the side effects or risks of Ursodiol ?,side effects
What are the side effects or risks of Tedizolid Injection ?,side effects
What are the side effects or risks of Dexamethasone Ophthalmic ?,side effects
What are the side effects or risks of Acetazolamide Oral ?,side effects
What are the side effects or risks of Methylnaltrexone Injection ?,side effects
What are the side effects or risks of Fluticasone Topical ?,side effects
What are the side effects or risks of Belatacept Injection ?,side effects
What are the side effects or risks of Nevirapine ?,side effects
What are the side effects or risks of Desloratadine ?,side effects
What are the side effects or risks of Trabectedin Injection ?,side effects
"What are the side effects or risks of Bismuth, Metronidazole, and Tetracycline ?",side effects
What are the side effects or risks of Bacitracin Topical ?,side effects
What are the side effects or risks of Vinblastine ?,side effects
What are the side effects or risks of Procarbazine ?,side effects
What are the side effects or risks of Beclomethasone Oral Inhalation ?,side effects
What are the side effects or risks of Desipramine ?,side effects
What are the side effects or risks of Interferon Beta-1b Injection ?,side effects
What are the side effects or risks of Exenatide Injection ?,side effects
What are the side effects or risks of Glycopyrrolate ?,side effects
What are the side effects or risks of Meloxicam ?,side effects
What are the side effects or risks of Methylergonovine Oral ?,side effects
What are the side effects or risks of Quinidine Oral ?,side effects
What are the side effects or risks of Anthrax Vaccine ?,side effects
What are the side effects or risks of Octreotide Injection ?,side effects
What are the side effects or risks of Triamcinolone Topical ?,side effects
What are the side effects or risks of Lisdexamfetamine ?,side effects
What are the side effects or risks of Cariprazine ?,side effects
What are the side effects or risks of Thiothixene ?,side effects
What are the side effects or risks of Cefdinir ?,side effects
What are the side effects or risks of Warfarin ?,side effects
What are the side effects or risks of Methylprednisolone Sodium Succinate Injection ?,side effects
What are the side effects or risks of Amlodipine ?,side effects
What are the side effects or risks of Crizotinib ?,side effects
What are the side effects or risks of Nalbuphine Injection ?,side effects
What are the side effects or risks of Teduglutide Injection ?,side effects
What are the side effects or risks of Oxytocin Injection ?,side effects
What are the side effects or risks of Permethrin Topical ?,side effects
What are the side effects or risks of Acarbose ?,side effects
What are the side effects or risks of Polyethylene glycol-electrolyte solution (PEG-ES) ?,side effects
What are the side effects or risks of Ganciclovir Injection ?,side effects
What are the side effects or risks of Halobetasol ?,side effects
What are the side effects or risks of Nabilone ?,side effects
What are the side effects or risks of Amiloride and Hydrochlorothiazide ?,side effects
What are the side effects or risks of Telithromycin ?,side effects
What are the side effects or risks of Fluticasone and Vilanterol Oral Inhalation ?,side effects
What are the side effects or risks of Fondaparinux Injection ?,side effects
What are the side effects or risks of Methyldopa ?,side effects
What are the side effects or risks of Hydrocodone ?,side effects
What are the side effects or risks of Fosfomycin ?,side effects
What are the side effects or risks of Eplerenone ?,side effects
What are the side effects or risks of Tizanidine ?,side effects
What are the side effects or risks of Blinatumomab Injection ?,side effects
What are the side effects or risks of Mometasone Oral Inhalation ?,side effects
What are the side effects or risks of Captopril ?,side effects
What are the side effects or risks of Irinotecan Injection ?,side effects
What are the side effects or risks of Albuterol ?,side effects
What are the side effects or risks of Desoximetasone Topical ?,side effects
What are the side effects or risks of Budesonide Oral Inhalation ?,side effects
What are the side effects or risks of Desonide Topical ?,side effects
What are the side effects or risks of Alendronate ?,side effects
What are the side effects or risks of Vilazodone ?,side effects
What are the side effects or risks of Prednisolone ?,side effects
What are the side effects or risks of Sumatriptan Injection ?,side effects
What are the side effects or risks of Allopurinol ?,side effects
What are the side effects or risks of Metronidazole Topical ?,side effects
What are the side effects or risks of Nitroglycerin Transdermal Patch ?,side effects
What are the side effects or risks of Glipizide ?,side effects
What are the side effects or risks of Rilpivirine ?,side effects
What are the side effects or risks of Deoxycholic Acid Injection ?,side effects
What are the side effects or risks of Risedronate ?,side effects
What are the side effects or risks of Dabigatran ?,side effects
What are the side effects or risks of Ibandronate ?,side effects
What are the side effects or risks of Bimatoprost Topical ?,side effects
What are the side effects or risks of Sipuleucel-T Injection ?,side effects
What are the side effects or risks of Floxuridine ?,side effects
What are the side effects or risks of Daunorubicin ?,side effects
What are the side effects or risks of Mercaptopurine ?,side effects
What are the side effects or risks of Ustekinumab Injection ?,side effects
What are the side effects or risks of Imipramine ?,side effects
What are the side effects or risks of Magnesium Gluconate ?,side effects
What are the side effects or risks of Flunisolide Oral Inhalation ?,side effects
What are the side effects or risks of Penbutolol ?,side effects
What are the side effects or risks of Nebivolol ?,side effects
What are the side effects or risks of Penicillin G Procaine Injection ?,side effects
What are the side effects or risks of Ondansetron Injection ?,side effects
What are the side effects or risks of Ethosuximide ?,side effects
What are the side effects or risks of Betaxolol Ophthalmic ?,side effects
What are the side effects or risks of Hydrocodone Combination Products ?,side effects
What are the side effects or risks of Pneumococcal Polysaccharide Vaccine ?,side effects
What are the side effects or risks of Azilsartan ?,side effects
What are the side effects or risks of Etravirine ?,side effects
What are the side effects or risks of Bacitracin Ophthalmic ?,side effects
What are the side effects or risks of Gemifloxacin ?,side effects
What are the side effects or risks of Etodolac ?,side effects
What are the side effects or risks of Lamivudine ?,side effects
What are the side effects or risks of Bismuth Subsalicylate ?,side effects
What are the side effects or risks of Ado-trastuzumab Emtansine ?,side effects
What are the side effects or risks of Betaxolol ?,side effects
What are the side effects or risks of Loratadine ?,side effects
What are the side effects or risks of Galantamine ?,side effects
What are the side effects or risks of Cyclosporine Ophthalmic ?,side effects
What are the side effects or risks of Dinoprostone ?,side effects
What are the side effects or risks of Desmopressin Oral ?,side effects
What are the side effects or risks of Econazole Topical ?,side effects
What are the side effects or risks of Enalapril and Hydrochlorothiazide ?,side effects
What are the side effects or risks of Epinastine Ophthalmic ?,side effects
What are the side effects or risks of Dapsone ?,side effects
What are the side effects or risks of Decitabine Injection ?,side effects
What are the side effects or risks of Demeclocycline ?,side effects
What are the side effects or risks of Colestipol ?,side effects
What are the side effects or risks of Atorvastatin ?,side effects
What are the side effects or risks of Dacarbazine ?,side effects
What are the side effects or risks of Indacaterol Oral Inhalation ?,side effects
What are the side effects or risks of Perphenazine ?,side effects
What are the side effects or risks of Methotrexate Injection ?,side effects
What are the side effects or risks of Terbutaline Injection ?,side effects
What are the side effects or risks of Fexofenadine and Pseudoephedrine ?,side effects
What are the side effects or risks of Pazopanib ?,side effects
What are the side effects or risks of Butabarbital ?,side effects
What are the side effects or risks of Chloral Hydrate ?,side effects
What are the side effects or risks of Orphenadrine ?,side effects
What are the side effects or risks of Atazanavir and Cobicistat ?,side effects
What are the side effects or risks of Nitazoxanide ?,side effects
What are the side effects or risks of Bromfenac Ophthalmic ?,side effects
What are the side effects or risks of Acebutolol ?,side effects
What are the side effects or risks of Ledipasvir and Sofosbuvir ?,side effects
What are the side effects or risks of Betaine ?,side effects
What are the side effects or risks of Gentamicin Ophthalmic ?,side effects
What are the side effects or risks of Vardenafil ?,side effects
What are the side effects or risks of Sulindac ?,side effects
What are the side effects or risks of Olopatadine Nasal Spray ?,side effects
What are the side effects or risks of Valganciclovir ?,side effects
What are the side effects or risks of Nepafenac Ophthalmic ?,side effects
What are the side effects or risks of Ribavirin ?,side effects
What are the side effects or risks of Oxybutynin Topical ?,side effects
What are the side effects or risks of Metoclopramide ?,side effects
What are the side effects or risks of Vemurafenib ?,side effects
What are the side effects or risks of Ethacrynic Acid ?,side effects
What are the side effects or risks of Fluocinonide Topical ?,side effects
What are the side effects or risks of Dalfampridine ?,side effects
What are the side effects or risks of Aminocaproic Acid ?,side effects
What are the side effects or risks of Cefaclor ?,side effects
What are the side effects or risks of Basiliximab Injection ?,side effects
What are the side effects or risks of Oxandrolone ?,side effects
What are the side effects or risks of Thiotepa Injection ?,side effects
What are the side effects or risks of Propranolol (Cardiovascular) ?,side effects
What are the side effects or risks of Naltrexone ?,side effects
What are the side effects or risks of Pramlintide Injection ?,side effects
What are the side effects or risks of Donepezil ?,side effects
What are the side effects or risks of Bexarotene Topical ?,side effects
What are the side effects or risks of Fentanyl ?,side effects
What are the side effects or risks of Fesoterodine ?,side effects
What are the side effects or risks of Telbivudine ?,side effects
"What are the side effects or risks of Sodium Picosulfate, Magnesium Oxide, and Anhydrous Citric Acid ?",side effects
What are the side effects or risks of Tipranavir ?,side effects
What are the side effects or risks of Eribulin Injection ?,side effects
What are the side effects or risks of Pyridostigmine ?,side effects
What are the side effects or risks of Simethicone ?,side effects
What are the side effects or risks of Ezetimibe ?,side effects
What are the side effects or risks of Cyclobenzaprine ?,side effects
What are the side effects or risks of Venlafaxine ?,side effects
What are the side effects or risks of Interferon beta-1a Subcutaneous Injection ?,side effects
What are the side effects or risks of Quetiapine ?,side effects
What are the side effects or risks of Phentermine ?,side effects
What are the side effects or risks of Diltiazem ?,side effects
What are the side effects or risks of Phenazopyridine ?,side effects
What are the side effects or risks of Rifaximin ?,side effects
What are the side effects or risks of Aminocaproic Acid Injection ?,side effects
What are the side effects or risks of Ifosfamide Injection ?,side effects
What are the side effects or risks of Mesoridazine Oral ?,side effects
What are the side effects or risks of Cefditoren ?,side effects
What are the side effects or risks of Pantoprazole ?,side effects
What are the side effects or risks of Sulconazole Topical ?,side effects
What are the side effects or risks of Paliperidone ?,side effects
What are the side effects or risks of Co-trimoxazole ?,side effects
What are the side effects or risks of Diclofenac Topical (osteoarthritis pain) ?,side effects
What are the side effects or risks of Benztropine Mesylate Oral ?,side effects
What are the side effects or risks of Cetirizine ?,side effects
What are the side effects or risks of Ertapenem Injection ?,side effects
What are the side effects or risks of Paclitaxel Injection ?,side effects
"What are the side effects or risks of Aspirin, Butalbital, and Caffeine ?",side effects
What are the side effects or risks of Unoprostone Ophthalmic ?,side effects
What are the side effects or risks of Ofloxacin Ophthalmic ?,side effects
What are the side effects or risks of Prednisone ?,side effects
What are the side effects or risks of Latanoprost Ophthalmic ?,side effects
What are the side effects or risks of Pravastatin ?,side effects
What are the side effects or risks of Erythromycin ?,side effects
What are the side effects or risks of Clobetasol ?,side effects
What are the side effects or risks of Doxazosin ?,side effects
What are the side effects or risks of Sitagliptin ?,side effects
What are the side effects or risks of Varicella (Chickenpox) Vaccine ?,side effects
What are the side effects or risks of Esomeprazole ?,side effects
What are the side effects or risks of Zonisamide ?,side effects
What are the side effects or risks of Aliskiren ?,side effects
What are the side effects or risks of Rivastigmine ?,side effects
What are the side effects or risks of Phentermine and Topiramate ?,side effects
What are the side effects or risks of Dextroamphetamine ?,side effects
What are the side effects or risks of Famotidine ?,side effects
What are the side effects or risks of Hyoscyamine ?,side effects
What are the side effects or risks of Rotavirus Vaccine ?,side effects
What are the side effects or risks of Icosapent Ethyl ?,side effects
What are the side effects or risks of Indomethacin ?,side effects
What are the side effects or risks of Fentanyl Sublingual Spray ?,side effects
What are the side effects or risks of Netupitant and Palonosetron ?,side effects
What are the side effects or risks of Altretamine ?,side effects
What are the side effects or risks of Guanfacine ?,side effects
What are the side effects or risks of Bisacodyl Rectal ?,side effects
What are the side effects or risks of Ipratropium Oral Inhalation ?,side effects
What are the side effects or risks of Fenoprofen ?,side effects
What are the side effects or risks of Talimogene Laherparepvec Injection ?,side effects
What are the side effects or risks of Clotrimazole ?,side effects
What are the side effects or risks of Dextroamphetamine and Amphetamine ?,side effects
What are the side effects or risks of Pyrantel ?,side effects
What are the side effects or risks of Cyclopentolate Ophthalmic ?,side effects
What are the side effects or risks of Doxepin Topical ?,side effects
What are the side effects or risks of Clobazam ?,side effects
What are the side effects or risks of Bimatoprost Ophthalmic ?,side effects
What are the side effects or risks of Buprenorphine Sublingual and Buccal ?,side effects
What are the side effects or risks of Zolmitriptan ?,side effects
What are the side effects or risks of Paroxetine ?,side effects
What are the side effects or risks of Desvenlafaxine ?,side effects
What are the side effects or risks of Bentoquatam Topical ?,side effects
What are the side effects or risks of Leucovorin Injection ?,side effects
What are the side effects or risks of Carboplatin Injection ?,side effects
What are the side effects or risks of Insulin Degludec (rDNA Origin) Injection ?,side effects
What are the side effects or risks of Ethinyl Estradiol and Norelgestromin Transdermal Patch ?,side effects
What are the side effects or risks of Iron Sucrose Injection ?,side effects
What are the side effects or risks of Ivermectin Topical ?,side effects
What are the side effects or risks of Isradipine ?,side effects
What are the side effects or risks of Trandolapril ?,side effects
What are the side effects or risks of Osimertinib ?,side effects
What are the side effects or risks of Clindamycin Topical ?,side effects
What are the side effects or risks of Nizatidine ?,side effects
What are the side effects or risks of Mometasone Nasal Spray ?,side effects
What are the side effects or risks of Zidovudine Injection ?,side effects
What are the side effects or risks of Tocilizumab Injection ?,side effects
What are the side effects or risks of Insulin Glargine (rDNA origin) Injection ?,side effects
What are the side effects or risks of Prednisolone Ophthalmic ?,side effects
What are the side effects or risks of Aspirin ?,side effects
What are the side effects or risks of Valsartan and Sacubitril ?,side effects
What are the side effects or risks of Diflorasone Topical ?,side effects
What are the side effects or risks of Amphotericin B Injection ?,side effects
What are the side effects or risks of Fluoxetine ?,side effects
What are the side effects or risks of Vigabatrin ?,side effects
What are the side effects or risks of Pioglitazone ?,side effects
What are the side effects or risks of Misoprostol ?,side effects
What are the side effects or risks of Metaxalone ?,side effects
What are the side effects or risks of Cefuroxime ?,side effects
What are the side effects or risks of Doripenem Injection ?,side effects
What are the side effects or risks of Aflibercept Injection ?,side effects
What are the side effects or risks of Temazepam ?,side effects
What are the side effects or risks of Pamidronate Injection ?,side effects
What are the side effects or risks of Aripiprazole ?,side effects
What are the side effects or risks of Fluorouracil Injection ?,side effects
What are the side effects or risks of Idelalisib ?,side effects
What are the side effects or risks of Diclofenac ?,side effects
What are the side effects or risks of Methocarbamol ?,side effects
What are the side effects or risks of Ulipristal ?,side effects
What are the side effects or risks of Cefepime Injection ?,side effects
What are the side effects or risks of Verapamil ?,side effects
What are the side effects or risks of Ganciclovir ?,side effects
What are the side effects or risks of Phenoxybenzamine ?,side effects
What are the side effects or risks of Cyclophosphamide ?,side effects
What are the side effects or risks of Cabazitaxel Injection ?,side effects
What are the side effects or risks of Leflunomide ?,side effects
What are the side effects or risks of Travoprost Ophthalmic ?,side effects
What are the side effects or risks of Ranitidine ?,side effects
What are the side effects or risks of Daptomycin Injection ?,side effects
What are the side effects or risks of Daclatasvir ?,side effects
What are the side effects or risks of Dicloxacillin ?,side effects
What are the side effects or risks of Nisoldipine ?,side effects
What are the side effects or risks of Nystatin ?,side effects
What are the side effects or risks of Pralatrexate Injection ?,side effects
What are the side effects or risks of Indinavir ?,side effects
What are the side effects or risks of Frovatriptan ?,side effects
What are the side effects or risks of Baclofen Oral ?,side effects
What are the side effects or risks of Mupirocin ?,side effects
What are the side effects or risks of Amitriptyline ?,side effects
What are the side effects or risks of Cytarabine ?,side effects
What are the side effects or risks of Pentostatin Injection ?,side effects
What are the side effects or risks of Lorcaserin ?,side effects
What are the side effects or risks of Entecavir ?,side effects
What are the side effects or risks of Ambrisentan ?,side effects
What are the side effects or risks of Dactinomycin ?,side effects
What are the side effects or risks of Milnacipran ?,side effects
What are the side effects or risks of Tolazamide ?,side effects
What are the side effects or risks of Meropenem Injection ?,side effects
What are the side effects or risks of Roflumilast ?,side effects
What are the side effects or risks of Aclidinium Oral Inhalation ?,side effects
What are the side effects or risks of Phenytoin ?,side effects
What are the side effects or risks of Fentanyl Transdermal Patch ?,side effects
What are the side effects or risks of Clopidogrel ?,side effects
What are the side effects or risks of Mesna ?,side effects
What are the side effects or risks of Teniposide Injection ?,side effects
What are the side effects or risks of Indapamide ?,side effects
What are the side effects or risks of Everolimus ?,side effects
What are the side effects or risks of Nitroglycerin Spray ?,side effects
What are the side effects or risks of Cidofovir Injection ?,side effects
What are the side effects or risks of Omalizumab Injection ?,side effects
What are the side effects or risks of Bepotastine Ophthalmic ?,side effects
What are the side effects or risks of Metronidazole Oral ?,side effects
What are the side effects or risks of Sonidegib ?,side effects
What are the side effects or risks of Selenium Sulfide ?,side effects
What are the side effects or risks of Famciclovir ?,side effects
What are the side effects or risks of Adapalene ?,side effects
What are the side effects or risks of Ketorolac ?,side effects
What are the side effects or risks of Mebendazole ?,side effects
What are the side effects or risks of Selegiline Transdermal Patch ?,side effects
What are the side effects or risks of Folic Acid ?,side effects
What are the side effects or risks of Lopinavir and Ritonavir ?,side effects
What are the side effects or risks of Valproic Acid ?,side effects
What are the side effects or risks of Glatiramer Injection ?,side effects
What are the side effects or risks of Olmesartan ?,side effects
What are the side effects or risks of Estramustine ?,side effects
What are the side effects or risks of Magnesium Hydroxide ?,side effects
What are the side effects or risks of Sodium Ferric Gluconate Injection ?,side effects
What are the side effects or risks of Bisoprolol ?,side effects
What are the side effects or risks of Flurandrenolide Topical ?,side effects
What are the side effects or risks of Atropine Ophthalmic ?,side effects
What are the side effects or risks of Nicotine Oral Inhalation ?,side effects
What are the side effects or risks of Peginterferon Alfa-2b (PEG-Intron) ?,side effects
What are the side effects or risks of Tiludronate ?,side effects
What are the side effects or risks of Dalteparin Injection ?,side effects
What are the side effects or risks of Vinorelbine ?,side effects
What are the side effects or risks of Lomitapide ?,side effects
What are the side effects or risks of Carmustine Implant ?,side effects
What are the side effects or risks of Orlistat ?,side effects
What are the side effects or risks of Secukinumab Injection ?,side effects
What are the side effects or risks of Chlorpropamide ?,side effects
What are the side effects or risks of Aminolevulinic Acid Topical ?,side effects
What are the side effects or risks of Medroxyprogesterone ?,side effects
What are the side effects or risks of Ticlopidine ?,side effects
What are the side effects or risks of Olaparib ?,side effects
What are the side effects or risks of Desmopressin Nasal ?,side effects
What are the side effects or risks of Diphenoxylate ?,side effects
What are the side effects or risks of Zaleplon ?,side effects
What are the side effects or risks of Rizatriptan ?,side effects
What are the side effects or risks of Hydrocortisone Topical ?,side effects
What are the side effects or risks of Brexpiprazole ?,side effects
What are the side effects or risks of Darifenacin ?,side effects
What are the side effects or risks of Alcaftadine Ophthalmic ?,side effects
What are the side effects or risks of Bacillus Calmette-Guerin (BCG) Vaccine ?,side effects
What are the side effects or risks of Trihexyphenidyl ?,side effects
What are the side effects or risks of Flecainide ?,side effects
What are the side effects or risks of Isotretinoin ?,side effects
What are the side effects or risks of Amlexanox ?,side effects
What are the side effects or risks of Eculizumab Injection ?,side effects
What are the side effects or risks of Tolbutamide ?,side effects
What are the side effects or risks of Fludarabine Injection ?,side effects
What are the side effects or risks of Cholestyramine Resin ?,side effects
What are the side effects or risks of Cefotaxime Injection ?,side effects
What are the side effects or risks of Calcium Carbonate ?,side effects
What are the side effects or risks of Benzoyl Peroxide Topical ?,side effects
What are the side effects or risks of Amphotericin B Lipid Complex Injection ?,side effects
What are the side effects or risks of Auranofin ?,side effects
What are the side effects or risks of Metolazone ?,side effects
What are the side effects or risks of Brimonidine Ophthalmic ?,side effects
What are the side effects or risks of Colchicine ?,side effects
What are the side effects or risks of Albiglutide Injection ?,side effects
What are the side effects or risks of Gabapentin ?,side effects
What are the side effects or risks of Bosutinib ?,side effects
What are the side effects or risks of Levonorgestrel ?,side effects
What are the side effects or risks of Pertuzumab Injection ?,side effects
What are the side effects or risks of Rasagiline ?,side effects
What are the side effects or risks of Temozolomide ?,side effects
What are the side effects or risks of Besifloxacin Ophthalmic ?,side effects
What are the side effects or risks of Fidaxomicin ?,side effects
"What are the side effects or risks of Neomycin, Polymyxin, and Bacitracin Topical ?",side effects
What are the side effects or risks of Mepolizumab Injection ?,side effects
What are the side effects or risks of Quinine ?,side effects
What are the side effects or risks of Risperidone ?,side effects
What are the side effects or risks of Benazepril and Hydrochlorothiazide ?,side effects
What are the side effects or risks of Ferrous Sulfate (Iron) ?,side effects
What are the side effects or risks of Suvorexant ?,side effects
What are the side effects or risks of Varenicline ?,side effects
What are the side effects or risks of Tranylcypromine ?,side effects
What are the side effects or risks of Gentamicin Injection ?,side effects
What are the side effects or risks of Miconazole ?,side effects
What are the side effects or risks of Tegaserod ?,side effects
What are the side effects or risks of Testosterone Nasal Gel ?,side effects
What are the side effects or risks of Sorafenib ?,side effects
What are the side effects or risks of Zafirlukast ?,side effects
What are the side effects or risks of Moexipril ?,side effects
What are the side effects or risks of Tetrahydrozoline Ophthalmic ?,side effects
What are the side effects or risks of Carbamazepine ?,side effects
What are the side effects or risks of Tretinoin ?,side effects
What are the side effects or risks of Clindamycin ?,side effects
What are the side effects or risks of Lomustine ?,side effects
What are the side effects or risks of Probenecid ?,side effects
What are the side effects or risks of Timolol Oral ?,side effects
What are the side effects or risks of Dobutamine Hydrochloride Injection ?,side effects
What are the side effects or risks of Vincristine Injection ?,side effects
What are the side effects or risks of Hydromorphone Injection ?,side effects
What are the side effects or risks of Meperidine ?,side effects
What are the side effects or risks of Mirtazapine ?,side effects
What are the side effects or risks of Antipyrine-Benzocaine Otic ?,side effects
What are the side effects or risks of Disopyramide ?,side effects
What are the side effects or risks of Nafcillin Sodium Injection ?,side effects
What are the side effects or risks of Ropinirole ?,side effects
What are the side effects or risks of Ramipril ?,side effects
What are the side effects or risks of Plerixafor Injection ?,side effects
What are the side effects or risks of Arformoterol Oral Inhalation ?,side effects
"What are the side effects or risks of MMR Vaccine (Measles, Mumps, and Rubella) ?",side effects
What are the side effects or risks of Tranexamic Acid ?,side effects
What are the side effects or risks of Naloxegol ?,side effects
What are the side effects or risks of Tasimelteon ?,side effects
What are the side effects or risks of Levorphanol Oral ?,side effects
What are the side effects or risks of Niacin ?,side effects
What are the side effects or risks of Difluprednate Ophthalmic ?,side effects
What are the side effects or risks of Mexiletine ?,side effects
What are the side effects or risks of Dimenhydrinate ?,side effects
What are the side effects or risks of Chloramphenicol Injection ?,side effects
What are the side effects or risks of Metronidazole Injection ?,side effects
What are the side effects or risks of Raloxifene ?,side effects
What are the side effects or risks of Dipivefrin Ophthalmic ?,side effects
What are the side effects or risks of Eluxadoline ?,side effects
What are the side effects or risks of Ceftolozane and Tazobactam Injection ?,side effects
What are the side effects or risks of Sodium Polystyrene Sulfonate ?,side effects
What are the side effects or risks of Terbinafine ?,side effects
What are the side effects or risks of Doxycycline ?,side effects
What are the side effects or risks of Isavuconazonium Injection ?,side effects
What are the side effects or risks of Topotecan ?,side effects
What are the side effects or risks of Fluticasone Nasal Spray ?,side effects
What are the side effects or risks of Asenapine ?,side effects
What are the side effects or risks of Clonidine ?,side effects
What are the side effects or risks of Alemtuzumab Injection ?,side effects
What are the side effects or risks of Eszopiclone ?,side effects
What are the side effects or risks of Primidone ?,side effects
What are the side effects or risks of Tapentadol ?,side effects
What are the side effects or risks of Cyanocobalamin Nasal Gel ?,side effects
What are the side effects or risks of Zidovudine Oral ?,side effects
What are the side effects or risks of Alogliptin ?,side effects
What are the side effects or risks of Interferon Gamma-1b Injection ?,side effects
What are the side effects or risks of Belladonna Alkaloid Combinations and Phenobarbital ?,side effects
What are the side effects or risks of Idarubicin ?,side effects
What are the side effects or risks of Metipranolol Ophthalmic ?,side effects
What are the side effects or risks of Hepatitis A Vaccine ?,side effects
What are the side effects or risks of Medroxyprogesterone Injection ?,side effects
What are the side effects or risks of Hydroxychloroquine ?,side effects
What are the side effects or risks of Temozolomide Injection ?,side effects
What are the side effects or risks of Dimethyl Fumarate ?,side effects
What are the side effects or risks of Melphalan Injection ?,side effects
What are the side effects or risks of Clomipramine ?,side effects
What are the side effects or risks of Trimethobenzamide ?,side effects
What are the side effects or risks of Fluorouracil Topical ?,side effects
What are the side effects or risks of Doxepin ?,side effects
What are the side effects or risks of Cetuximab Injection ?,side effects
What are the side effects or risks of Heparin Injection ?,side effects
What are the side effects or risks of Sucralfate ?,side effects
What are the side effects or risks of Bexarotene ?,side effects
What are the side effects or risks of Thioridazine ?,side effects
What are the side effects or risks of Methylprednisolone Oral ?,side effects
What are the side effects or risks of Chlordiazepoxide and Clidinium ?,side effects
What are the side effects or risks of Rasburicase Injection ?,side effects
What are the side effects or risks of Avanafil ?,side effects
What are the side effects or risks of Piroxicam ?,side effects
What are the side effects or risks of Irbesartan ?,side effects
What are the side effects or risks of Oxcarbazepine ?,side effects
What are the side effects or risks of Acitretin ?,side effects
What are the side effects or risks of Strontium-89 Chloride ?,side effects
What are the side effects or risks of Sunitinib ?,side effects
What are the side effects or risks of Loperamide ?,side effects
What are the side effects or risks of Ergoloid Mesylates ?,side effects
What are the side effects or risks of Fentanyl Nasal Spray ?,side effects
What are the side effects or risks of Polymyxin B and Trimethoprim Ophthalmic ?,side effects
What are the side effects or risks of Scopolamine Transdermal Patch ?,side effects
What are the side effects or risks of Eltrombopag ?,side effects
What are the side effects or risks of Betamethasone Topical ?,side effects
What are the side effects or risks of Polio Vaccine ?,side effects
What are the side effects or risks of Letrozole ?,side effects
What are the side effects or risks of Doxylamine ?,side effects
What are the side effects or risks of Zolmitriptan Nasal Spray ?,side effects
What are the side effects or risks of Hydrocortisone Injection ?,side effects
What are the side effects or risks of Lidocaine Transdermal Patch ?,side effects
What are the side effects or risks of Salmeterol Oral Inhalation ?,side effects
What are the side effects or risks of Bupropion ?,side effects
What are the side effects or risks of Iloprost ?,side effects
What are the side effects or risks of Canagliflozin ?,side effects
What are the side effects or risks of Mipomersen Injection ?,side effects
What are the side effects or risks of Levofloxacin Injection ?,side effects
What are the side effects or risks of Tinidazole ?,side effects
What are the side effects or risks of Ciprofloxacin Injection ?,side effects
What are the side effects or risks of Cisapride ?,side effects
What are the side effects or risks of Triamcinolone Nasal Spray ?,side effects
What are the side effects or risks of Iloperidone ?,side effects
What are the side effects or risks of Valacyclovir ?,side effects
What are the side effects or risks of Efinaconazole Topical ?,side effects
What are the side effects or risks of Nedocromil Ophthalmic ?,side effects
What are the side effects or risks of Metoprolol ?,side effects
What are the side effects or risks of Trifluoperazine ?,side effects
What are the side effects or risks of Propylthiouracil ?,side effects
What are the side effects or risks of Isosorbide ?,side effects
What are the side effects or risks of Cefprozil ?,side effects
What are the side effects or risks of Fluoxymesterone ?,side effects
What are the side effects or risks of Elotuzumab Injection ?,side effects
What are the side effects or risks of Diazepam Rectal ?,side effects
What are the side effects or risks of Magnesium Oxide ?,side effects
What are the side effects or risks of Albendazole ?,side effects
What are the side effects or risks of Dexmethylphenidate ?,side effects
What are the side effects or risks of Dihydroergotamine Injection and Nasal Spray ?,side effects
What are the side effects or risks of Lamivudine and Zidovudine ?,side effects
What are the side effects or risks of Apixaban ?,side effects
What are the side effects or risks of Mifepristone (Mifeprex) ?,side effects
What are the side effects or risks of Riociguat ?,side effects
What are the side effects or risks of Ranibizumab Injection ?,side effects
What are the side effects or risks of Emtricitabine ?,side effects
What are the side effects or risks of Regorafenib ?,side effects
What are the side effects or risks of Trospium ?,side effects
What are the side effects or risks of Dicyclomine ?,side effects
What are the side effects or risks of Acamprosate ?,side effects
What are the side effects or risks of Acetaminophen ?,side effects
What are the side effects or risks of Ofloxacin ?,side effects
What are the side effects or risks of Norethindrone ?,side effects
"What are the side effects or risks of Terconazole Vaginal Cream, Vaginal Suppositories ?",side effects
What are the side effects or risks of Ticarcillin and Clavulanate Injection ?,side effects
What are the side effects or risks of Isocarboxazid ?,side effects
"What are the side effects or risks of Acetaminophen, Butalbital, and Caffeine ?",side effects
What are the side effects or risks of Abacavir ?,side effects
What are the side effects or risks of Amikacin Injection ?,side effects
What are the side effects or risks of Yellow Fever Vaccine ?,side effects
What are the side effects or risks of Ospemifene ?,side effects
What are the side effects or risks of Paregoric ?,side effects
What are the side effects or risks of Alitretinoin ?,side effects
What are the side effects or risks of Tafluprost Ophthalmic ?,side effects
What are the side effects or risks of Torsemide Injection ?,side effects
What are the side effects or risks of Typhoid Vaccine ?,side effects
What are the side effects or risks of Axitinib ?,side effects
What are the side effects or risks of Sevelamer ?,side effects
What are the side effects or risks of Benazepril ?,side effects
What are the side effects or risks of Lidocaine Viscous ?,side effects
What are the side effects or risks of Mechlorethamine ?,side effects
What are the side effects or risks of Nabumetone ?,side effects
What are the side effects or risks of Tositumomab Injection ?,side effects
What are the side effects or risks of Diclofenac Transdermal Patch ?,side effects
What are the side effects or risks of Zanamivir Oral Inhalation ?,side effects
What are the side effects or risks of Simvastatin ?,side effects
What are the side effects or risks of Becaplermin Topical ?,side effects
What are the side effects or risks of Acetaminophen Injection ?,side effects
What are the side effects or risks of Ceftriaxone Injection ?,side effects
What are the side effects or risks of Sertraline ?,side effects
What are the side effects or risks of Gemfibrozil ?,side effects
What are the side effects or risks of Budesonide Oral ?,side effects
What are the side effects or risks of Glucagon ?,side effects
What are the side effects or risks of Flunisolide Nasal Spray ?,side effects
What are the side effects or risks of Cefoxitin Injection ?,side effects
What are the side effects or risks of Lindane ?,side effects
What are the side effects or risks of Deferiprone ?,side effects
What are the side effects or risks of Degarelix Injection ?,side effects
What are the side effects or risks of Ofatumumab Injection ?,side effects
What are the side effects or risks of Calcitonin Salmon Injection ?,side effects
What are the side effects or risks of Mifepristone (Korlym) ?,side effects
What are the side effects or risks of Alvimopan ?,side effects
What are the side effects or risks of Pentamidine Isethionate Injection ?,side effects
What are the side effects or risks of Etoposide Injection ?,side effects
What are the side effects or risks of Triamcinolone ?,side effects
What are the side effects or risks of Aminophylline ?,side effects
What are the side effects or risks of Carfilzomib Injection ?,side effects
What are the side effects or risks of Tobramycin Injection ?,side effects
What are the side effects or risks of Sulfasalazine ?,side effects
What are the side effects or risks of Morphine Rectal ?,side effects
What are the side effects or risks of Streptozocin ?,side effects
What are the side effects or risks of Losartan ?,side effects
What are the side effects or risks of Etanercept Injection ?,side effects
What are the side effects or risks of Ziprasidone ?,side effects
What are the side effects or risks of Abiraterone ?,side effects
What are the side effects or risks of Propranolol (Infantile Hemangioma) ?,side effects
What are the side effects or risks of Temsirolimus ?,side effects
What are the side effects or risks of Eletriptan ?,side effects
What are the side effects or risks of Exemestane ?,side effects
What are the side effects or risks of Primaquine ?,side effects
What are the side effects or risks of Ponatinib ?,side effects
What are the side effects or risks of Estazolam ?,side effects
What are the side effects or risks of Amantadine ?,side effects
What are the side effects or risks of Aluminum Hydroxide ?,side effects
What are the side effects or risks of Retapamulin ?,side effects
What are the side effects or risks of Sapropterin ?,side effects
What are the side effects or risks of Erythromycin and Sulfisoxazole ?,side effects
What are the side effects or risks of Moxifloxacin Ophthalmic ?,side effects
What are the side effects or risks of Gatifloxacin Ophthalmic ?,side effects
What are the side effects or risks of Tolnaftate ?,side effects
What are the side effects or risks of Diclofenac and Misoprostol ?,side effects
What are the side effects or risks of Oxymorphone ?,side effects
What are the side effects or risks of Topotecan Injection ?,side effects
What are the side effects or risks of Certolizumab Injection ?,side effects
What are the side effects or risks of Diflunisal ?,side effects
What are the side effects or risks of Potassium Iodide ?,side effects
What are the side effects or risks of Dipyridamole ?,side effects
What are the side effects or risks of Montelukast ?,side effects
What are the side effects or risks of Telaprevir ?,side effects
What are the side effects or risks of Ketorolac Ophthalmic ?,side effects
What are the side effects or risks of Dexrazoxane Injection ?,side effects
What are the side effects or risks of Rituximab Injection ?,side effects
What are the side effects or risks of Progesterone ?,side effects
"What are the side effects or risks of Elvitegravir, Cobicistat, Emtricitabine, and Tenofovir ?",side effects
What are the side effects or risks of Acetaminophen and Codeine ?,side effects
What are the side effects or risks of Modafinil ?,side effects
What are the side effects or risks of Triamterene and Hydrochlorothiazide ?,side effects
What are the side effects or risks of Chlorothiazide ?,side effects
What are the side effects or risks of Levoleucovorin Injection ?,side effects
What are the side effects or risks of Ivermectin ?,side effects
What are the side effects or risks of Fluphenazine ?,side effects
What are the side effects or risks of Cobimetinib ?,side effects
What are the side effects or risks of Pilocarpine Ophthalmic ?,side effects
What are the side effects or risks of Rolapitant ?,side effects
What are the side effects or risks of Procainamide Oral ?,side effects
What are the side effects or risks of Insulin Aspart (rDNA Origin) Injection ?,side effects
What are the side effects or risks of Ibrutinib ?,side effects
What are the side effects or risks of Testosterone Topical ?,side effects
What are the side effects or risks of Tobramycin Ophthalmic ?,side effects
What are the side effects or risks of Levodopa and Carbidopa ?,side effects
What are the side effects or risks of Estrogen and Progestin (Oral Contraceptives) ?,side effects
What are the side effects or risks of Naloxone Injection ?,side effects
What are the side effects or risks of Lenalidomide ?,side effects
What are the side effects or risks of Progestin-Only Oral Contraceptives ?,side effects
What are the side effects or risks of Mesna Injection ?,side effects
What are the side effects or risks of Guanabenz ?,side effects
What are the side effects or risks of Ranolazine ?,side effects
What are the side effects or risks of Thyroid ?,side effects
What are the side effects or risks of Belinostat Injection ?,side effects
What are the side effects or risks of Clindamycin Vaginal ?,side effects
What are the side effects or risks of Nimodipine ?,side effects
What are the side effects or risks of Ciprofloxacin and Hydrocortisone Otic ?,side effects
What are the side effects or risks of Digoxin Oral ?,side effects
What are the side effects or risks of Fulvestrant Injection ?,side effects
What are the side effects or risks of Tolterodine ?,side effects
What are the side effects or risks of Methazolamide ?,side effects
What are the side effects or risks of Japanese Encephalitis Vaccine ?,side effects
What are the side effects or risks of Nitrofurantoin ?,side effects
What are the side effects or risks of Cinacalcet ?,side effects
What are the side effects or risks of Interferon Alfacon-1 Injection ?,side effects
What are the side effects or risks of Telavancin Injection ?,side effects
What are the side effects or risks of Efavirenz ?,side effects
What are the side effects or risks of Fluvastatin ?,side effects
What are the side effects or risks of Aztreonam Injection ?,side effects
What are the side effects or risks of Diphenhydramine ?,side effects
What are the side effects or risks of Darbepoetin Alfa Injection ?,side effects
"What are the side effects or risks of Penicillin G (Potassium, Sodium) Injection ?",side effects
What are the side effects or risks of Spinosad Topical ?,side effects
What are the side effects or risks of Lacosamide Injection ?,side effects
What are the side effects or risks of Meningococcal Vaccines ?,side effects
What are the side effects or risks of Cefuroxime Injection ?,side effects
What are the side effects or risks of Chlorthalidone ?,side effects
What are the side effects or risks of Edoxaban ?,side effects
What are the side effects or risks of Ascorbic Acid ?,side effects
What are the side effects or risks of Finasteride ?,side effects
What are the side effects or risks of Gemcitabine Injection ?,side effects
"What are the side effects or risks of Influenza Vaccine, Live Intranasal ?",side effects
What are the side effects or risks of Ramelteon ?,side effects
What are the side effects or risks of Enzalutamide ?,side effects
What are the side effects or risks of Peramivir Injection ?,side effects
What are the side effects or risks of Omega-3 Fatty Acids ?,side effects
What are the side effects or risks of Prazosin ?,side effects
What are the side effects or risks of Nilotinib ?,side effects
What are the side effects or risks of Pramoxine ?,side effects
What are the side effects or risks of Tesamorelin Injection ?,side effects
What are the side effects or risks of Sertaconazole Topical ?,side effects
What are the side effects or risks of Clomiphene ?,side effects
What are the side effects or risks of Epoetin Alfa Injection ?,side effects
What are the side effects or risks of Cefotetan Injection ?,side effects
What are the side effects or risks of Gefitinib ?,side effects
What are the side effects or risks of Carmustine ?,side effects
What are the side effects or risks of Trandolapril and Verapamil ?,side effects
What are the side effects or risks of Lorazepam ?,side effects
What are the side effects or risks of Didanosine ?,side effects
What are the side effects or risks of Tavaborole Topical ?,side effects
What are the side effects or risks of Amoxicillin ?,side effects
What are the side effects or risks of Tramadol ?,side effects
What are the side effects or risks of Cisplatin Injection ?,side effects
What are the side effects or risks of Memantine ?,side effects
What are the side effects or risks of Butoconazole Vaginal Cream ?,side effects
What are the side effects or risks of AbobotulinumtoxinA Injection ?,side effects
What are the side effects or risks of Fluticasone Oral Inhalation ?,side effects
What are the side effects or risks of Benzyl Alcohol Topical ?,side effects
What are the side effects or risks of Eflornithine ?,side effects
What are the side effects or risks of Posaconazole ?,side effects
What are the side effects or risks of Melphalan ?,side effects
What are the side effects or risks of Pancrelipase ?,side effects
What are the side effects or risks of Aldesleukin ?,side effects
What are the side effects or risks of Tolcapone ?,side effects
What are the side effects or risks of Umeclidinium and Vilanterol Oral Inhalation ?,side effects
What are the side effects or risks of Dexamethasone Oral ?,side effects
What are the side effects or risks of Ketoprofen ?,side effects
What are the side effects or risks of Trametinib ?,side effects
What are the side effects or risks of Ferric Carboxymaltose Injection ?,side effects
What are the side effects or risks of Arsenic Trioxide Injection ?,side effects
What are the side effects or risks of Lanthanum ?,side effects
What are the side effects or risks of Belimumab Injection ?,side effects
What are the side effects or risks of Metoclopramide Injection ?,side effects
What are the side effects or risks of Budesonide Nasal Spray ?,side effects
What are the side effects or risks of Tadalafil ?,side effects
What are the side effects or risks of Doxycycline Injection ?,side effects
What are the side effects or risks of Moxifloxacin ?,side effects
What are the side effects or risks of Dofetilide ?,side effects
What are the side effects or risks of Calcitriol Topical ?,side effects
What are the side effects or risks of Methenamine ?,side effects
What are the side effects or risks of Atazanavir ?,side effects
What are the side effects or risks of Glucarpidase ?,side effects
What are the side effects or risks of Chlorzoxazone ?,side effects
What are the side effects or risks of Alprazolam ?,side effects
What are the side effects or risks of Tacrolimus ?,side effects
What are the side effects or risks of Cevimeline ?,side effects
What are the side effects or risks of Flavoxate ?,side effects
What are the side effects or risks of Peginterferon Alfa-2a Injection ?,side effects
What are the side effects or risks of Terazosin ?,side effects
What are the side effects or risks of Talc Intrapleural ?,side effects
What are the side effects or risks of Miglustat ?,side effects
What are the side effects or risks of Ceftaroline Injection ?,side effects
What are the side effects or risks of Doxorubicin ?,side effects
What are the side effects or risks of Oritavancin Injection ?,side effects
What are the side effects or risks of Entacapone ?,side effects
What are the side effects or risks of Silodosin ?,side effects
What are the side effects or risks of Brompheniramine ?,side effects
What are the side effects or risks of Enfuvirtide Injection ?,side effects
What are the side effects or risks of Clemastine ?,side effects
What are the side effects or risks of Meclizine ?,side effects
What are the side effects or risks of Lodoxamide Ophthalmic ?,side effects
What are the side effects or risks of Felbamate ?,side effects
What are the side effects or risks of Perindopril ?,side effects
What are the side effects or risks of Empagliflozin ?,side effects
What are the side effects or risks of Tofacitinib ?,side effects
What are the side effects or risks of Dantrolene Oral ?,side effects
What are the side effects or risks of Midazolam ?,side effects
What are the side effects or risks of Enoxaparin Injection ?,side effects
What are the side effects or risks of Captopril and Hydrochlorothiazide ?,side effects
What are the side effects or risks of Dutasteride ?,side effects
What are the side effects or risks of Palivizumab Injection ?,side effects
What are the side effects or risks of Vancomycin Hydrochloride Injection ?,side effects
What are the side effects or risks of Aluminum Hydroxide and Magnesium Hydroxide ?,side effects
What are the side effects or risks of Caspofungin Injection ?,side effects
What are the side effects or risks of Lisinopril ?,side effects
What are the side effects or risks of Dinutuximab Injection ?,side effects
What are the side effects or risks of Spironolactone ?,side effects
What are the side effects or risks of Bumetanide ?,side effects
What are the side effects or risks of Ibandronate Injection ?,side effects
What are the side effects or risks of Brinzolamide Ophthalmic ?,side effects
What are the side effects or risks of Valrubicin Intravesical ?,side effects
What are the side effects or risks of Zileuton ?,side effects
What are the side effects or risks of Ofloxacin Otic ?,side effects
What are the side effects or risks of Hepatitis B Vaccine ?,side effects
What are the side effects or risks of Ceftazidime and Avibactam Injection ?,side effects
What are the side effects or risks of Pentazocine ?,side effects
What are the side effects or risks of Beclomethasone Nasal Inhalation ?,side effects
What are the side effects or risks of Cyclosporine ?,side effects
What are the side effects or risks of Isavuconazonium ?,side effects
What are the side effects or risks of Bromocriptine ?,side effects
What are the side effects or risks of Toremifene ?,side effects
What are the side effects or risks of Febuxostat ?,side effects
What are the side effects or risks of Tiotropium Oral Inhalation ?,side effects
What are the side effects or risks of Lurasidone ?,side effects
What are the side effects or risks of Atovaquone ?,side effects
What are the side effects or risks of Promethazine ?,side effects
What are the side effects or risks of Ergotamine and Caffeine ?,side effects
What are the side effects or risks of Cyclophosphamide Injection ?,side effects
What are the side effects or risks of Psyllium ?,side effects
What are the side effects or risks of Ticagrelor ?,side effects
What are the side effects or risks of Minoxidil Topical ?,side effects
What are the side effects or risks of Patiromer ?,side effects
What are the side effects or risks of Haloperidol Injection ?,side effects
What are the side effects or risks of Dextromethorphan and Quinidine ?,side effects
What are the side effects or risks of Nifedipine ?,side effects
What are the side effects or risks of Bicalutamide ?,side effects
What are the side effects or risks of Eprosartan ?,side effects
What are the side effects or risks of Olsalazine ?,side effects
What are the side effects or risks of Vorapaxar ?,side effects
What are the side effects or risks of Ranitidine Hydrochloride Injection ?,side effects
What are the side effects or risks of Liothyronine ?,side effects
What are the side effects or risks of Siltuximab Injection ?,side effects
What are the side effects or risks of Verteporfin Injection ?,side effects
What are the side effects or risks of Daratumumab Injection ?,side effects
What are the side effects or risks of Phenylephrine ?,side effects
What are the side effects or risks of Insulin Glulisine (rDNA origin) Injection ?,side effects
What are the side effects or risks of Lanreotide Injection ?,side effects
What are the side effects or risks of Olanzapine ?,side effects
What are the side effects or risks of Cyclosporine Injection ?,side effects
What are the side effects or risks of Peginterferon Beta-1a Injection ?,side effects
What are the side effects or risks of Ritonavir ?,side effects
What are the side effects or risks of Clofarabine Injection ?,side effects
What are the side effects or risks of Bosentan ?,side effects
What are the side effects or risks of Ingenol Mebutate Topical ?,side effects
What are the side effects or risks of Propantheline ?,side effects
What are the side effects or risks of Rifampin ?,side effects
What are the side effects or risks of Tolvaptan ?,side effects
What are the side effects or risks of Penicillin G Benzathine and Penicillin G Procaine Injection ?,side effects
What are the side effects or risks of Methimazole ?,side effects
What are the side effects or risks of Isoniazid ?,side effects
What are the side effects or risks of Human Papillomavirus (HPV) Vaccine (Cervarix) ?,side effects
What are the side effects or risks of Cyanocobalamin Injection ?,side effects
What are the side effects or risks of Labetalol Oral ?,side effects
What are the side effects or risks of Estrogen and Bazedoxifene ?,side effects
What are the side effects or risks of Glyburide ?,side effects
What are the side effects or risks of Oxacillin Sodium Injection ?,side effects
What are the side effects or risks of Cephalexin ?,side effects
What are the side effects or risks of Risperidone Injection ?,side effects
What are the side effects or risks of Lisinopril and Hydrochlorothiazide ?,side effects
What are the side effects or risks of Moxifloxacin Injection ?,side effects
What are the side effects or risks of Ketoconazole ?,side effects
What are the side effects or risks of Denosumab Injection ?,side effects
What are the side effects or risks of Vortioxetine ?,side effects
What are the side effects or risks of Minoxidil Oral ?,side effects
What are the side effects or risks of Cladribine ?,side effects
What are the side effects or risks of Levofloxacin ?,side effects
What are the side effects or risks of Disulfiram ?,side effects
What are the side effects or risks of Lithium ?,side effects
What are the side effects or risks of Lansoprazole ?,side effects
What are the side effects or risks of Linaclotide ?,side effects
What are the side effects or risks of Stavudine ?,side effects
What are the side effects or risks of Azathioprine ?,side effects
What are the side effects or risks of Denileukin Diftitox Injection ?,side effects
What are the side effects or risks of Chlorpheniramine ?,side effects
What are the side effects or risks of Goserelin Implant ?,side effects
What are the side effects or risks of Secobarbital ?,side effects
What are the side effects or risks of Interferon Alfa-2b Injection ?,side effects
What are the side effects or risks of Pilocarpine ?,side effects
What are the side effects or risks of Methotrexate ?,side effects
What are the side effects or risks of Haloperidol ?,side effects
What are the side effects or risks of Ethinyl Estradiol and Etonogestrel Vaginal Ring ?,side effects
What are the side effects or risks of Bleomycin ?,side effects
"What are the side effects or risks of Hydrocortisone, Neomycin, and Polymyxin ?",side effects
What are the side effects or risks of Azithromycin ?,side effects
What are the side effects or risks of Insulin Lispro Injection ?,side effects
What are the side effects or risks of Testosterone Transdermal Patch ?,side effects
What are the side effects or risks of Artemether and Lumefantrine ?,side effects
What are the side effects or risks of Diphenhydramine Topical ?,side effects
"What are the side effects or risks of Diphtheria, Tetanus, and Pertussis (DTaP) Vaccine ?",side effects
What are the side effects or risks of Fosinopril ?,side effects
What are the side effects or risks of Granisetron Transdermal Patch ?,side effects
What are the side effects or risks of Isoxsuprine Oral ?,side effects
What are the side effects or risks of Clioquinol Topical ?,side effects
What are the side effects or risks of Cromolyn Sodium Nasal Solution ?,side effects
What are the side effects or risks of Ketorolac Injection ?,side effects
What are the side effects or risks of Mirabegron ?,side effects
What are the side effects or risks of Docetaxel Injection ?,side effects
What are the side effects or risks of Tamoxifen ?,side effects
What are the side effects or risks of Salicylic Acid Topical ?,side effects
What are the side effects or risks of Bendamustine Injection ?,side effects
What are the side effects or risks of Lactulose ?,side effects
What are the side effects or risks of Interferon beta-1a Intramuscular Injection ?,side effects
What are the side effects or risks of Flutamide ?,side effects
What are the side effects or risks of Oxaprozin ?,side effects
What are the side effects or risks of Fexofenadine ?,side effects
What are the side effects or risks of Boceprevir ?,side effects
What are the side effects or risks of Calcitonin Salmon Nasal Spray ?,side effects
What are the side effects or risks of Nicotine Transdermal Patch ?,side effects
What are the side effects or risks of Golimumab Injection ?,side effects
What are the side effects or risks of Armodafinil ?,side effects
What are the side effects or risks of Selegiline ?,side effects
What are the side effects or risks of Fingolimod ?,side effects
What are the side effects or risks of Oxiconazole ?,side effects
What are the side effects or risks of Neomycin Topical ?,side effects
What are the side effects or risks of Ramucirumab Injection ?,side effects
What are the side effects or risks of Ivacaftor ?,side effects
What are the side effects or risks of Dornase Alfa ?,side effects
What are the side effects or risks of Carisoprodol ?,side effects
What are the side effects or risks of Doxorubicin Lipid Complex Injection ?,side effects
What are the side effects or risks of Amiloride ?,side effects
What are the side effects or risks of Flurbiprofen Ophthalmic ?,side effects
What are the side effects or risks of Nitroglycerin Topical ?,side effects
What are the side effects or risks of Raltegravir ?,side effects
What are the side effects or risks of Necitumumab Injection ?,side effects
What are the side effects or risks of Duloxetine ?,side effects
What are the side effects or risks of Palbociclib ?,side effects
What are the side effects or risks of Shingles (Zoster) Vaccine ?,side effects
What are the side effects or risks of Pegfilgrastim Injection ?,side effects
What are the side effects or risks of Calcitriol ?,side effects
What are the side effects or risks of Protriptyline ?,side effects
What are the symptoms of Ganglioneuroblastoma ?,symptoms
What are the symptoms of Ehlers-Danlos-like syndrome due to tenascin-X deficiency ?,symptoms
What are the symptoms of Breast milk jaundice ?,symptoms
What are the symptoms of Imperforate anus ?,symptoms
"What are the symptoms of Amelogenesis imperfecta, hypoplastic/hypomaturation, X-linked 2 ?",symptoms
What are the symptoms of Spider angioma ?,symptoms
What are the symptoms of Idiopathic thrombocytopenic purpura (ITP) ?,symptoms
What are the symptoms of 1q44 microdeletion syndrome ?,symptoms
What are the symptoms of Familial hemiplegic migraine ?,symptoms
What are the symptoms of Ehrlichiosis ?,symptoms
What are the symptoms of Optic atrophy 2 ?,symptoms
"What are the symptoms of Familial amyloidosis, Finnish type ?",symptoms
"What are the symptoms of Familial erythrocytosis, 1 ?",symptoms
What are the symptoms of Erysipelas ?,symptoms
What are the symptoms of Allergies ?,symptoms
What are the symptoms of Malignant hyperthermia arthrogryposis torticollis ?,symptoms
What are the symptoms of Epispadias ?,symptoms
What are the symptoms of Gout ?,symptoms
What are the symptoms of Renal tubular dysgenesis ?,symptoms
What are the symptoms of Diffuse cutaneous systemic sclerosis ?,symptoms
What are the symptoms of Medullary cystic kidney disease 1 ?,symptoms
What are the symptoms of Childhood Liver Cancer ?,symptoms
What are the symptoms of Carnevale syndrome ?,symptoms
What are the symptoms of Chiggers ?,symptoms
What are the symptoms of Transient tachypnea - newborn ?,symptoms
What are the symptoms of Hypothermia ?,symptoms
What are the symptoms of Charcot-Marie-Tooth disease ?,symptoms
What are the symptoms of Pica ?,symptoms
What are the symptoms of Tick paralysis ?,symptoms
What are the symptoms of Sertoli cell-only syndrome ?,symptoms
What are the symptoms of Leber congenital amaurosis 2 ?,symptoms
What are the symptoms of Bladder cancer ?,symptoms
What are the symptoms of Paranasal Sinus and Nasal Cavity Cancer ?,symptoms
What are the symptoms of Lubinsky syndrome ?,symptoms
What are the symptoms of Colorectal Cancer ?,symptoms
What are the symptoms of Corneal dystrophy of Bowman layer type 1 ?,symptoms
What are the symptoms of Granuloma annulare ?,symptoms
What are the symptoms of Compression fractures of the back ?,symptoms
What are the symptoms of Lipoic acid synthetase deficiency ?,symptoms
What are the symptoms of Anterior knee pain ?,symptoms
What are the symptoms of Spastic paraplegia facial cutaneous lesions ?,symptoms
What are the symptoms of Transfusion reaction - hemolytic ?,symptoms
What are the symptoms of Hallermann-Streiff syndrome ?,symptoms
What are the symptoms of Hypotension ?,symptoms
What are the symptoms of Chronic progressive external ophthalmoplegia ?,symptoms
What are the symptoms of Thymic-Renal-Anal-Lung dysplasia ?,symptoms
What are the symptoms of Fragile X syndrome ?,symptoms
What are the symptoms of Huntington disease ?,symptoms
What are the symptoms of Hepatic hemangioma ?,symptoms
What are the symptoms of Horizontal gaze palsy with progressive scoliosis ?,symptoms
What are the symptoms of Autoimmune disorders ?,symptoms
What are the symptoms of Chikungunya virus ?,symptoms
What are the symptoms of Multicentric osteolysis nephropathy ?,symptoms
What are the symptoms of Ovarian cancer ?,symptoms
What are the symptoms of Bifid nose with or without anorectal and renal anomalies ?,symptoms
What are the symptoms of Scleritis ?,symptoms
What are the symptoms of Vulvar Cancer ?,symptoms
What are the symptoms of Heart Attack ?,symptoms
What are the symptoms of Nance-Horan syndrome ?,symptoms
"What are the symptoms of Dwarfism, proportionate with hip dislocation ?",symptoms
What are the symptoms of Homocystinuria ?,symptoms
What are the symptoms of Gastritis ?,symptoms
What are the symptoms of D-glycericacidemia ?,symptoms
What are the symptoms of Brain herniation ?,symptoms
What are the symptoms of Combined oxidative phosphorylation deficiency 16 ?,symptoms
What are the symptoms of Sinusitis ?,symptoms
What are the symptoms of Severe intellectual disability-progressive spastic diplegia syndrome ?,symptoms
What are the symptoms of Boric acid poisoning ?,symptoms
What are the symptoms of Spinocerebellar ataxia 21 ?,symptoms
What are the symptoms of Osteitis fibrosa ?,symptoms
What are the symptoms of Nephrotic syndrome ocular anomalies ?,symptoms
What are the symptoms of Fingerprint body myopathy ?,symptoms
What are the symptoms of Ovarian hypofunction ?,symptoms
What are the symptoms of Niemann-Pick disease ?,symptoms
What are the symptoms of Keratosis follicularis spinulosa decalvans ?,symptoms
What are the symptoms of Seow Najjar syndrome ?,symptoms
What are the symptoms of Hyperthyroidism ?,symptoms
What are the symptoms of Post-streptococcal glomerulonephritis (GN) ?,symptoms
What are the symptoms of Cheilitis glandularis ?,symptoms
"What are the symptoms of Ovarian Epithelial, Fallopian Tube, and Primary Peritoneal Cancer ?",symptoms
What are the symptoms of Split hand foot malformation ?,symptoms
What are the symptoms of Perichondritis ?,symptoms
What are the symptoms of Gollop Coates syndrome ?,symptoms
What are the symptoms of Chlamydial infections - male ?,symptoms
What are the symptoms of Cardiac arrest ?,symptoms
What are the symptoms of Typhoid Fever ?,symptoms
What are the symptoms of Familial Mediterranean fever ?,symptoms
What are the symptoms of Preauricular sinus ?,symptoms
What are the symptoms of Filippi syndrome ?,symptoms
What are the symptoms of Brain tumor - primary - adults ?,symptoms
What are the symptoms of Progeria ?,symptoms
"What are the symptoms of Ehlers-Danlos syndrome, vascular type ?",symptoms
What are the symptoms of Vitreoretinochoroidopathy dominant ?,symptoms
What are the symptoms of Microphthalmia syndromic 9 ?,symptoms
What are the symptoms of Shingles ?,symptoms
What are the symptoms of Carbon monoxide poisoning ?,symptoms
What are the symptoms of Chromosome 17p13.1 deletion syndrome ?,symptoms
What are the symptoms of Human bites - self-care ?,symptoms
What are the symptoms of Aicardi-Goutieres syndrome type 2 ?,symptoms
What are the symptoms of Myotonic dystrophy type 1 ?,symptoms
What are the symptoms of Respiratory Failure ?,symptoms
What are the symptoms of Pulmonary Hypertension ?,symptoms
What are the symptoms of Cushing's syndrome ?,symptoms
What are the symptoms of Cutaneous mastocytosis ?,symptoms
What are the symptoms of Alopecia macular degeneration growth retardation ?,symptoms
What are the symptoms of Curry Jones syndrome ?,symptoms
What are the symptoms of Enlarged prostate ?,symptoms
"What are the symptoms of Deafness, dystonia, and cerebral hypomyelination ?",symptoms
What are the symptoms of Familial hemiplegic migraine type 1 ?,symptoms
What are the symptoms of Mucous cyst ?,symptoms
What are the symptoms of Congenital porphyria ?,symptoms
What are the symptoms of Baraitser Brett Piesowicz syndrome ?,symptoms
What are the symptoms of Muscle eye brain disease ?,symptoms
What are the symptoms of Phobia - simple/specific ?,symptoms
What are the symptoms of Hunter Rudd Hoffmann syndrome ?,symptoms
What are the symptoms of Neutral lipid storage disease with myopathy ?,symptoms
What are the symptoms of Antiphospholipid Antibody Syndrome ?,symptoms
What are the symptoms of Ablepharon macrostomia syndrome ?,symptoms
"What are the symptoms of Epidermolysis bullosa simplex, generalized ?",symptoms
What are the symptoms of Hypoplastic left heart syndrome ?,symptoms
What are the symptoms of Diabetes insipidus - nephrogenic ?,symptoms
What are the symptoms of DCMA syndrome ?,symptoms
What are the symptoms of Neuronal ceroid lipofuscinosis ?,symptoms
What are the symptoms of Spinal muscular atrophy with respiratory distress 1 ?,symptoms
What are the symptoms of Congenital hypothyroidism ?,symptoms
What are the symptoms of Enlarged adenoids ?,symptoms
What are the symptoms of Skin fragility-woolly hair-palmoplantar keratoderma syndrome ?,symptoms
What are the symptoms of Troyer syndrome ?,symptoms
What are the symptoms of Hemolytic anemia lethal congenital nonspherocytic with genital and other abnormalities ?,symptoms
What are the symptoms of Mitochondrial encephalomyopathy lactic acidosis and stroke-like episodes ?,symptoms
What are the symptoms of Lymphogranuloma venereum ?,symptoms
What are the symptoms of Reifenstein syndrome ?,symptoms
What are the symptoms of X-linked magnesium deficiency with Epstein-Barr virus infection and neoplasia ?,symptoms
What are the symptoms of Barber Say syndrome ?,symptoms
What are the symptoms of Spinocerebellar ataxia 20 ?,symptoms
What are the symptoms of Lichen sclerosus ?,symptoms
What are the symptoms of Beta blockers overdose ?,symptoms
What are the symptoms of Osteogenesis imperfecta ?,symptoms
What are the symptoms of Spastic paraplegia 19 ?,symptoms
What are the symptoms of Pheochromocytoma ?,symptoms
What are the symptoms of Shaken baby syndrome ?,symptoms
What are the symptoms of Renal nutcracker syndrome ?,symptoms
What are the symptoms of Treacher Collins syndrome ?,symptoms
What are the symptoms of Visceral larva migrans ?,symptoms
What are the symptoms of Illness anxiety disorder ?,symptoms
What are the symptoms of Cataract Hutterite type ?,symptoms
What are the symptoms of Aplasia cutis congenita intestinal lymphangiectasia ?,symptoms
What are the symptoms of Ectropion ?,symptoms
"What are the symptoms of Polyhydramnios, megalencephaly, and symptomatic epilepsy syndrome ?",symptoms
What are the symptoms of Cushing disease ?,symptoms
"What are the symptoms of Radial hypoplasia, triphalangeal thumbs and hypospadias ?",symptoms
"What are the symptoms of Hereditary endotheliopathy, retinopathy, nephropathy, and stroke ?",symptoms
What are the symptoms of Epstein pearls ?,symptoms
What are the symptoms of Miles-Carpenter x-linked mental retardation syndrome ?,symptoms
What are the symptoms of Anal fissure ?,symptoms
What are the symptoms of What I need to know about Gas ?,symptoms
What are the symptoms of Osteogenesis imperfecta type II ?,symptoms
What are the symptoms of Schizotypal personality disorder ?,symptoms
What are the symptoms of Pneumonia ?,symptoms
What are the symptoms of Progressive supranuclear palsy atypical ?,symptoms
What are the symptoms of Milia ?,symptoms
What are the symptoms of Aphalangia partial with syndactyly and duplication of metatarsal IV ?,symptoms
What are the symptoms of Mucolipidosis III alpha/beta ?,symptoms
What are the symptoms of Retinal vasculopathy with cerebral leukodystrophy ?,symptoms
What are the symptoms of Cherry angioma ?,symptoms
What are the symptoms of Essential tremor ?,symptoms
What are the symptoms of Dysequilibrium syndrome ?,symptoms
What are the symptoms of Acquired platelet function defect ?,symptoms
What are the symptoms of Lucey-Driscoll syndrome ?,symptoms
What are the symptoms of Hanhart syndrome ?,symptoms
What are the symptoms of Ullrich congenital muscular dystrophy ?,symptoms
What are the symptoms of Polymyositis ?,symptoms
What are the symptoms of Sensorimotor polyneuropathy ?,symptoms
What are the symptoms of Hairy cell leukemia ?,symptoms
What are the symptoms of Kawasaki disease ?,symptoms
What are the symptoms of Dermoids of cornea ?,symptoms
What are the symptoms of Premenstrual syndrome ?,symptoms
What are the symptoms of Liver failure acute infantile ?,symptoms
What are the symptoms of Aicardi syndrome ?,symptoms
What are the symptoms of Paget disease of bone ?,symptoms
What are the symptoms of Cone dystrophy ?,symptoms
What are the symptoms of Insulin Resistance and Prediabetes ?,symptoms
What are the symptoms of Thalassemias ?,symptoms
What are the symptoms of Pyruvate decarboxylase deficiency ?,symptoms
What are the symptoms of Polycystic lipomembranous osteodysplasia with sclerosing leukoencephalopathy ?,symptoms
What are the symptoms of Dental cavities ?,symptoms
What are the symptoms of Zika virus disease ?,symptoms
What are the symptoms of Celiac Disease ?,symptoms
What are the symptoms of Neutropenia chronic familial ?,symptoms
What are the symptoms of Facioscapulohumeral muscular dystrophy ?,symptoms
What are the symptoms of Fungal arthritis ?,symptoms
What are the symptoms of Frontal fibrosing alopecia ?,symptoms
What are the symptoms of Deafness and myopia syndrome ?,symptoms
What are the symptoms of Pyomyositis ?,symptoms
What are the symptoms of Thoracic outlet syndrome ?,symptoms
What are the symptoms of Ambras syndrome ?,symptoms
What are the symptoms of Retinitis pigmentosa ?,symptoms
What are the symptoms of Arthrogryposis like disorder ?,symptoms
What are the symptoms of Respiratory acidosis ?,symptoms
What are the symptoms of Carnosinemia ?,symptoms
What are the symptoms of Diabetic Neuropathies: The Nerve Damage of Diabetes ?,symptoms
"What are the symptoms of Dwarfism, mental retardation and eye abnormality ?",symptoms
What are the symptoms of Duchenne muscular dystrophy ?,symptoms
What are the symptoms of Karak syndrome ?,symptoms
What are the symptoms of Banki syndrome ?,symptoms
What are the symptoms of Cataract-microcephaly-failure to thrive-kyphoscoliosis ?,symptoms
What are the symptoms of Adult Primary Liver Cancer ?,symptoms
What are the symptoms of X-linked creatine deficiency ?,symptoms
What are the symptoms of Glomus tympanicum tumor ?,symptoms
What are the symptoms of Carcinoid syndrome ?,symptoms
What are the symptoms of Encephalitis ?,symptoms
What are the symptoms of Griscelli syndrome ?,symptoms
What are the symptoms of Diabetic Retinopathy ?,symptoms
What are the symptoms of Tetramelic monodactyly ?,symptoms
What are the symptoms of Tracheal rupture ?,symptoms
What are the symptoms of Traumatic injury of the bladder and urethra ?,symptoms
What are the symptoms of Pseudohypoparathyroidism type 1C ?,symptoms
"What are the symptoms of Ichthyosis, acquired ?",symptoms
"What are the symptoms of Tremors, nystagmus and duodenal ulcers ?",symptoms
What are the symptoms of Odonto onycho dysplasia with alopecia ?,symptoms
What are the symptoms of Prescription and Illicit Drug Abuse ?,symptoms
What are the symptoms of GM1 gangliosidosis type 3 ?,symptoms
What are the symptoms of Larsen-like syndrome ?,symptoms
What are the symptoms of Thrombocythemia and Thrombocytosis ?,symptoms
What are the symptoms of Multiple sclerosis ?,symptoms
What are the symptoms of Congenital laryngeal palsy ?,symptoms
What are the symptoms of Osteogenesis imperfecta type I ?,symptoms
What are the symptoms of Erythema multiforme ?,symptoms
What are the symptoms of Dopamine beta hydroxylase deficiency ?,symptoms
What are the symptoms of Schwartz Jampel syndrome type 1 ?,symptoms
What are the symptoms of 8p23.1 duplication syndrome ?,symptoms
What are the symptoms of Anencephaly and spina bifida X-linked ?,symptoms
What are the symptoms of Simosa cranio facial syndrome ?,symptoms
What are the symptoms of Fuchs dystrophy ?,symptoms
What are the symptoms of Diphtheria ?,symptoms
What are the symptoms of 2q37 deletion syndrome ?,symptoms
"What are the symptoms of Copper deficiency, familial benign ?",symptoms
"What are the symptoms of Deafness, autosomal dominant nonsyndromic sensorineural 22 ?",symptoms
"What are the symptoms of Whistling face syndrome, recessive form ?",symptoms
What are the symptoms of Normophosphatemic familial tumoral calcinosis ?,symptoms
What are the symptoms of Dehydration ?,symptoms
What are the symptoms of Zollinger-Ellison Syndrome ?,symptoms
What are the symptoms of Thrombotic thrombocytopenic purpura ?,symptoms
What are the symptoms of Testicular cancer ?,symptoms
What are the symptoms of Colorado tick fever ?,symptoms
What are the symptoms of Pneumomediastinum ?,symptoms
What are the symptoms of Cohen syndrome ?,symptoms
What are the symptoms of Pleurisy ?,symptoms
What are the symptoms of Perianal streptococcal cellulitis ?,symptoms
"What are the symptoms of Epidermolysis bullosa simplex, localized ?",symptoms
What are the symptoms of Echinococcus ?,symptoms
What are the symptoms of Tuberous sclerosis ?,symptoms
What are the symptoms of Sleeping sickness ?,symptoms
What are the symptoms of Mosaic trisomy 8 ?,symptoms
What are the symptoms of Chronic Fatigue Syndrome (CFS) ?,symptoms
What are the symptoms of Central sleep apnea ?,symptoms
What are the symptoms of Hodgkin lymphoma ?,symptoms
What are the symptoms of Sudden infant death syndrome ?,symptoms
What are the symptoms of Tietze syndrome ?,symptoms
What are the symptoms of Turner syndrome ?,symptoms
What are the symptoms of Mental retardation Smith Fineman Myers type ?,symptoms
What are the symptoms of Hereditary angioedema ?,symptoms
What are the symptoms of Diffuse gastric cancer ?,symptoms
What are the symptoms of Cranioacrofacial syndrome ?,symptoms
What are the symptoms of Blastomycosis ?,symptoms
What are the symptoms of Schisis association ?,symptoms
What are the symptoms of Bleeding disorders ?,symptoms
What are the symptoms of Malignant hyperthermia susceptibility type 3 ?,symptoms
What are the symptoms of Diabetic mastopathy ?,symptoms
What are the symptoms of Alpha-1 antitrypsin deficiency ?,symptoms
What are the symptoms of Thumb stiff brachydactyly mental retardation ?,symptoms
What are the symptoms of Vaginal dryness ?,symptoms
What are the symptoms of Chronic Myelogenous Leukemia ?,symptoms
What are the symptoms of Imipramine overdose ?,symptoms
What are the symptoms of Macroglobulinemia of Waldenstrom ?,symptoms
What are the symptoms of Osteodysplasia familial Anderson type ?,symptoms
What are the symptoms of Parkinson's Disease ?,symptoms
What are the symptoms of Trachoma ?,symptoms
What are the symptoms of Male pattern baldness ?,symptoms
What are the symptoms of Hypothalamic dysfunction ?,symptoms
What are the symptoms of Poland syndrome ?,symptoms
What are the symptoms of Ruptured eardrum ?,symptoms
"What are the symptoms of Leigh syndrome, French Canadian type ?",symptoms
What are the symptoms of Charcot-Marie-Tooth disease type 2J ?,symptoms
What are the symptoms of Asthma ?,symptoms
What are the symptoms of Thai symphalangism syndrome ?,symptoms
What are the symptoms of Laron syndrome ?,symptoms
What are the symptoms of Diabetic Retinopathy ?,symptoms
What are the symptoms of Chiari malformation ?,symptoms
What are the symptoms of Fabry disease ?,symptoms
What are the symptoms of Alopecia universalis ?,symptoms
What are the symptoms of Pine oil poisoning ?,symptoms
What are the symptoms of Polio ?,symptoms
What are the symptoms of Raine syndrome ?,symptoms
What are the symptoms of Multifocal motor neuropathy ?,symptoms
What are the symptoms of Xeroderma pigmentosum ?,symptoms
What are the symptoms of CADASIL ?,symptoms
What are the symptoms of Pelizaeus-Merzbacher disease ?,symptoms
What are the symptoms of Iridocorneal endothelial syndrome ?,symptoms
What are the symptoms of Trichotillomania ?,symptoms
What are the symptoms of Surviving Cancer ?,symptoms
What are the symptoms of Brucellosis ?,symptoms
What are the symptoms of Alkhurma Hemorrhagic Fever (AHF) ?,symptoms
What are the symptoms of Wilson Disease ?,symptoms
What are the symptoms of Focal facial dermal dysplasia ?,symptoms
What are the symptoms of Familial atrial fibrillation ?,symptoms
What are the symptoms of Separation anxiety in children ?,symptoms
What are the symptoms of Athabaskan brainstem dysgenesis ?,symptoms
What are the symptoms of Pontocerebellar hypoplasia type 1 ?,symptoms
What are the symptoms of Hypersensitivity Pneumonitis ?,symptoms
What are the symptoms of Hemophilia B ?,symptoms
What are the symptoms of Placenta previa ?,symptoms
What are the symptoms of Spastic ataxia Charlevoix-Saguenay type ?,symptoms
What are the symptoms of Depression ?,symptoms
What are the symptoms of Goldberg-Shprintzen megacolon syndrome ?,symptoms
What are the symptoms of Orofaciodigital syndrome 11 ?,symptoms
What are the symptoms of Myotonia congenita ?,symptoms
What are the symptoms of Congenital antithrombin III deficiency ?,symptoms
What are the symptoms of Ellis Yale Winter syndrome ?,symptoms
What are the symptoms of Lichen planus pigmentosus ?,symptoms
What are the symptoms of Childhood Extracranial Germ Cell Tumors ?,symptoms
What are the symptoms of Deep venous thrombosis ?,symptoms
What are the symptoms of Myofibrillar myopathy ?,symptoms
What are the symptoms of Familial isolated hyperparathyroidism ?,symptoms
What are the symptoms of Osteogenesis imperfecta Levin type ?,symptoms
What are the symptoms of Von Gierke disease ?,symptoms
What are the symptoms of Generalized pustular psoriasis ?,symptoms
What are the symptoms of IBIDS syndrome ?,symptoms
What are the symptoms of IVIC syndrome ?,symptoms
What are the symptoms of Dyskeratosis congenita autosomal recessive ?,symptoms
What are the symptoms of Birdshot chorioretinopathy ?,symptoms
What are the symptoms of Dacryoadenitis ?,symptoms
What are the symptoms of Common variable immunodeficiency ?,symptoms
What are the symptoms of X-linked Charcot-Marie-Tooth disease type 4 ?,symptoms
"What are the symptoms of Autosomal recessive optic atrophy, hearing loss, and peripheral neuropathy ?",symptoms
What are the symptoms of Alport syndrome ?,symptoms
What are the symptoms of Pyridoxine-dependent epilepsy ?,symptoms
What are the symptoms of Urge incontinence ?,symptoms
What are the symptoms of Dyskeratosis congenita autosomal dominant ?,symptoms
What are the symptoms of Creeping eruption ?,symptoms
"What are the symptoms of Palmoplantar keratoderma, epidermolytic ?",symptoms
What are the symptoms of HELLP syndrome ?,symptoms
What are the symptoms of Aplasia cutis congenita ?,symptoms
What are the symptoms of Coronary artery spasm ?,symptoms
What are the symptoms of Bruxism ?,symptoms
What are the symptoms of 11-beta-hydroxylase deficiency ?,symptoms
What are the symptoms of Broken Heart Syndrome ?,symptoms
"What are the symptoms of Hereditary angiopathy with nephropathy, aneurysms, and muscle cramps syndrome ?",symptoms
What are the symptoms of Blind loop syndrome ?,symptoms
What are the symptoms of Spinocerebellar ataxia 26 ?,symptoms
What are the symptoms of Diabetes and eye disease ?,symptoms
What are the symptoms of Facial tics ?,symptoms
What are the symptoms of Ibuprofen overdose ?,symptoms
What are the symptoms of Hyper-IgD syndrome ?,symptoms
What are the symptoms of Orchitis ?,symptoms
What are the symptoms of Juvenile Myelomonocytic Leukemia ?,symptoms
What are the symptoms of Impairment of oral perception ?,symptoms
What are the symptoms of Ankylosing spondylitis ?,symptoms
What are the symptoms of Partial (focal) seizure ?,symptoms
What are the symptoms of Glaucoma ?,symptoms
What are the symptoms of Autosomal dominant optic atrophy plus syndrome ?,symptoms
What are the symptoms of Lassueur-Graham-Little syndrome ?,symptoms
What are the symptoms of Twin-to-twin transfusion syndrome ?,symptoms
What are the symptoms of Phenobarbital overdose ?,symptoms
What are the symptoms of Primary Sclerosing Cholangitis ?,symptoms
What are the symptoms of Thyroid storm ?,symptoms
What are the symptoms of Pick disease ?,symptoms
What are the symptoms of Warts ?,symptoms
What are the symptoms of Reactive arthritis ?,symptoms
What are the symptoms of Achard syndrome ?,symptoms
What are the symptoms of Caput succedaneum ?,symptoms
What are the symptoms of Potato nose ?,symptoms
What are the symptoms of Autosomal dominant optic atrophy and cataract ?,symptoms
What are the symptoms of Quinquaud's decalvans folliculitis ?,symptoms
What are the symptoms of Meckel's diverticulum ?,symptoms
What are the symptoms of Lamellar ichthyosis ?,symptoms
What are the symptoms of Chorea-acanthocytosis ?,symptoms
What are the symptoms of Oral cancer ?,symptoms
What are the symptoms of Skin Cancer ?,symptoms
What are the symptoms of Corneal injury ?,symptoms
What are the symptoms of Mucolipidosis type 4 ?,symptoms
What are the symptoms of Ammonia poisoning ?,symptoms
What are the symptoms of Pernicious Anemia ?,symptoms
What are the symptoms of Frontometaphyseal dysplasia ?,symptoms
What are the symptoms of Type 1 plasminogen deficiency ?,symptoms
What are the symptoms of Pulmonary veno-occlusive disease ?,symptoms
What are the symptoms of Factor XI deficiency ?,symptoms
What are the symptoms of Laryngeal Cancer ?,symptoms
What are the symptoms of Pierson syndrome ?,symptoms
What are the symptoms of Psoriasis - guttate ?,symptoms
What are the symptoms of Esophageal perforation ?,symptoms
What are the symptoms of Hand-foot-mouth disease ?,symptoms
"What are the symptoms of Microcephaly, corpus callosum dysgenesis and cleft lip-palate ?",symptoms
What are the symptoms of STING-associated vasculopathy with onset in infancy ?,symptoms
What are the symptoms of Lissencephaly 1 ?,symptoms
What are the symptoms of Mental retardation X-linked syndromic 7 ?,symptoms
What are the symptoms of Ring chromosome 10 ?,symptoms
What are the symptoms of Amyloidosis and Kidney Disease ?,symptoms
What are the symptoms of Diabetic Kidney Disease ?,symptoms
What are the symptoms of Cramp-fasciculation syndrome ?,symptoms
What are the symptoms of Deafness enamel hypoplasia nail defects ?,symptoms
What are the symptoms of Biliary stricture ?,symptoms
What are the symptoms of Multiple system atrophy ?,symptoms
What are the symptoms of Hypospadias ?,symptoms
What are the symptoms of Primary Hyperparathyroidism ?,symptoms
What are the symptoms of Peritonitis - spontaneous ?,symptoms
What are the symptoms of Paranoid personality disorder ?,symptoms
What are the symptoms of Bilateral hydronephrosis ?,symptoms
What are the symptoms of Mastocytic enterocolitis ?,symptoms
What are the symptoms of Tetralogy of Fallot ?,symptoms
What are the symptoms of Cardiomyopathy ?,symptoms
What are the symptoms of Apert syndrome ?,symptoms
What are the symptoms of Lysinuric protein intolerance ?,symptoms
What are the symptoms of Craniosynostosis-mental retardation syndrome of Lin and Gettig ?,symptoms
What are the symptoms of PAGOD syndrome ?,symptoms
What are the symptoms of Becker muscular dystrophy ?,symptoms
What are the symptoms of Juvenile primary lateral sclerosis ?,symptoms
What are the symptoms of Enteritis ?,symptoms
What are the symptoms of Hereditary leiomyomatosis and renal cell cancer ?,symptoms
What are the symptoms of Mesomelic dysplasia Savarirayan type ?,symptoms
What are the symptoms of Campylobacter infection ?,symptoms
What are the symptoms of Muscular fibrosis multifocal obstructed vessels ?,symptoms
What are the symptoms of Periventricular heterotopia ?,symptoms
What are the symptoms of Menkes syndrome ?,symptoms
What are the symptoms of Hepatitis C - children ?,symptoms
"What are the symptoms of Agammaglobulinemia, non-Bruton type ?",symptoms
What are the symptoms of Spastic paraplegia 5B ?,symptoms
What are the symptoms of Tylosis with esophageal cancer ?,symptoms
What are the symptoms of Endocardial cushion defect ?,symptoms
What are the symptoms of Osteopoikilosis and dacryocystitis ?,symptoms
What are the symptoms of Proteinuria ?,symptoms
What are the symptoms of Ventricular fibrillation ?,symptoms
"What are the symptoms of Mental retardation-hypotonic facies syndrome X-linked, 1 ?",symptoms
What are the symptoms of FG syndrome ?,symptoms
What are the symptoms of Facio thoraco genital syndrome ?,symptoms
What are the symptoms of Blue cone monochromatism ?,symptoms
What are the symptoms of Urinary Tract Infections ?,symptoms
"What are the symptoms of Dystonia 7, torsion ?",symptoms
What are the symptoms of Hemochromatosis ?,symptoms
What are the symptoms of Varicose veins and venous insufficiency ?,symptoms
What are the symptoms of Liddle syndrome ?,symptoms
What are the symptoms of Jellyfish stings ?,symptoms
What are the symptoms of Paronychia ?,symptoms
"What are the symptoms of Cataract, posterior polar, 1 ?",symptoms
What are the symptoms of Fryns Hofkens Fabry syndrome ?,symptoms
What are the symptoms of Macrocephaly mesodermal hamartoma spectrum ?,symptoms
What are the symptoms of Marden Walker like syndrome ?,symptoms
What are the symptoms of Narcolepsy ?,symptoms
What are the symptoms of Branchiooculofacial syndrome ?,symptoms
What are the symptoms of Erdheim-Chester disease ?,symptoms
What are the symptoms of Hyperinsulinemic hypoglycemia familial 2 ?,symptoms
What are the symptoms of Menopause ?,symptoms
What are the symptoms of Sclerosing mesenteritis ?,symptoms
What are the symptoms of Kidney Dysplasia ?,symptoms
What are the symptoms of Spondylometaphyseal dysplasia type A4 ?,symptoms
What are the symptoms of Paris-Trousseau thrombocytopenia ?,symptoms
What are the symptoms of Cyclic Vomiting Syndrome ?,symptoms
What are the symptoms of Freeman Sheldon syndrome ?,symptoms
"What are the symptoms of Sensory ataxic neuropathy, dysarthria, and ophthalmoparesis ?",symptoms
What are the symptoms of Isopropanol overdose ?,symptoms
What are the symptoms of Carpenter syndrome ?,symptoms
What are the symptoms of Breast cancer in men ?,symptoms
What are the symptoms of Morquio syndrome B ?,symptoms
What are the symptoms of West Nile virus ?,symptoms
What are the symptoms of Melasma ?,symptoms
What are the symptoms of Histiocytosis-lymphadenopathy plus syndrome ?,symptoms
What are the symptoms of Absence seizure ?,symptoms
"What are the symptoms of Mental retardation, macrocephaly, short stature and craniofacial dysmorphism ?",symptoms
What are the symptoms of Fraser like syndrome ?,symptoms
What are the symptoms of Cockayne syndrome type II ?,symptoms
What are the symptoms of Deafness oligodontia syndrome ?,symptoms
What are the symptoms of Congenital rubella ?,symptoms
What are the symptoms of Premenstrual dysphoric disorder ?,symptoms
"What are the symptoms of Craniometaphyseal dysplasia, autosomal dominant ?",symptoms
What are the symptoms of Adrenocortical carcinoma ?,symptoms
What are the symptoms of Tularemia ?,symptoms
What are the symptoms of What I need to know about Kidney Stones ?,symptoms
What are the symptoms of Ehlers-Danlos syndrome ?,symptoms
What are the symptoms of Tapeworm infection - beef or pork ?,symptoms
What are the symptoms of McCune Albright syndrome ?,symptoms
What are the symptoms of Radial ray hypoplasia choanal atresia ?,symptoms
What are the symptoms of Chronic atypical neutrophilic dermatosis with lipodystrophy and elevated temperature ?,symptoms
What are the symptoms of Crohn disease ?,symptoms
What are the symptoms of Rommen Mueller Sybert syndrome ?,symptoms
What are the symptoms of Cornea guttata with anterior polar cataract ?,symptoms
What are the symptoms of Neonatal progeroid syndrome ?,symptoms
What are the symptoms of 22q11.2 duplication syndrome ?,symptoms
What are the symptoms of Macular degeneration - age-related ?,symptoms
What are the symptoms of Muscular atrophy ataxia retinitis pigmentosa and diabetes mellitus ?,symptoms
What are the symptoms of Age-related Macular Degeneration ?,symptoms
What are the symptoms of Hepatic ischemia ?,symptoms
What are the symptoms of Deafness nephritis anorectal malformation ?,symptoms
What are the symptoms of Giant platelet syndrome ?,symptoms
What are the symptoms of Shingles ?,symptoms
What are the symptoms of Dwarfism Levi type ?,symptoms
What are the symptoms of Nijmegen breakage syndrome ?,symptoms
What are the symptoms of Simple Kidney Cysts ?,symptoms
What are the symptoms of Marfan Syndrome ?,symptoms
What are the symptoms of Focal dystonia ?,symptoms
What are the symptoms of Osgood-Schlatter disease ?,symptoms
What are the symptoms of Floating-Harbor syndrome ?,symptoms
What are the symptoms of Minimal change disease ?,symptoms
What are the symptoms of Spastic diplegia cerebral palsy ?,symptoms
What are the symptoms of Hyperinsulinemic hypoglycemia familial 3 ?,symptoms
What are the symptoms of Anemia caused by low iron - infants and toddlers ?,symptoms
"What are the symptoms of Ehlers-Danlos syndrome, periodontitis type ?",symptoms
What are the symptoms of Tracheitis ?,symptoms
What are the symptoms of Congenital dyserythropoietic anemia type 2 ?,symptoms
What are the symptoms of Beukes familial hip dysplasia ?,symptoms
What are the symptoms of Autosomal dominant intermediate Charcot-Marie-Tooth disease type C ?,symptoms
What are the symptoms of Cerebellar ataxia and hypogonadotropic hypogonadism ?,symptoms
What are the symptoms of Chickenpox ?,symptoms
What are the symptoms of Selig Benacerraf Greene syndrome ?,symptoms
What are the symptoms of How to prevent frostbite and hypothermia ?,symptoms
What are the symptoms of Ethylene glycol poisoning ?,symptoms
What are the symptoms of Symmetrical thalamic calcifications ?,symptoms
What are the symptoms of Naegeli syndrome ?,symptoms
What are the symptoms of Williams syndrome ?,symptoms
What are the symptoms of I cell disease ?,symptoms
What are the symptoms of Phenytoin overdose ?,symptoms
What are the symptoms of Byssinosis ?,symptoms
What are the symptoms of Chediak-Higashi syndrome ?,symptoms
What are the symptoms of Insomnia - overview ?,symptoms
What are the symptoms of Spastic paraplegia 14 ?,symptoms
What are the symptoms of Endometritis ?,symptoms
"What are the symptoms of Leukoencephalopathy, arthritis, colitis, and hypogammaglobulinema ?",symptoms
What are the symptoms of Cholesteatoma ?,symptoms
What are the symptoms of Spondyloepimetaphyseal dysplasia joint laxity ?,symptoms
What are the symptoms of Hailey-Hailey disease ?,symptoms
What are the symptoms of Bardet-Biedl syndrome 2 ?,symptoms
What are the symptoms of Silent thyroiditis ?,symptoms
What are the symptoms of Florid papillomatosis of the nipple ?,symptoms
What are the symptoms of Cirrhosis ?,symptoms
What are the symptoms of Low Vision ?,symptoms
What are the symptoms of Astigmatism ?,symptoms
What are the symptoms of Middle East Respiratory Syndrome (MERS) ?,symptoms
What are the symptoms of Septo-optic dysplasia ?,symptoms
What are the symptoms of Spinocerebellar ataxia autosomal recessive 3 ?,symptoms
What are the symptoms of Febrile infection-related epilepsy syndrome ?,symptoms
What are the symptoms of Aspergillosis ?,symptoms
What are the symptoms of LEOPARD syndrome ?,symptoms
What are the symptoms of Robinow Sorauf syndrome ?,symptoms
What are the symptoms of Dry Eye ?,symptoms
What are the symptoms of Peters plus syndrome ?,symptoms
What are the symptoms of Polymorphous light eruption ?,symptoms
"What are the symptoms of Tremor hereditary essential, 2 ?",symptoms
"What are the symptoms of Epidermolysis bullosa, lethal acantholytic ?",symptoms
What are the symptoms of Urocanase deficiency ?,symptoms
What are the symptoms of Amebiasis ?,symptoms
What are the symptoms of HELLP syndrome ?,symptoms
What are the symptoms of Sarcoidosis ?,symptoms
What are the symptoms of Ingrown toenail ?,symptoms
What are the symptoms of Milk-alkali syndrome ?,symptoms
What are the symptoms of Ectodermal dysplasia with natal teeth Turnpenny type ?,symptoms
What are the symptoms of Hantavirus ?,symptoms
What are the symptoms of Labyrinthitis ?,symptoms
What are the symptoms of Mac Dermot Winter syndrome ?,symptoms
What are the symptoms of Industrial bronchitis ?,symptoms
What are the symptoms of Graves' Disease ?,symptoms
What are the symptoms of Low magnesium level ?,symptoms
What are the symptoms of Pulmonary hypertension ?,symptoms
What are the symptoms of Malignant hypertension ?,symptoms
What are the symptoms of Antisocial personality disorder ?,symptoms
What are the symptoms of Total anomalous pulmonary venous return ?,symptoms
What are the symptoms of GTP cyclohydrolase I deficiency ?,symptoms
What are the symptoms of 47 XXX syndrome ?,symptoms
What are the symptoms of Ventricular tachycardia ?,symptoms
"What are the symptoms of Macular dystrophy, concentric annular ?",symptoms
What are the symptoms of Anemia in Chronic Kidney Disease ?,symptoms
What are the symptoms of Obsessive-compulsive personality disorder ?,symptoms
What are the symptoms of Anemia of chronic disease ?,symptoms
What are the symptoms of Q Fever ?,symptoms
What are the symptoms of Human T-cell leukemia virus type 2 ?,symptoms
What are the symptoms of Familial hemiplegic migraine type 2 ?,symptoms
What are the symptoms of Glaucoma ?,symptoms
What are the symptoms of Intellectual disability - athetosis - microphthalmia ?,symptoms
What are the symptoms of Metastatic Squamous Neck Cancer with Occult Primary ?,symptoms
What are the symptoms of Domestic violence ?,symptoms
What are the symptoms of Spinocerebellar ataxia 3 ?,symptoms
What are the symptoms of Metatarsus adductus ?,symptoms
What are the symptoms of Melanoma ?,symptoms
What are the symptoms of Alkaptonuria ?,symptoms
What are the symptoms of Char syndrome ?,symptoms
What are the symptoms of Pentazocine overdose ?,symptoms
What are the symptoms of Parinaud oculoglandular syndrome ?,symptoms
What are the symptoms of Ventricular septal defect ?,symptoms
What are the symptoms of Paroxysmal supraventricular tachycardia (PSVT) ?,symptoms
What are the symptoms of Pelvic inflammatory disease (PID) ?,symptoms
What are the symptoms of Reducing body myopathy ?,symptoms
"What are the symptoms of Temporal epilepsy, familial ?",symptoms
What are the symptoms of Amyopathic dermatomyositis ?,symptoms
What are the symptoms of Hypomelia mullerian duct anomalies ?,symptoms
What are the symptoms of Essential Thrombocythemia ?,symptoms
What are the symptoms of Facial ectodermal dysplasia ?,symptoms
What are the symptoms of Idiopathic CD4 positive T-lymphocytopenia ?,symptoms
What are the symptoms of Acetone poisoning ?,symptoms
What are the symptoms of Congenital diaphragmatic hernia ?,symptoms
What are the symptoms of Sclerosing cholangitis ?,symptoms
What are the symptoms of Schneckenbecken dysplasia ?,symptoms
What are the symptoms of Chronic Lymphocytic Leukemia ?,symptoms
What are the symptoms of Medullary cystic kidney disease ?,symptoms
What are the symptoms of Gastroesophageal reflux in infants ?,symptoms
What are the symptoms of Microscopic Colitis: Collagenous Colitis and Lymphocytic Colitis ?,symptoms
What are the symptoms of Heart Valve Disease ?,symptoms
"What are the symptoms of Nystagmus 1, congenital, X- linked ?",symptoms
What are the symptoms of Olivopontocerebellar atrophy ?,symptoms
What are the symptoms of IMAGe syndrome ?,symptoms
What are the symptoms of Benign ear cyst or tumor ?,symptoms
What are the symptoms of Fine-Lubinsky syndrome ?,symptoms
What are the symptoms of Sprains ?,symptoms
What are the symptoms of Hemochromatosis type 4 ?,symptoms
What are the symptoms of Spondyloepimetaphyseal dysplasia Shohat type ?,symptoms
What are the symptoms of Ornithine translocase deficiency syndrome ?,symptoms
What are the symptoms of Hepatitis A - children ?,symptoms
"What are the symptoms of Keratosis, seborrheic ?",symptoms
What are the symptoms of Acute intermittent porphyria ?,symptoms
What are the symptoms of C syndrome ?,symptoms
What are the symptoms of Hyperlipoproteinemia type 5 ?,symptoms
What are the symptoms of Carbolic acid poisoning ?,symptoms
What are the symptoms of Birthmarks - pigmented ?,symptoms
What are the symptoms of Preaxial polydactyly type 1 ?,symptoms
What are the symptoms of Orofaciodigital syndrome 1 ?,symptoms
What are the symptoms of How to avoid overheating during exercise ?,symptoms
What are the symptoms of Hereditary sensory neuropathy type 1 ?,symptoms
What are the symptoms of Acromegaly ?,symptoms
What are the symptoms of Acrodermatitis enteropathica ?,symptoms
What are the symptoms of Microphthalmia associated with colobomatous cyst ?,symptoms
What are the symptoms of Phosphoglycerate mutase deficiency ?,symptoms
What are the symptoms of Buschke Ollendorff syndrome ?,symptoms
What are the symptoms of Pelvic dysplasia arthrogryposis of lower limbs ?,symptoms
What are the symptoms of Multiple vitamin overdose ?,symptoms
What are the symptoms of Chronic kidney disease ?,symptoms
What are the symptoms of Sciatica ?,symptoms
What are the symptoms of Omphalocele ?,symptoms
"What are the symptoms of Premature ovarian failure, familial ?",symptoms
"What are the symptoms of X-linked intellectual disability, Najm type ?",symptoms
What are the symptoms of Mesothelioma - benign-fibrous ?,symptoms
What are the symptoms of Hypopharyngeal Cancer ?,symptoms
What are the symptoms of Colon Cancer ?,symptoms
What are the symptoms of Pituitary Tumors ?,symptoms
What are the symptoms of Boils ?,symptoms
What are the symptoms of Strains ?,symptoms
What are the symptoms of Bipolar disorder ?,symptoms
What are the symptoms of Limited cutaneous systemic sclerosis ?,symptoms
What are the symptoms of Diffuse mesangial sclerosis ?,symptoms
What are the symptoms of Primary Ciliary Dyskinesia ?,symptoms
What are the symptoms of Congenital chloride diarrhea ?,symptoms
"What are the symptoms of Ehlers-Danlos syndrome, spondylocheirodysplastic type ?",symptoms
What are the symptoms of Dyshidrotic eczema ?,symptoms
What are the symptoms of Enthesitis-related juvenile idiopathic arthritis ?,symptoms
What are the symptoms of Brachydactyly type B ?,symptoms
What are the symptoms of Cataract - adult ?,symptoms
What are the symptoms of High Blood Pressure ?,symptoms
What are the symptoms of Branchial arch syndrome X-linked ?,symptoms
"What are the symptoms of Dystonia 2, torsion, autosomal recessive ?",symptoms
What are the symptoms of Autosomal recessive polycystic kidney disease ?,symptoms
What are the symptoms of Cardiac tamponade ?,symptoms
What are the symptoms of Hooft disease ?,symptoms
What are the symptoms of Amelogenesis imperfecta nephrocalcinosis ?,symptoms
What are the symptoms of Heart Attack ?,symptoms
What are the symptoms of Lupus Nephritis ?,symptoms
What are the symptoms of Roifman syndrome ?,symptoms
What are the symptoms of Congenital Heart Defects ?,symptoms
What are the symptoms of Drug-induced lupus erythematosus ?,symptoms
What are the symptoms of Verloove Vanhorick Brubakk syndrome ?,symptoms
What are the symptoms of Fanconi renotubular syndrome ?,symptoms
What are the symptoms of Hartnup disease ?,symptoms
What are the symptoms of Snake bites ?,symptoms
What are the symptoms of Malathion poisoning ?,symptoms
"What are the symptoms of Genu valgum, st Helena familial ?",symptoms
What are the symptoms of Holes in the Heart ?,symptoms
What are the symptoms of Spastic paraplegia 18 ?,symptoms
What are the symptoms of Aniridia absent patella ?,symptoms
What are the symptoms of Pediatric ulcerative colitis ?,symptoms
What are the symptoms of Raynaud phenomenon ?,symptoms
What are the symptoms of Tracheoesophageal fistula ?,symptoms
What are the symptoms of Sexual abuse in children - what to know ?,symptoms
What are the symptoms of Steatocystoma multiplex with natal teeth ?,symptoms
What are the symptoms of Relapsing fever ?,symptoms
What are the symptoms of Nerve damage from diabetes - self-care ?,symptoms
What are the symptoms of Burn-Mckeown syndrome ?,symptoms
What are the symptoms of Spondylocostal dysostosis 1 ?,symptoms
What are the symptoms of Fountain syndrome ?,symptoms
What are the symptoms of Familial dermographism ?,symptoms
"What are the symptoms of Heart-hand syndrome, Spanish type ?",symptoms
What are the symptoms of Lupus ?,symptoms
What are the symptoms of Fetal cystic hygroma ?,symptoms
What are the symptoms of Metachondromatosis ?,symptoms
What are the symptoms of Neurogenic diabetes insipidus ?,symptoms
What are the symptoms of Hereditary neuralgic amyotrophy ?,symptoms
"What are the symptoms of Paralysis agitans, juvenile, of Hunt ?",symptoms
What are the symptoms of Tongue tie ?,symptoms
What are the symptoms of Rutherfurd syndrome ?,symptoms
What are the symptoms of Trichotillomania ?,symptoms
What are the symptoms of Budd-Chiari syndrome ?,symptoms
What are the symptoms of Polycystic Kidney Disease ?,symptoms
What are the symptoms of Extragonadal Germ Cell Tumors ?,symptoms
"What are the symptoms of Hypercholesterolemia, autosomal dominant ?",symptoms
What are the symptoms of Pharyngitis - viral ?,symptoms
What are the symptoms of Retinopathy pigmentary mental retardation ?,symptoms
What are the symptoms of Arrhythmias ?,symptoms
What are the symptoms of Facioscapulohumeral muscular dystrophy ?,symptoms
What are the symptoms of Hemolytic uremic syndrome ?,symptoms
What are the symptoms of Stork bite ?,symptoms
What are the symptoms of Ectodermal dysplasia skin fragility syndrome ?,symptoms
What are the symptoms of Acromesomelic dysplasia Maroteaux type ?,symptoms
What are the symptoms of Acetaminophen overdose ?,symptoms
What are the symptoms of Camptodactyly syndrome Guadalajara type 1 ?,symptoms
What are the symptoms of Amitriptyline and perphenazine overdose ?,symptoms
What are the symptoms of Thioridazine overdose ?,symptoms
What are the symptoms of Steatocystoma multiplex ?,symptoms
What are the symptoms of Keratosis pilaris ?,symptoms
What are the symptoms of Histrionic personality disorder ?,symptoms
"What are the symptoms of Corneal hypesthesia, familial ?",symptoms
What are the symptoms of Immunodeficiency disorders ?,symptoms
What are the symptoms of Anemia ?,symptoms
What are the symptoms of Neuroblastoma ?,symptoms
What are the symptoms of Trigger thumb ?,symptoms
What are the symptoms of Anemia ?,symptoms
What are the symptoms of Pulmonary embolus ?,symptoms
What are the symptoms of SCARF syndrome ?,symptoms
What are the symptoms of Spondyloepimetaphyseal dysplasia X-linked ?,symptoms
What are the symptoms of Microcystic adnexal carcinoma ?,symptoms
What are the symptoms of Acrodysostosis ?,symptoms
What are the symptoms of Yaws ?,symptoms
What are the symptoms of Torg Winchester syndrome ?,symptoms
What are the symptoms of Carbamoyl phosphate synthetase 1 deficiency ?,symptoms
What are the symptoms of Laryngitis ?,symptoms
What are the symptoms of Miscarriage - threatened ?,symptoms
What are the symptoms of Glomerular Diseases ?,symptoms
What are the symptoms of Acrocephalopolydactylous dysplasia ?,symptoms
What are the symptoms of Cushing disease ?,symptoms
What are the symptoms of Acute coronary syndrome ?,symptoms
What are the symptoms of Alpha-1 Antitrypsin Deficiency ?,symptoms
What are the symptoms of Prerenal azotemia ?,symptoms
What are the symptoms of Birthmarks - red ?,symptoms
What are the symptoms of Hookworm infection ?,symptoms
What are the symptoms of Corneal dystrophy Thiel Behnke type ?,symptoms
What are the symptoms of Kosztolanyi syndrome ?,symptoms
What are the symptoms of Autosomal dominant intermediate Charcot-Marie-Tooth disease type A ?,symptoms
What are the symptoms of Methylcobalamin deficiency cbl G type ?,symptoms
What are the symptoms of Stenotrophomonas maltophilia infection ?,symptoms
What are the symptoms of Hyperthyroidism ?,symptoms
What are the symptoms of Hyperemesis gravidarum ?,symptoms
What are the symptoms of Sener syndrome ?,symptoms
What are the symptoms of Rubinstein-Taybi syndrome ?,symptoms
"What are the symptoms of Chondrodysplasia with joint dislocations, GPAPP type ?",symptoms
What are the symptoms of Stiff person syndrome ?,symptoms
What are the symptoms of Limb-girdle muscular dystrophy type 2H ?,symptoms
What are the symptoms of Fifth disease ?,symptoms
What are the symptoms of Polymyalgia rheumatica ?,symptoms
What are the symptoms of Familial hyperaldosteronism type III ?,symptoms
What are the symptoms of Keratoconus posticus circumscriptus ?,symptoms
What are the symptoms of Prothrombin thrombophilia ?,symptoms
What are the symptoms of Septic arthritis ?,symptoms
What are the symptoms of Pneumocystis jiroveci pneumonia ?,symptoms
What are the symptoms of Reactive attachment disorder of infancy or early childhood ?,symptoms
What are the symptoms of Signs of an asthma attack ?,symptoms
What are the symptoms of Aplastic Anemia ?,symptoms
What are the symptoms of Sjogren-Larsson-like syndrome ?,symptoms
What are the symptoms of Mitochondrial Membrane Protein-Associated Neurodegeneration ?,symptoms
What are the symptoms of Developmental coordination disorder ?,symptoms
What are the symptoms of Russell-Silver syndrome ?,symptoms
What are the symptoms of Cardiofaciocutaneous syndrome ?,symptoms
What are the symptoms of Familial hypocalciuric hypercalcemia type 1 ?,symptoms
What are the symptoms of Retinal cone dystrophy 4 ?,symptoms
What are the symptoms of Gonococcal arthritis ?,symptoms
What are the symptoms of Brief psychotic disorder ?,symptoms
What are the symptoms of Juvenile angiofibroma ?,symptoms
What are the symptoms of Macrothrombocytopenia progressive deafness ?,symptoms
What are the symptoms of Leber congenital amaurosis 1 ?,symptoms
What are the symptoms of Meningitis - tuberculous ?,symptoms
What are the symptoms of Parsonage Turner syndrome ?,symptoms
What are the symptoms of Kohlschutter Tonz syndrome ?,symptoms
What are the symptoms of Dehydrated hereditary stomatocytosis ?,symptoms
What are the symptoms of Isovaleric acidemia ?,symptoms
What are the symptoms of Smallpox ?,symptoms
What are the symptoms of Pityriasis rosea ?,symptoms
What are the symptoms of I Can Lower My Risk for Type 2 Diabetes: A Guide for American Indians ?,symptoms
What are the symptoms of Corneal dystrophy and perceptive deafness ?,symptoms
What are the symptoms of Calcium pyrophosphate arthritis ?,symptoms
What are the symptoms of Choroidal dystrophy central areolar ?,symptoms
What are the symptoms of Prostatitis - nonbacterial ?,symptoms
What are the symptoms of Mutiple parosteal osteochondromatous proliferations ?,symptoms
What are the symptoms of Thyroid preparation overdose ?,symptoms
What are the symptoms of Sakati syndrome ?,symptoms
What are the symptoms of Glossitis ?,symptoms
What are the symptoms of L-2-hydroxyglutaric aciduria ?,symptoms
What are the symptoms of Hemorrhoids ?,symptoms
What are the symptoms of Keratosis palmoplantaris striata 1 ?,symptoms
What are the symptoms of Mitral valve regurgitation ?,symptoms
What are the symptoms of Mental retardation x-linked with cerebellar hypoplasia and distinctive facial appearance ?,symptoms
What are the symptoms of Retropharyngeal abscess ?,symptoms
What are the symptoms of Maffucci syndrome ?,symptoms
What are the symptoms of Renal cell carcinoma ?,symptoms
What are the symptoms of Reactive arthritis ?,symptoms
What are the symptoms of Low potassium level ?,symptoms
What are the symptoms of Loss of brain function - liver disease ?,symptoms
What are the symptoms of Hypolipoproteinemia ?,symptoms
What are the symptoms of Palmer Pagon syndrome ?,symptoms
"What are the symptoms of Nystagmus, congenital motor, autosomal recessive ?",symptoms
What are the symptoms of Prader-Willi syndrome ?,symptoms
What are the symptoms of Prostate cancer ?,symptoms
What are the symptoms of Diabetes mellitus type 1 ?,symptoms
What are the symptoms of Odontomicronychial dysplasia ?,symptoms
What are the symptoms of Avian influenza ?,symptoms
What are the symptoms of Hairy elbows ?,symptoms
What are the symptoms of Herpetic stomatitis ?,symptoms
What are the symptoms of Histoplasmosis ?,symptoms
What are the symptoms of Acrodermatitis ?,symptoms
What are the symptoms of Sheehan syndrome ?,symptoms
What are the symptoms of Sydenham chorea ?,symptoms
What are the symptoms of Isolated ectopia lentis ?,symptoms
What are the symptoms of Mucormycosis ?,symptoms
What are the symptoms of Choledocholithiasis ?,symptoms
What are the symptoms of Varicocele ?,symptoms
What are the symptoms of Spinal muscular atrophy type 1 with congenital bone fractures ?,symptoms
What are the symptoms of Growth hormone insensitivity with immunodeficiency ?,symptoms
What are the symptoms of Cleft palate short stature vertebral anomalies ?,symptoms
What are the symptoms of Dementia familial British ?,symptoms
What are the symptoms of His bundle tachycardia ?,symptoms
What are the symptoms of Schizoid personality disorder ?,symptoms
What are the symptoms of Ceroid lipofuscinosis neuronal 1 ?,symptoms
What are the symptoms of Pagets disease of the bone ?,symptoms
"What are the symptoms of Maturity-onset diabetes of the young, type 1 ?",symptoms
What are the symptoms of Persistence of mullerian derivatives with lymphangiectasia and postaxial polydactyly ?,symptoms
What are the symptoms of Fructosuria ?,symptoms
What are the symptoms of Factor VII deficiency ?,symptoms
What are the symptoms of Pineal cyst ?,symptoms
What are the symptoms of Bangstad syndrome ?,symptoms
What are the symptoms of Thrombocytopenia with elevated serum IgA and renal disease ?,symptoms
What are the symptoms of Van Bogaert-Hozay syndrome ?,symptoms
What are the symptoms of Nelson syndrome ?,symptoms
What are the symptoms of Renal dysplasia megalocystis sirenomelia ?,symptoms
What are the symptoms of Renal dysplasia-limb defects syndrome ?,symptoms
What are the symptoms of Breast Cancer ?,symptoms
What are the symptoms of Estrogen overdose ?,symptoms
What are the symptoms of Supranuclear ophthalmoplegia ?,symptoms
"What are the symptoms of Follicle-stimulating hormone deficiency, isolated ?",symptoms
What are the symptoms of Bardet-Biedl syndrome 10 ?,symptoms
What are the symptoms of Limb-girdle muscular dystrophies ?,symptoms
What are the symptoms of LEOPARD syndrome ?,symptoms
What are the symptoms of Autosomal dominant caf au lait spots ?,symptoms
What are the symptoms of Viral pneumonia ?,symptoms
What are the symptoms of Crome syndrome ?,symptoms
What are the symptoms of Charley horse ?,symptoms
What are the symptoms of Ear infection - chronic ?,symptoms
What are the symptoms of Henoch-Schonlein purpura ?,symptoms
What are the symptoms of Yemenite deaf-blind hypopigmentation syndrome ?,symptoms
What are the symptoms of Spinocerebellar ataxia 11 ?,symptoms
What are the symptoms of Down syndrome ?,symptoms
What are the symptoms of Aortic arch anomaly - peculiar facies - intellectual disability ?,symptoms
What are the symptoms of Agammaglobulinemia ?,symptoms
What are the symptoms of Dyssynergia cerebellaris myoclonica ?,symptoms
What are the symptoms of Osteopathia striata cranial sclerosis ?,symptoms
What are the symptoms of Florid cemento-osseous dysplasia ?,symptoms
What are the symptoms of Malaria ?,symptoms
What are the symptoms of Mesomelic dwarfism cleft palate camptodactyly ?,symptoms
What are the symptoms of Citrullinemia type I ?,symptoms
What are the symptoms of Chiari malformation type 2 ?,symptoms
What are the symptoms of Angioedema ?,symptoms
"What are the symptoms of Synostoses, tarsal, carpal, and digital ?",symptoms
What are the symptoms of Amelogenesis imperfecta ?,symptoms
What are the symptoms of Plantar fasciitis ?,symptoms
What are the symptoms of Hernia ?,symptoms
What are the symptoms of Tularemia ?,symptoms
What are the symptoms of Peripheral Arterial Disease (P.A.D.) ?,symptoms
What are the symptoms of Irons Bhan syndrome ?,symptoms
What are the symptoms of Double aortic arch ?,symptoms
What are the symptoms of Trench mouth ?,symptoms
What are the symptoms of Bladder cancer ?,symptoms
What are the symptoms of Giardia infection ?,symptoms
What are the symptoms of Coronary heart disease ?,symptoms
What are the symptoms of Malnutrition ?,symptoms
What are the symptoms of Autonomic neuropathy ?,symptoms
What are the symptoms of Wernicke-Korsakoff syndrome ?,symptoms
What are the symptoms of Familial hypocalciuric hypercalcemia type 2 ?,symptoms
What are the symptoms of Balance Problems ?,symptoms
What are the symptoms of Necrotizing soft tissue infection ?,symptoms
What are the symptoms of Rubber cement poisoning ?,symptoms
What are the symptoms of Gastrocutaneous syndrome ?,symptoms
What are the symptoms of Uterine sarcoma ?,symptoms
What are the symptoms of Nonspherocytic hemolytic anemia due to hexokinase deficiency ?,symptoms
What are the symptoms of Prader-Willi syndrome ?,symptoms
What are the symptoms of Childhood Craniopharyngioma ?,symptoms
What are the symptoms of Krabbe disease ?,symptoms
What are the symptoms of Binswanger's disease ?,symptoms
What are the symptoms of Multiple endocrine neoplasia type 2B ?,symptoms
What are the symptoms of Hemophilia ?,symptoms
What are the symptoms of Measles ?,symptoms
What are the symptoms of Desmoplastic infantile ganglioglioma ?,symptoms
What are the symptoms of Vaginal or uterine bleeding - overview ?,symptoms
What are the symptoms of L1 syndrome ?,symptoms
What are the symptoms of Mitochondrial genetic disorders ?,symptoms
What are the symptoms of Lactose intolerance ?,symptoms
What are the symptoms of Chromosome 6q25 microdeletion syndrome ?,symptoms
What are the symptoms of Chylomicron retention disease ?,symptoms
What are the symptoms of Major depression ?,symptoms
What are the symptoms of Spastic paraplegia 15 ?,symptoms
What are the symptoms of Oral hypoglycemics overdose ?,symptoms
What are the symptoms of Choroideremia ?,symptoms
What are the symptoms of Microphthalmia syndromic 8 ?,symptoms
What are the symptoms of Achondrogenesis ?,symptoms
What are the symptoms of Talonavicular coalition ?,symptoms
What are the symptoms of Granulomatosis with polyangiitis ?,symptoms
What are the symptoms of Precocious puberty ?,symptoms
What are the symptoms of Port-wine stain ?,symptoms
What are the symptoms of Wilson disease ?,symptoms
What are the symptoms of Chromosome 17q deletion ?,symptoms
What are the symptoms of Microcephaly cervical spine fusion anomalies ?,symptoms
What are the symptoms of Childhood hypophosphatasia ?,symptoms
"What are the symptoms of Usher syndrome, type 1B ?",symptoms
What are the symptoms of Barbiturate intoxication and overdose ?,symptoms
What are the symptoms of Nabothian cyst ?,symptoms
What are the symptoms of Oculocutaneous albinism ?,symptoms
What are the symptoms of Drug allergies ?,symptoms
What are the symptoms of Reticular dysgenesis ?,symptoms
What are the symptoms of PPM-X syndrome ?,symptoms
What are the symptoms of Osteomyelitis ?,symptoms
What are the symptoms of Esophageal atresia ?,symptoms
What are the symptoms of Von Willebrand Disease ?,symptoms
What are the symptoms of Homocarnosinosis ?,symptoms
What are the symptoms of Am I at Risk for Type 2 Diabetes? Taking Steps to Lower Your Risk of Getting Diabetes ?,symptoms
What are the symptoms of Camptodactyly syndrome Guadalajara type 3 ?,symptoms
What are the symptoms of Pellagra ?,symptoms
What are the symptoms of Myhre syndrome ?,symptoms
What are the symptoms of Aniridia ?,symptoms
What are the symptoms of Tietz syndrome ?,symptoms
What are the symptoms of Pharyngitis - sore throat ?,symptoms
What are the symptoms of Ataxia - telangiectasia ?,symptoms
What are the symptoms of Hereditary hemorrhagic telangiectasia type 4 ?,symptoms
What are the symptoms of Congenital deafness with vitiligo and achalasia ?,symptoms
What are the symptoms of Chemical burn or reaction ?,symptoms
What are the symptoms of Cleidocranial dysplasia ?,symptoms
What are the symptoms of Alagille Syndrome ?,symptoms
"What are the symptoms of Macular dystrophy, atypical vitelliform ?",symptoms
What are the symptoms of Toxic nodular goiter ?,symptoms
What are the symptoms of Chapare Hemorrhagic Fever (CHHF) ?,symptoms
"What are the symptoms of Natal teeth, intestinal pseudoobstruction and patent ductus ?",symptoms
What are the symptoms of Lujan syndrome ?,symptoms
What are the symptoms of Fish tapeworm infection ?,symptoms
What are the symptoms of Brain tumor - children ?,symptoms
What are the symptoms of Pilomatrixoma ?,symptoms
What are the symptoms of Mitochondrial neurogastrointestinal encephalopathy syndrome ?,symptoms
What are the symptoms of Biliary Atresia ?,symptoms
What are the symptoms of Pericarditis ?,symptoms
What are the symptoms of Aicardi-Goutieres syndrome type 5 ?,symptoms
What are the symptoms of Hemochromatosis ?,symptoms
What are the symptoms of Zunich neuroectodermal syndrome ?,symptoms
What are the symptoms of Ascher Syndrome ?,symptoms
What are the symptoms of Emanuel syndrome ?,symptoms
What are the symptoms of Cholesteatoma ?,symptoms
What are the symptoms of Congenital disorder of glycosylation type I/IIX ?,symptoms
"What are the symptoms of Dystonia 5, Dopa-responsive type ?",symptoms
What are the symptoms of Anxiety Disorders ?,symptoms
What are the symptoms of Rett syndrome ?,symptoms
What are the symptoms of Urethral stricture ?,symptoms
What are the symptoms of Haim-Munk syndrome ?,symptoms
What are the symptoms of Trisodium phosphate poisoning ?,symptoms
What are the symptoms of Congenital ectodermal dysplasia with hearing loss ?,symptoms
What are the symptoms of Optic glioma ?,symptoms
What are the symptoms of GM1 gangliosidosis ?,symptoms
What are the symptoms of Mononeuritis multiplex ?,symptoms
What are the symptoms of Hematuria (Blood in the Urine) ?,symptoms
What are the symptoms of Mnire disease ?,symptoms
What are the symptoms of Otosclerosis ?,symptoms
What are the symptoms of Chondrodysplasia acromesomelic with genital anomalies ?,symptoms
What are the symptoms of Penoscrotal transposition ?,symptoms
What are the symptoms of Selective mutism ?,symptoms
What are the symptoms of Platyspondylic lethal skeletal dysplasia Torrance type ?,symptoms
What are the symptoms of Choriocarcinoma ?,symptoms
What are the symptoms of Rheumatic Fever ?,symptoms
What are the symptoms of Orbital pseudotumor ?,symptoms
What are the symptoms of AIDS-Related Lymphoma ?,symptoms
What are the symptoms of Norrie disease ?,symptoms
What are the symptoms of Spondylocostal dysostosis 2 ?,symptoms
What are the symptoms of Combined malonic and methylmalonic aciduria ?,symptoms
What are the symptoms of Baller-Gerold syndrome ?,symptoms
What are the symptoms of Vaginismus ?,symptoms
What are the symptoms of 20p12.3 microdeletion syndrome ?,symptoms
What are the symptoms of Cardioauditory syndrome of Sanchez Cascos ?,symptoms
What are the symptoms of Doyne honeycomb retinal dystrophy ?,symptoms
What are the symptoms of Dandy-Walker cyst with Renal-Hepatic-Pancreatic dysplasia ?,symptoms
What are the symptoms of Guillain-Barr syndrome ?,symptoms
What are the symptoms of Leiomyoma of vulva and esophagus ?,symptoms
What are the symptoms of Fallot complex with severe mental and growth retardation ?,symptoms
What are the symptoms of Suicide and suicidal behavior ?,symptoms
What are the symptoms of Bixler Christian Gorlin syndrome ?,symptoms
What are the symptoms of Ectopia pupillae ?,symptoms
What are the symptoms of Primary thrombocythemia ?,symptoms
What are the symptoms of Guillain-Barre syndrome ?,symptoms
What are the symptoms of Fibrolamellar carcinoma ?,symptoms
What are the symptoms of Chronic subdural hematoma ?,symptoms
What are the symptoms of Chronic inflammatory demyelinating polyneuropathy ?,symptoms
What are the symptoms of Neuralgia ?,symptoms
What are the symptoms of Lipidosis with triglycerid storage disease ?,symptoms
"What are the symptoms of Glutamine deficiency, congenital ?",symptoms
What are the symptoms of Iron-Deficiency Anemia ?,symptoms
What are the symptoms of Spinal cord trauma ?,symptoms
What are the symptoms of Branchial cleft cyst ?,symptoms
What are the treatments for Kidney Failure: Choosing a Treatment That's Right for You ?,treatment
What are the treatments for Thrombotic Thrombocytopenic Purpura ?,treatment
What are the treatments for Congenital chloride diarrhea ?,treatment
What are the treatments for Pulmonary arterial hypertension ?,treatment
What are the treatments for Canavan disease ?,treatment
What are the treatments for Craniosynostosis ?,treatment
What are the treatments for Brachial plexopathy ?,treatment
What are the treatments for Membranous nephropathy ?,treatment
What are the treatments for Developmental Dyspraxia ?,treatment
What are the treatments for Clubfoot ?,treatment
What are the treatments for achondroplasia ?,treatment
What are the treatments for Chiari Malformation ?,treatment
What are the treatments for Multiple System Atrophy ?,treatment
What are the treatments for Urinary Incontinence ?,treatment
What are the treatments for Strep throat ?,treatment
What are the treatments for Lupus nephritis ?,treatment
What are the treatments for mucopolysaccharidosis type IV ?,treatment
What are the treatments for Pericarditis ?,treatment
What are the treatments for Hemophilia A ?,treatment
What are the treatments for Cohen syndrome ?,treatment
What are the treatments for Digitalis toxicity ?,treatment
What are the treatments for Hepatitis A ?,treatment
What are the treatments for Primary thrombocythemia ?,treatment
What are the treatments for Malignant eccrine spiradenoma ?,treatment
What are the treatments for Parathyroid Cancer ?,treatment
What are the treatments for Budd-Chiari syndrome ?,treatment
What are the treatments for Sleep Apnea ?,treatment
What are the treatments for Cranial mononeuropathy VI ?,treatment
What are the treatments for tetrahydrobiopterin deficiency ?,treatment
What are the treatments for congenital adrenal hyperplasia due to 11-beta-hydroxylase deficiency ?,treatment
What are the treatments for Gitelman syndrome ?,treatment
What are the treatments for Substance use disorder ?,treatment
What are the treatments for deafness and myopia syndrome ?,treatment
What are the treatments for cerebrotendinous xanthomatosis ?,treatment
What are the treatments for Progressive deafness with stapes fixation ?,treatment
What are the treatments for Hemolytic-uremic syndrome ?,treatment
What are the treatments for Urinary Tract Infections in Children ?,treatment
What are the treatments for pseudoachondroplasia ?,treatment
What are the treatments for Endocardial cushion defect ?,treatment
What are the treatments for Nicolaides-Baraitser syndrome ?,treatment
What are the treatments for Tay-Sachs Disease ?,treatment
What are the treatments for Pneumonia ?,treatment
What are the treatments for Rabies ?,treatment
What are the treatments for vitelliform macular dystrophy ?,treatment
What are the treatments for adenosine deaminase deficiency ?,treatment
What are the treatments for Hyperimmunoglobulin E syndrome ?,treatment
What are the treatments for Polymyositis ?,treatment
What are the treatments for hereditary sensory and autonomic neuropathy type II ?,treatment
What are the treatments for popliteal pterygium syndrome ?,treatment
What are the treatments for Atherosclerosis ?,treatment
What are the treatments for Scheie syndrome ?,treatment
What are the treatments for Muckle-Wells syndrome ?,treatment
What are the treatments for Glaucoma ?,treatment
What are the treatments for Constipation - self-care ?,treatment
What are the treatments for Dubin-Johnson syndrome ?,treatment
What are the treatments for Diagnosis of Diabetes and Prediabetes ?,treatment
What are the treatments for Wiskott-Aldrich syndrome ?,treatment
What are the treatments for Amniotic constriction bands ?,treatment
What are the treatments for Marden-Walker syndrome ?,treatment
What are the treatments for congenital fibrosis of the extraocular muscles ?,treatment
What are the treatments for Situs inversus ?,treatment
What are the treatments for Brittle diabetes ?,treatment
What are the treatments for Anorectal abscess ?,treatment
What are the treatments for X-linked lissencephaly with abnormal genitalia ?,treatment
What are the treatments for Peritonitis - secondary ?,treatment
What are the treatments for Myocarditis - pediatric ?,treatment
What are the treatments for Incontinentia Pigmenti ?,treatment
What are the treatments for Otosclerosis ?,treatment
What are the treatments for Idiopathic Pulmonary Fibrosis ?,treatment
What are the treatments for Annular pancreas ?,treatment
What are the treatments for Colpocephaly ?,treatment
What are the treatments for Diabetes insipidus - nephrogenic ?,treatment
What are the treatments for Congenital dyserythropoietic anemia type 2 ?,treatment
What are the treatments for Riley-Day syndrome ?,treatment
What are the treatments for Eclampsia ?,treatment
What are the treatments for Preauricular sinus ?,treatment
What are the treatments for fish-eye disease ?,treatment
What are the treatments for Jervell and Lange-Nielsen syndrome ?,treatment
What are the treatments for Hypoplastic left heart syndrome ?,treatment
What are the treatments for Wandering spleen ?,treatment
What are the treatments for Human T-cell leukemia virus type 1 ?,treatment
What are the treatments for Jock itch ?,treatment
What are the treatments for Senior-Lken syndrome ?,treatment
What are the treatments for Choanal atresia ?,treatment
What are the treatments for Cri du chat syndrome ?,treatment
What are the treatments for gastrointestinal stromal tumor ?,treatment
What are the treatments for Alstrm syndrome ?,treatment
What are the treatments for Parkinson's Disease ?,treatment
What are the treatments for Chronic lymphocytic inflammation with pontine perivascular enhancement responsive to steroids ?,treatment
What are the treatments for Penile Cancer ?,treatment
What are the treatments for Ventricular fibrillation ?,treatment
What are the treatments for Staph infections - self-care at home ?,treatment
What are the treatments for Mitral Valve Prolapse ?,treatment
What are the treatments for Coma ?,treatment
What are the treatments for Giardia infection ?,treatment
What are the treatments for Lissencephaly ?,treatment
What are the treatments for Kyasanur Forest Disease (KFD) ?,treatment
What are the treatments for Scarlet fever ?,treatment
What are the treatments for Hydatidiform mole ?,treatment
What are the treatments for Osteoarthritis ?,treatment
What are the treatments for oculopharyngeal muscular dystrophy ?,treatment
What are the treatments for GM1 gangliosidosis ?,treatment
What are the treatments for Parasites - African Trypanosomiasis (also known as Sleeping Sickness) ?,treatment
What are the treatments for Childhood Nephrotic Syndrome ?,treatment
What are the treatments for Meningitis - staphylococcal ?,treatment
What are the treatments for Folliculitis ?,treatment
What are the treatments for Carpal tunnel syndrome ?,treatment
What are the treatments for glycogen storage disease type VI ?,treatment
What are the treatments for Moyamoya Disease ?,treatment
What are the treatments for optic atrophy type 1 ?,treatment
What are the treatments for neutral lipid storage disease with myopathy ?,treatment
What are the treatments for cyclic vomiting syndrome ?,treatment
What are the treatments for Labyrinthitis ?,treatment
What are the treatments for Mnire disease ?,treatment
What are the treatments for Congenital Myopathy ?,treatment
What are the treatments for Orbital cellulitis ?,treatment
What are the treatments for Central serous choroidopathy ?,treatment
What are the treatments for Blount disease ?,treatment
What are the treatments for Ventricular septal defect ?,treatment
What are the treatments for hereditary spherocytosis ?,treatment
What are the treatments for Tietze syndrome ?,treatment
What are the treatments for SOX2 anophthalmia syndrome ?,treatment
What are the treatments for Gilles de la Tourette syndrome ?,treatment
What are the treatments for Extragonadal Germ Cell Tumors ?,treatment
What are the treatments for craniofacial microsomia ?,treatment
What are the treatments for Hemorrhoids ?,treatment
What are the treatments for Dyshidrotic eczema ?,treatment
What are the treatments for Rickets ?,treatment
What are the treatments for Iridocorneal endothelial syndrome ?,treatment
What are the treatments for Urethritis ?,treatment
What are the treatments for Obsessive-compulsive disorder ?,treatment
What are the treatments for Dyggve-Melchior-Clausen syndrome ?,treatment
What are the treatments for FG syndrome ?,treatment
What are the treatments for Tuberous Sclerosis ?,treatment
What are the treatments for Sickle Cell Disease ?,treatment
What are the treatments for spastic paraplegia type 15 ?,treatment
What are the treatments for Anal cancer ?,treatment
What are the treatments for Tinea corporis ?,treatment
What are the treatments for hypochondroplasia ?,treatment
What are the treatments for Canavan disease ?,treatment
What are the treatments for essential tremor ?,treatment
What are the treatments for Opitz G/BBB syndrome ?,treatment
What are the treatments for Rotor syndrome ?,treatment
What are the treatments for Paresthesia ?,treatment
What are the treatments for MPV17-related hepatocerebral mitochondrial DNA depletion syndrome ?,treatment
What are the treatments for idiopathic pulmonary fibrosis ?,treatment
What are the treatments for Abdominal aortic aneurysm ?,treatment
What are the treatments for glutamate formiminotransferase deficiency ?,treatment
What are the treatments for Sebaceous cyst ?,treatment
What are the treatments for Uterine Sarcoma ?,treatment
What are the treatments for Cervical dysplasia ?,treatment
What are the treatments for Bell's palsy ?,treatment
What are the treatments for Diabetic Retinopathy ?,treatment
What are the treatments for Stenotrophomonas maltophilia infection ?,treatment
What are the treatments for Axenfeld-Rieger syndrome ?,treatment
What are the treatments for Kniest dysplasia ?,treatment
What are the treatments for Primary Sclerosing Cholangitis ?,treatment
What are the treatments for Brain tumor - children ?,treatment
What are the treatments for Delirium ?,treatment
What are the treatments for Kimura disease ?,treatment
What are the treatments for Fibrolamellar carcinoma ?,treatment
What are the treatments for carnitine-acylcarnitine translocase deficiency ?,treatment
"What are the treatments for Ohdo syndrome, Say-Barber-Biesecker-Young-Simpson variant ?",treatment
What are the treatments for hereditary hypophosphatemic rickets ?,treatment
What are the treatments for Severe acute respiratory syndrome (SARS) ?,treatment
What are the treatments for prostate cancer ?,treatment
What are the treatments for Lung Cancer ?,treatment
What are the treatments for beta-mannosidosis ?,treatment
What are the treatments for Yellow nail syndrome ?,treatment
What are the treatments for Rothmund-Thomson syndrome ?,treatment
What are the treatments for Amyloidosis and Kidney Disease ?,treatment
What are the treatments for anencephaly ?,treatment
What are the treatments for Neurosarcoidosis ?,treatment
What are the treatments for Exfoliative dermatitis ?,treatment
What are the treatments for Precocious puberty ?,treatment
What are the treatments for Narcolepsy ?,treatment
What are the treatments for Gingivitis ?,treatment
What are the treatments for Pityriasis lichenoides ?,treatment
What are the treatments for Androgen insensitivity syndrome ?,treatment
What are the treatments for 8p11 myeloproliferative syndrome ?,treatment
What are the treatments for Scalded skin syndrome ?,treatment
What are the treatments for What I need to know about Interstitial Cystitis/Painful Bladder Syndrome ?,treatment
What are the treatments for Natural short sleeper ?,treatment
What are the treatments for Anal Cancer ?,treatment
What are the treatments for Danon disease ?,treatment
What are the treatments for desmosterolosis ?,treatment
What are the treatments for Langerhans Cell Histiocytosis ?,treatment
What are the treatments for Cerebral hypoxia ?,treatment
What are the treatments for Acute intermittent porphyria ?,treatment
What are the treatments for pseudoxanthoma elasticum ?,treatment
What are the treatments for aromatase excess syndrome ?,treatment
What are the treatments for Scleroderma ?,treatment
What are the treatments for Eosinophilic fasciitis ?,treatment
What are the treatments for Ulcerative colitis - discharge ?,treatment
What are the treatments for Mucolipidoses ?,treatment
What are the treatments for Dominant optic atrophy ?,treatment
What are the treatments for Mesenteric artery ischemia ?,treatment
What are the treatments for Chlamydia ?,treatment
What are the treatments for McCune Albright syndrome ?,treatment
What are the treatments for What I need to know about My Child's Urinary Tract Infection ?,treatment
What are the treatments for Fowler's syndrome ?,treatment
What are the treatments for Baylisascaris infection ?,treatment
What are the treatments for Paroxysmal supraventricular tachycardia (PSVT) ?,treatment
What are the treatments for Angioedema ?,treatment
What are the treatments for Erythema nodosum ?,treatment
What are the treatments for Rheumatoid Arthritis ?,treatment
What are the treatments for Urinary tract infection - adults ?,treatment
What are the treatments for Sjgren's Syndrome ?,treatment
What are the treatments for Encopresis ?,treatment
What are the treatments for Ectopic ADH secretion ?,treatment
What are the treatments for Trichorrhexis nodosa ?,treatment
What are the treatments for Coats plus syndrome ?,treatment
What are the treatments for Chinese restaurant syndrome ?,treatment
What are the treatments for Ganglioneuroma ?,treatment
What are the treatments for CHMP2B-related frontotemporal dementia ?,treatment
What are the treatments for Coffin Lowry Syndrome ?,treatment
What are the treatments for Infantile Refsum Disease ?,treatment
What are the treatments for cri-du-chat syndrome ?,treatment
What are the treatments for Cheilitis glandularis ?,treatment
What are the treatments for Compartment syndrome ?,treatment
What are the treatments for spinocerebellar ataxia type 1 ?,treatment
What are the treatments for Pityriasis lichenoides chronica ?,treatment
What are the treatments for Cowden syndrome ?,treatment
What are the treatments for Fungal arthritis ?,treatment
What are the treatments for Cardiomyopathy ?,treatment
What are the treatments for Keratoconus ?,treatment
What are the treatments for Optic nerve atrophy ?,treatment
What are the treatments for Gorlin syndrome ?,treatment
What are the treatments for Hidradenocarcinoma ?,treatment
What are the treatments for Rocky Mountain spotted fever ?,treatment
What are the treatments for Ichthyosis vulgaris ?,treatment
What are the treatments for Celiac Disease ?,treatment
What are the treatments for Lactose Intolerance ?,treatment
What are the treatments for Aural polyps ?,treatment
What are the treatments for Abdominal Adhesions ?,treatment
What are the treatments for Menopause ?,treatment
What are the treatments for Hyperthyroidism ?,treatment
What are the treatments for inherited thyroxine-binding globulin deficiency ?,treatment
What are the treatments for fragile X syndrome ?,treatment
What are the treatments for Lesch-Nyhan syndrome ?,treatment
What are the treatments for Incontinentia pigmenti ?,treatment
What are the treatments for giant congenital melanocytic nevus ?,treatment
What are the treatments for Adrenoleukodystrophy ?,treatment
What are the treatments for biotinidase deficiency ?,treatment
What are the treatments for Lymphadenitis ?,treatment
What are the treatments for Hereditary amyloidosis ?,treatment
What are the treatments for Aicardi-Goutieres Syndrome Disorder ?,treatment
What are the treatments for Arterial embolism ?,treatment
What are the treatments for Necrotizing fasciitis ?,treatment
What are the treatments for Heart Attack ?,treatment
What are the treatments for Central sleep apnea ?,treatment
What are the treatments for Merkel Cell Carcinoma ?,treatment
What are the treatments for Dyssynergia Cerebellaris Myoclonica ?,treatment
What are the treatments for Posterior fossa tumor ?,treatment
What are the treatments for X-linked agammaglobulinemia ?,treatment
What are the treatments for Myxopapillary ependymoma ?,treatment
What are the treatments for Granulomatosis with polyangiitis ?,treatment
What are the treatments for tyrosinemia ?,treatment
What are the treatments for Irritable Bowel Syndrome in Children ?,treatment
What are the treatments for Schizoaffective disorder ?,treatment
What are the treatments for Mesothelioma - benign-fibrous ?,treatment
What are the treatments for corticosteroid-binding globulin deficiency ?,treatment
What are the treatments for combined pituitary hormone deficiency ?,treatment
What are the treatments for Tremor ?,treatment
What are the treatments for Canker sore ?,treatment
What are the treatments for Deep Vein Thrombosis ?,treatment
What are the treatments for Horner syndrome ?,treatment
What are the treatments for Isaacs' Syndrome ?,treatment
What are the treatments for Mediastinitis ?,treatment
What are the treatments for Bacterial vaginosis - aftercare ?,treatment
What are the treatments for Acute coronary syndrome ?,treatment
"What are the treatments for Crigler Najjar syndrome, type 2 ?",treatment
What are the treatments for Listeriosis ?,treatment
What are the treatments for Amblyopia ?,treatment
What are the treatments for multiple mitochondrial dysfunctions syndrome ?,treatment
What are the treatments for Lung Cancer ?,treatment
What are the treatments for Preeclampsia ?,treatment
What are the treatments for Sclerosing cholangitis ?,treatment
"What are the treatments for X-linked immunodeficiency with magnesium defect, Epstein-Barr virus infection, and neoplasia ?",treatment
What are the treatments for Testicular cancer ?,treatment
What are the treatments for Familial hypercholesterolemia ?,treatment
What are the treatments for trimethylaminuria ?,treatment
What are the treatments for Parkinson's Disease ?,treatment
What are the treatments for Gastroesophageal reflux in infants ?,treatment
What are the treatments for Paget disease of bone ?,treatment
What are the treatments for mucopolysaccharidosis type III ?,treatment
What are the treatments for Nail injuries ?,treatment
What are the treatments for Krabbe Disease ?,treatment
What are the treatments for Factor X deficiency ?,treatment
What are the treatments for Substance use - inhalants ?,treatment
What are the treatments for erythrokeratodermia variabilis et progressiva ?,treatment
What are the treatments for Schizophrenia ?,treatment
What are the treatments for Inclusion Body Myositis ?,treatment
What are the treatments for proopiomelanocortin deficiency ?,treatment
What are the treatments for Hereditary ovalocytosis ?,treatment
What are the treatments for Pigmented purpuric eruption ?,treatment
What are the treatments for Idiopathic pulmonary fibrosis ?,treatment
What are the treatments for Polyarteritis nodosa ?,treatment
What are the treatments for cranioectodermal dysplasia ?,treatment
What are the treatments for otospondylomegaepiphyseal dysplasia ?,treatment
What are the treatments for Acromegaly ?,treatment
What are the treatments for RAPADILINO syndrome ?,treatment
What are the treatments for Subdural hematoma ?,treatment
What are the treatments for Anemia of Inflammation and Chronic Disease ?,treatment
What are the treatments for Rectal prolapse ?,treatment
What are the treatments for Pernicious anemia ?,treatment
What are the treatments for McLeod neuroacanthocytosis syndrome ?,treatment
What are the treatments for congenital insensitivity to pain ?,treatment
What are the treatments for beta thalassemia ?,treatment
What are the treatments for Absence seizure ?,treatment
What are the treatments for Psoriasis ?,treatment
What are the treatments for Galactosialidosis ?,treatment
What are the treatments for congenital leptin deficiency ?,treatment
What are the treatments for Parasites - Zoonotic Hookworm ?,treatment
What are the treatments for Tricuspid atresia ?,treatment
What are the treatments for Barraquer-Simons syndrome ?,treatment
What are the treatments for Madelung disease ?,treatment
What are the treatments for glutaric acidemia type I ?,treatment
What are the treatments for Back Pain ?,treatment
What are the treatments for Polycystic ovary syndrome ?,treatment
What are the treatments for Multiple sclerosis ?,treatment
What are the treatments for spastic paraplegia type 2 ?,treatment
What are the treatments for Intersex ?,treatment
What are the treatments for Eisenmenger syndrome ?,treatment
What are the treatments for Repetitive Motion Disorders ?,treatment
What are the treatments for Kyphosis ?,treatment
What are the treatments for Ebstein anomaly ?,treatment
What are the treatments for Crohn disease ?,treatment
What are the treatments for systemic lupus erythematosus ?,treatment
What are the treatments for Down syndrome ?,treatment
What are the treatments for Meibomianitis ?,treatment
What are the treatments for spondyloepiphyseal dysplasia congenita ?,treatment
What are the treatments for cystic fibrosis ?,treatment
What are the treatments for Peptic ulcer ?,treatment
What are the treatments for Costeff syndrome ?,treatment
What are the treatments for Hemophilia ?,treatment
What are the treatments for Cardiac tamponade ?,treatment
What are the treatments for Brain abscess ?,treatment
What are the treatments for Psoriasis ?,treatment
What are the treatments for warfarin sensitivity ?,treatment
What are the treatments for Bartter syndrome ?,treatment
What are the treatments for Erythroplasia of Queyrat ?,treatment
What are the treatments for COPD ?,treatment
What are the treatments for Brain tumor - primary - adults ?,treatment
What are the treatments for Buschke-Ollendorff syndrome ?,treatment
What are the treatments for Florid cemento-osseous dysplasia ?,treatment
What are the treatments for familial lipoprotein lipase deficiency ?,treatment
What are the treatments for familial restrictive cardiomyopathy ?,treatment
What are the treatments for hypermethioninemia ?,treatment
What are the treatments for Allergic conjunctivitis ?,treatment
What are the treatments for Juvenile amyotrophic lateral sclerosis ?,treatment
What are the treatments for hypochromic microcytic anemia with iron overload ?,treatment
What are the treatments for Factor II deficiency ?,treatment
What are the treatments for pulmonary arterial hypertension ?,treatment
What are the treatments for Erythromelalgia ?,treatment
What are the treatments for chorea-acanthocytosis ?,treatment
What are the treatments for Nephrotic Syndrome in Adults ?,treatment
What are the treatments for Cardiomyopathy ?,treatment
What are the treatments for Surviving Cancer ?,treatment
"What are the treatments for Ovarian Epithelial, Fallopian Tube, and Primary Peritoneal Cancer ?",treatment
What are the treatments for Klippel-Trenaunay Syndrome (KTS) ?,treatment
What are the treatments for Birt-Hogg-Dube syndrome ?,treatment
What are the treatments for Rat-bite fever ?,treatment
What are the treatments for Leptospirosis ?,treatment
What are the treatments for congenital central hypoventilation syndrome ?,treatment
What are the treatments for Spondylolisthesis ?,treatment
What are the treatments for genitopatellar syndrome ?,treatment
What are the treatments for Marfan syndrome ?,treatment
What are the treatments for Hypogonadism ?,treatment
What are the treatments for Liposarcoma ?,treatment
What are the treatments for 3-methylglutaconyl-CoA hydratase deficiency ?,treatment
What are the treatments for Torticollis ?,treatment
What are the treatments for Bartter syndrome ?,treatment
What are the treatments for Mediastinal tumor ?,treatment
What are the treatments for Optic glioma ?,treatment
What are the treatments for Iron deficiency anemia ?,treatment
What are the treatments for Septic shock ?,treatment
What are the treatments for Warts ?,treatment
What are the treatments for Prescription and Illicit Drug Abuse ?,treatment
What are the treatments for congenital stromal corneal dystrophy ?,treatment
What are the treatments for Hashimoto's encephalitis ?,treatment
What are the treatments for phosphoribosylpyrophosphate synthetase superactivity ?,treatment
What are the treatments for Laryngeal Cancer ?,treatment
What are the treatments for Fanconi syndrome ?,treatment
What are the treatments for Prostate Cancer ?,treatment
What are the treatments for Surviving Cancer ?,treatment
What are the treatments for Von Gierke disease ?,treatment
What are the treatments for renal tubular dysgenesis ?,treatment
What are the treatments for CADASIL ?,treatment
What are the treatments for Diverticulosis ?,treatment
What are the treatments for Aortic stenosis ?,treatment
What are the treatments for Pfeiffer syndrome ?,treatment
What are the treatments for celiac disease ?,treatment
What are the treatments for Multifocal choroiditis ?,treatment
What are the treatments for Potocki-Shaffer syndrome ?,treatment
What are the treatments for Bladder outlet obstruction ?,treatment
What are the treatments for Omenn syndrome ?,treatment
What are the treatments for galactosialidosis ?,treatment
What are the treatments for dilated cardiomyopathy with ataxia syndrome ?,treatment
What are the treatments for amyotrophic lateral sclerosis ?,treatment
What are the treatments for Spinal Cord Infarction ?,treatment
What are the treatments for Cocaine withdrawal ?,treatment
What are the treatments for Pudendal Neuralgia ?,treatment
What are the treatments for hereditary neuropathy with liability to pressure palsies ?,treatment
What are the treatments for Aplastic Anemia ?,treatment
What are the treatments for Fahr's Syndrome ?,treatment
What are the treatments for Celiac disease - sprue ?,treatment
What are the treatments for 3-M syndrome ?,treatment
What are the treatments for citrullinemia ?,treatment
What are the treatments for Vertebrobasilar circulatory disorders ?,treatment
What are the treatments for Thyroglossal tract cyst ?,treatment
What are the treatments for Hemangioma ?,treatment
What are the treatments for Pyruvate kinase deficiency ?,treatment
What are the treatments for Dubin-Johnson syndrome ?,treatment
What are the treatments for Tarsal tunnel syndrome ?,treatment
What are the treatments for intrahepatic cholestasis of pregnancy ?,treatment
What are the treatments for Antiphospholipid Antibody Syndrome ?,treatment
What are the treatments for ornithine translocase deficiency ?,treatment
What are the treatments for Developmental coordination disorder ?,treatment
What are the treatments for Mal de debarquement ?,treatment
What are the treatments for fragile X-associated tremor/ataxia syndrome ?,treatment
What are the treatments for Aquagenic pruritus ?,treatment
What are the treatments for 7q11.23 duplication syndrome ?,treatment
What are the treatments for Carcinoid syndrome ?,treatment
What are the treatments for Hepatic ischemia ?,treatment
"What are the treatments for congenital cataracts, facial dysmorphism, and neuropathy ?",treatment
What are the treatments for autosomal recessive hyper-IgE syndrome ?,treatment
What are the treatments for Febrile Seizures ?,treatment
What are the treatments for Non-Hodgkin lymphoma ?,treatment
What are the treatments for Huntington disease ?,treatment
What are the treatments for Borderline personality disorder ?,treatment
What are the treatments for Autonomic neuropathy ?,treatment
What are the treatments for Schizotypal personality disorder ?,treatment
What are the treatments for Reye's Syndrome ?,treatment
What are the treatments for ichthyosis with confetti ?,treatment
What are the treatments for Chlamydial infections - male ?,treatment
What are the treatments for Substance use - amphetamines ?,treatment
What are the treatments for Septic arthritis ?,treatment
What are the treatments for adult-onset leukoencephalopathy with axonal spheroids and pigmented glia ?,treatment
What are the treatments for Hypothalamic dysfunction ?,treatment
What are the treatments for Diabetes insipidus - central ?,treatment
What are the treatments for Cerebral Palsy ?,treatment
What are the treatments for Diaphragmatic hernia ?,treatment
What are the treatments for Cerebral Aneurysms ?,treatment
What are the treatments for Separation anxiety in children ?,treatment
What are the treatments for Xanthoma ?,treatment
What are the treatments for tyrosine hydroxylase deficiency ?,treatment
What are the treatments for Leukoencephalopathy with vanishing white matter ?,treatment
What are the treatments for SCOT deficiency ?,treatment
What are the treatments for Essential tremor ?,treatment
What are the treatments for Neurosyphilis ?,treatment
What are the treatments for Post-traumatic stress disorder ?,treatment
What are the treatments for Non-Small Cell Lung Cancer ?,treatment
What are the treatments for Pharyngitis - viral ?,treatment
What are the treatments for Cystitis - acute ?,treatment
What are the treatments for spina bifida ?,treatment
What are the treatments for Heart Attack ?,treatment
What are the treatments for Urinary Incontinence in Men ?,treatment
What are the treatments for Fitz-Hugh-Curtis syndrome ?,treatment
What are the treatments for Generalized Gangliosidoses ?,treatment
What are the treatments for Wernicke-Korsakoff Syndrome ?,treatment
What are the treatments for Gorham's disease ?,treatment
What are the treatments for autosomal dominant nocturnal frontal lobe epilepsy ?,treatment
What are the treatments for Shingles ?,treatment
What are the treatments for Adult Acute Myeloid Leukemia ?,treatment
What are the treatments for SOST-related sclerosing bone dysplasia ?,treatment
What are the treatments for Breast Cancer ?,treatment
What are the treatments for Pediatric sleep apnea ?,treatment
What are the treatments for Robinow syndrome ?,treatment
What are the treatments for Spastic diplegia cerebral palsy ?,treatment
What are the treatments for Parasites - American Trypanosomiasis (also known as Chagas Disease) ?,treatment
What are the treatments for Infant botulism ?,treatment
What are the treatments for Hyperkalemic periodic paralysis ?,treatment
What are the treatments for What I need to know about Gas ?,treatment
What are the treatments for Microcephalic osteodysplastic primordial dwarfism type 1 ?,treatment
What are the treatments for Factor V deficiency ?,treatment
What are the treatments for Substance use - marijuana ?,treatment
What are the treatments for Mitochondrial complex IV deficiency ?,treatment
What are the treatments for familial paroxysmal kinesigenic dyskinesia ?,treatment
What are the treatments for Melnick-Needles syndrome ?,treatment
What are the treatments for infantile systemic hyalinosis ?,treatment
What are the treatments for dyskeratosis congenita ?,treatment
What are the treatments for Guttate psoriasis ?,treatment
What are the treatments for Testicular failure ?,treatment
What are the treatments for Mycosis Fungoides and the Szary Syndrome ?,treatment
What are the treatments for Hospital-acquired pneumonia ?,treatment
What are the treatments for Breast Cancer ?,treatment
What are the treatments for Pericarditis - after heart attack ?,treatment
What are the treatments for Narcolepsy ?,treatment
What are the treatments for Sandhoff disease ?,treatment
What are the treatments for Acinetobacter in Healthcare Settings ?,treatment
What are the treatments for Secondary systemic amyloidosis ?,treatment
What are the treatments for Wolfram syndrome ?,treatment
What are the treatments for Rubinstein-Taybi syndrome ?,treatment
What are the treatments for Hypothalamic tumor ?,treatment
What are the treatments for Skin abscess ?,treatment
What are the treatments for Group B streptococcal septicemia of the newborn ?,treatment
What are the treatments for Silver syndrome ?,treatment
What are the treatments for Loeys-Dietz syndrome ?,treatment
What are the treatments for Gastrointestinal Carcinoid Tumors ?,treatment
What are the treatments for Primary Biliary Cirrhosis ?,treatment
What are the treatments for Sarcoidosis ?,treatment
What are the treatments for mitochondrial trifunctional protein deficiency ?,treatment
What are the treatments for Morning sickness ?,treatment
What are the treatments for Congenital antithrombin III deficiency ?,treatment
What are the treatments for Tubular aggregate myopathy ?,treatment
What are the treatments for Brief psychotic disorder ?,treatment
What are the treatments for Parry-Romberg ?,treatment
What are the treatments for West Nile virus ?,treatment
What are the treatments for Parainfluenza ?,treatment
What are the treatments for Multifocal motor neuropathy ?,treatment
What are the treatments for Nager syndrome ?,treatment
What are the treatments for Anemia caused by low iron - infants and toddlers ?,treatment
What are the treatments for abetalipoproteinemia ?,treatment
What are the treatments for Milroy disease ?,treatment
What are the treatments for Peripartum cardiomyopathy ?,treatment
What are the treatments for Achondrogenesis ?,treatment
What are the treatments for Y chromosome infertility ?,treatment
What are the treatments for hypomyelination and congenital cataract ?,treatment
What are the treatments for carbamoyl phosphate synthetase I deficiency ?,treatment
What are the treatments for Myotonia congenita ?,treatment
What are the treatments for Hereditary hemorrhagic telangiectasia ?,treatment
What are the treatments for Bowen-Conradi syndrome ?,treatment
What are the treatments for Melkersson-Rosenthal Syndrome ?,treatment
What are the treatments for autosomal recessive spastic ataxia of Charlevoix-Saguenay ?,treatment
What are the treatments for Ectodermal dysplasia ?,treatment
What are the treatments for Alcohol Use and Older Adults ?,treatment
What are the treatments for Pneumonia - adults (community acquired) ?,treatment
What are the treatments for Alpha-1 antitrypsin deficiency ?,treatment
What are the treatments for Delayed ejaculation ?,treatment
What are the treatments for gnathodiaphyseal dysplasia ?,treatment
What are the treatments for Legionnaire disease ?,treatment
What are the treatments for Trigeminal Neuralgia ?,treatment
What are the treatments for Chronic Neutrophilic Leukemia ?,treatment
What are the treatments for 18q deletion syndrome ?,treatment
What are the treatments for Bunions ?,treatment
What are the treatments for malignant hyperthermia ?,treatment
What are the treatments for Meningitis and Encephalitis ?,treatment
What are the treatments for isolated Duane retraction syndrome ?,treatment
What are the treatments for cerebral autosomal dominant arteriopathy with subcortical infarcts and leukoencephalopathy ?,treatment
What are the treatments for Endometrial polyps ?,treatment
What are the treatments for Esthesioneuroblastoma ?,treatment
What are the treatments for Sinusitis ?,treatment
What are the treatments for Microscopic polyangiitis ?,treatment
What are the treatments for Atrial myxoma ?,treatment
What are the treatments for Piriformis syndrome ?,treatment
What are the treatments for Clouston syndrome ?,treatment
What are the treatments for Charcot-Marie-Tooth Disease ?,treatment
What are the treatments for Diabetic mastopathy ?,treatment
What are the treatments for Brugada syndrome ?,treatment
What are the treatments for Hepatitis ?,treatment
What are the treatments for Gout ?,treatment
What are the treatments for Milia ?,treatment
What are the treatments for Leukodystrophy ?,treatment
What are the treatments for homocystinuria ?,treatment
What are the treatments for Wolfram syndrome ?,treatment
What are the treatments for Adult Still's disease ?,treatment
What are the treatments for Neuroblastoma ?,treatment
What are the treatments for Insulinoma ?,treatment
What are the treatments for spondyloenchondrodysplasia with immune dysregulation ?,treatment
What are the treatments for Plague ?,treatment
What are the treatments for Patent Ductus Arteriosus ?,treatment
"What are the treatments for distal hereditary motor neuropathy, type II ?",treatment
What are the treatments for Spinal stenosis ?,treatment
What are the treatments for Dry Mouth ?,treatment
What are the treatments for sporadic hemiplegic migraine ?,treatment
What are the treatments for SLC4A1-associated distal renal tubular acidosis ?,treatment
What are the treatments for Autoimmune hepatitis ?,treatment
What are the treatments for Limited cutaneous systemic sclerosis ?,treatment
What are the treatments for Rheumatoid Arthritis ?,treatment
What are the treatments for X-linked juvenile retinoschisis ?,treatment
What are the treatments for Osteopenia - premature infants ?,treatment
What are the treatments for Familial lipoprotein lipase deficiency ?,treatment
What are the treatments for isolated Pierre Robin sequence ?,treatment
What are the treatments for Kearns-Sayre Syndrome ?,treatment
What are the treatments for iron-refractory iron deficiency anemia ?,treatment
What are the treatments for Angelman syndrome ?,treatment
What are the treatments for megalencephaly-capillary malformation syndrome ?,treatment
What are the treatments for Prevent diabetes problems: Keep your nervous system healthy ?,treatment
What are the treatments for Blind loop syndrome ?,treatment
What are the treatments for frontotemporal dementia with parkinsonism-17 ?,treatment
What are the treatments for Mitochondrial neurogastrointestinal encephalopathy syndrome ?,treatment
What are the treatments for Limb-girdle muscular dystrophy ?,treatment
What are the treatments for preeclampsia ?,treatment
What are the treatments for Pulmonary alveolar proteinosis acquired ?,treatment
What are the treatments for Biliary atresia ?,treatment
What are the treatments for familial thoracic aortic aneurysm and dissection ?,treatment
What are the treatments for Kidney Failure: Choosing a Treatment That's Right for You ?,treatment
What are the treatments for Hairy tongue ?,treatment
What are the treatments for Liddle syndrome ?,treatment
What are the treatments for Congenital heart disease ?,treatment
What are the treatments for Multiple System Atrophy with Orthostatic Hypotension ?,treatment
What are the treatments for Ebola virus disease ?,treatment
What are the treatments for Lamellar ichthyosis ?,treatment
What are the treatments for recombinant 8 syndrome ?,treatment
What are the treatments for Neuromyelitis Optica ?,treatment
What are the treatments for Cervical cancer ?,treatment
What are the treatments for Hypoaldosteronism ?,treatment
What are the treatments for Pubic lice ?,treatment
What are the treatments for Familial atrial fibrillation ?,treatment
What are the treatments for Meningitis - pneumococcal ?,treatment
What are the treatments for Raynaud phenomenon ?,treatment
What are the treatments for Cystitis - noninfectious ?,treatment
What are the treatments for Autoimmune disorders ?,treatment
"What are the treatments for Hereditary angiopathy with nephropathy, aneurysms, and muscle cramps syndrome ?",treatment
What are the treatments for adenylosuccinate lyase deficiency ?,treatment
What are the treatments for Best vitelliform macular dystrophy ?,treatment
What are the treatments for myoclonus-dystonia ?,treatment
What are the treatments for Tracheomalacia - congenital ?,treatment
What are the treatments for Fraser syndrome ?,treatment
What are the treatments for Tabes Dorsalis ?,treatment
What are the treatments for Parasites - Cyclosporiasis (Cyclospora Infection) ?,treatment
What are the treatments for Increased intracranial pressure ?,treatment
What are the treatments for von Hippel-Lindau syndrome ?,treatment
What are the treatments for Leydig cell tumor ?,treatment
What are the treatments for Chapare Hemorrhagic Fever (CHHF) ?,treatment
What are the treatments for Hypoglycemia ?,treatment
What are the treatments for benign chronic pemphigus ?,treatment
What are the treatments for Pierre Robin syndrome ?,treatment
What are the treatments for Cornelia de Lange syndrome ?,treatment
What are the treatments for Marburg hemorrhagic fever (Marburg HF) ?,treatment
What are the treatments for Breast Cancer ?,treatment
What are the treatments for Polymyositis ?,treatment
What are the treatments for Hydrops fetalis ?,treatment
What are the treatments for Cancer treatment: dealing with hot flashes and night sweats ?,treatment
What are the treatments for Stickler syndrome ?,treatment
What are the treatments for Amaurosis fugax ?,treatment
What are the treatments for Asherman syndrome ?,treatment
What are the treatments for Porokeratosis of Mibelli ?,treatment
What are the treatments for Personality disorders ?,treatment
What are the treatments for combined malonic and methylmalonic aciduria ?,treatment
What are the treatments for Temporal arteritis ?,treatment
What are the treatments for Multiple pterygium syndrome Escobar type ?,treatment
What are the treatments for ABO incompatibility ?,treatment
What are the treatments for Persistent depressive disorder ?,treatment
What are the treatments for Chronic kidney disease ?,treatment
What are the treatments for histiocytosis-lymphadenopathy plus syndrome ?,treatment
What are the treatments for Allergic rhinitis ?,treatment
What are the treatments for Heart Disease in Women ?,treatment
What are the treatments for X-linked hyper IgM syndrome ?,treatment
What are the treatments for Agranulocytosis ?,treatment
What are the treatments for Double outlet right ventricle ?,treatment
What are the treatments for Plasma Cell Neoplasms (Including Multiple Myeloma) ?,treatment
What are the treatments for hereditary leiomyomatosis and renal cell cancer ?,treatment
What are the treatments for Placental insufficiency ?,treatment
What are the treatments for Hereditary angioedema ?,treatment
What are the treatments for General paresis ?,treatment
What are the treatments for Norum disease ?,treatment
What are the treatments for Primary lymphoma of the brain ?,treatment
What are the treatments for Breast Cancer ?,treatment
What are the treatments for Chordoma ?,treatment
What are the treatments for Botulism ?,treatment
What are the treatments for Poland syndrome ?,treatment
What are the treatments for Osgood-Schlatter disease ?,treatment
What are the treatments for Gaucher disease ?,treatment
What are the treatments for High blood pressure and eye disease ?,treatment
What are the treatments for Wagner syndrome ?,treatment
What are the treatments for Fish tapeworm infection ?,treatment
What are the treatments for DMD-associated dilated cardiomyopathy ?,treatment
What are the treatments for Meckel syndrome ?,treatment
What are the treatments for DOORS syndrome ?,treatment
What are the treatments for Sheldon-Hall syndrome ?,treatment
What are the treatments for Fibrodysplasia ossificans progressiva ?,treatment
What are the treatments for renal hypouricemia ?,treatment
What are the treatments for prekallikrein deficiency ?,treatment
What are the treatments for Ataxia Telangiectasia ?,treatment
What are the treatments for Suicide and suicidal behavior ?,treatment
What are the treatments for Calcium pyrophosphate arthritis ?,treatment
What are the treatments for Atrial Fibrillation and Stroke ?,treatment
What are the treatments for Hypersensitivity pneumonitis ?,treatment
What are the treatments for Polymyositis - adult ?,treatment
What are the treatments for type A insulin resistance syndrome ?,treatment
What are the treatments for Cutaneous mastocytosis ?,treatment
What are the treatments for Alzheimer's Disease ?,treatment
What are the treatments for sialic acid storage disease ?,treatment
What are the treatments for Lower esophageal ring ?,treatment
What are the treatments for Epidermolysis bullosa ?,treatment
What are the treatments for Patulous Eustachian Tube ?,treatment
What are the treatments for Catecholaminergic polymorphic ventricular tachycardia ?,treatment
What are the treatments for McCune-Albright syndrome ?,treatment
What are the treatments for Townes-Brocks Syndrome ?,treatment
how can botulism be treated?,treatment
What are the treatments for Beriberi ?,treatment
What are the treatments for Renpenning syndrome ?,treatment
What are the treatments for hereditary paraganglioma-pheochromocytoma ?,treatment
What are the treatments for Kallmann syndrome ?,treatment
What are the treatments for Treacher Collins syndrome ?,treatment
What are the treatments for ring chromosome 14 syndrome ?,treatment
What are the treatments for Neutropenia - infants ?,treatment
What are the treatments for Iron-Deficiency Anemia ?,treatment
What are the treatments for Choledocholithiasis ?,treatment
What are the treatments for Naegeli syndrome ?,treatment
What are the treatments for Peritonitis - spontaneous ?,treatment
What are the treatments for Inflammatory Myopathies ?,treatment
What are the treatments for Crohn disease ?,treatment
What are the treatments for heterotaxy syndrome ?,treatment
What are the treatments for potassium-aggravated myotonia ?,treatment
What are the treatments for Aspiration pneumonia ?,treatment
What are the treatments for androgenetic alopecia ?,treatment
What are the treatments for GM1 gangliosidosis ?,treatment
What are the treatments for Hereditary multiple osteochondromas ?,treatment
What are the treatments for Thrombocytopenia ?,treatment
What are the treatments for Klver-Bucy Syndrome ?,treatment
What are the treatments for Knee Replacement ?,treatment
What are the treatments for Hartnup disorder ?,treatment
What are the treatments for Developmental disorders of the female reproductive tract ?,treatment
What are the treatments for Dandy-Walker malformation ?,treatment
What are the treatments for Pseudotumor cerebri ?,treatment
What are the treatments for Limb-girdle muscular dystrophies ?,treatment
What are the treatments for Antisocial personality disorder ?,treatment
What are the treatments for Parasites - Enterobiasis (also known as Pinworm Infection) ?,treatment
What are the treatments for Familial osteochondritis dissecans ?,treatment
What are the treatments for Niemann-Pick disease ?,treatment
What are the treatments for dihydropyrimidine dehydrogenase deficiency ?,treatment
"What are the treatments for neuropathy, ataxia, and retinitis pigmentosa ?",treatment
What are the treatments for Thalassemia ?,treatment
What are the treatments for Miyoshi myopathy ?,treatment
What are the treatments for Osteomyelitis ?,treatment
What are the treatments for Dysautonomia ?,treatment
What are the treatments for Gray platelet syndrome ?,treatment
What are the treatments for autoimmune lymphoproliferative syndrome ?,treatment
What are the treatments for 15q13.3 microdeletion ?,treatment
What are the treatments for triosephosphate isomerase deficiency ?,treatment
What are the treatments for Hydrocephalus due to congenital stenosis of aqueduct of sylvius ?,treatment
What are the treatments for Albinism ?,treatment
What are the treatments for Majeed syndrome ?,treatment
What are the treatments for Horner syndrome ?,treatment
What are the treatments for Colorectal polyps ?,treatment
What are the treatments for Milroy disease ?,treatment
What are the treatments for Hyperparathyroidism ?,treatment
What are the treatments for Giant congenital nevus ?,treatment
What are the treatments for LAMA2-related muscular dystrophy ?,treatment
What are the treatments for Malocclusion of teeth ?,treatment
What are the treatments for CHST3-related skeletal dysplasia ?,treatment
What are the treatments for X-linked chondrodysplasia punctata 1 ?,treatment
What are the treatments for Subacute thyroiditis ?,treatment
What are the treatments for Hereditary leiomyomatosis and renal cell cancer ?,treatment
What are the treatments for MEGDEL syndrome ?,treatment
What are the treatments for Retinal artery occlusion ?,treatment
What are the treatments for Ganglioneuroblastoma ?,treatment
What are the treatments for Urachal cyst ?,treatment
What are the treatments for Color blindness ?,treatment
What are the treatments for Bronchiectasis ?,treatment
What are the treatments for von Willebrand disease ?,treatment
What are the treatments for Ureterocele ?,treatment
What are the treatments for Acrodysostosis ?,treatment
What are the treatments for Facioscapulohumeral muscular dystrophy ?,treatment
What are the treatments for Henoch-Schnlein purpura ?,treatment
What are the treatments for Serotonin syndrome ?,treatment
What are the treatments for piebaldism ?,treatment
What are the treatments for Gerstmann-Straussler-Scheinker Disease ?,treatment
What are the treatments for Angina ?,treatment
What are the treatments for Majeed syndrome ?,treatment
What are the treatments for Chronic hiccups ?,treatment
What are the treatments for Enteritis ?,treatment
What are the treatments for Breast Cancer ?,treatment
What are the treatments for Anthrax ?,treatment
What are the treatments for Periorbital cellulitis ?,treatment
What are the treatments for Aspergillosis ?,treatment
What are the treatments for Cluster headache ?,treatment
What are the treatments for glycogen storage disease type VII ?,treatment
What are the treatments for Bronchitis ?,treatment
What are the treatments for Avoidant personality disorder ?,treatment
What are the treatments for Asbestosis ?,treatment
What are the treatments for What I need to know about Diarrhea ?,treatment
What are the treatments for Norrie disease ?,treatment
What are the treatments for Testicular torsion ?,treatment
What are the treatments for Agenesis of the Corpus Callosum ?,treatment
What are the treatments for centronuclear myopathy ?,treatment
What are the treatments for Pancreas divisum ?,treatment
What are the treatments for Shingles ?,treatment
What are the treatments for Mastoiditis ?,treatment
What are the treatments for Gastroparesis ?,treatment
What are the treatments for Orofaciodigital syndrome 2 ?,treatment
What are the treatments for antiphospholipid syndrome ?,treatment
What are the treatments for familial hemophagocytic lymphohistiocytosis ?,treatment
What are the treatments for Acidosis ?,treatment
What are the treatments for Amyotrophic lateral sclerosis ?,treatment
What are the treatments for Macroglobulinemia of Waldenstrom ?,treatment
"What are the treatments for immune dysregulation, polyendocrinopathy, enteropathy, X-linked syndrome ?",treatment
What are the treatments for Infant of diabetic mother ?,treatment
What are the treatments for paramyotonia congenita ?,treatment
What are the treatments for Arginase deficiency ?,treatment
What are the treatments for Financial Help for Diabetes Care ?,treatment
What are the treatments for Vernal keratoconjunctivitis ?,treatment
What are the treatments for Norrie disease ?,treatment
What are the treatments for tubular aggregate myopathy ?,treatment
What are the treatments for COG5-congenital disorder of glycosylation ?,treatment
What are the treatments for 9q22.3 microdeletion ?,treatment
What are the treatments for Keratosis pilaris ?,treatment
What are the treatments for lymphedema-distichiasis syndrome ?,treatment
What are the treatments for multiple pterygium syndrome ?,treatment
What are the treatments for Hookworm infection ?,treatment
What are the treatments for Protein-losing enteropathy ?,treatment
What are the treatments for Parasites - Lice - Body Lice ?,treatment
What are the treatments for Potter syndrome ?,treatment
What are the treatments for spastic paraplegia type 7 ?,treatment
What are the treatments for Pseudohypoparathyroidism ?,treatment
What are the treatments for Squamous cell carcinoma ?,treatment
What are the treatments for Aortic arch syndrome ?,treatment
What are the treatments for Thyroid cancer - papillary carcinoma ?,treatment
What are the treatments for methylmalonic acidemia with homocystinuria ?,treatment
What are the treatments for Diabetic Kidney Disease ?,treatment
What are the treatments for Basilar migraine ?,treatment
What are the treatments for Binge eating disorder ?,treatment
What are the treatments for Ohtahara Syndrome ?,treatment
What are the treatments for Prinzmetal's variant angina ?,treatment
What are the treatments for Polymyalgia rheumatica ?,treatment
What are the treatments for Psoriasis ?,treatment
What are the treatments for Gastroschisis ?,treatment
What are the treatments for Pulmonary embolus ?,treatment
What are the treatments for medium-chain acyl-CoA dehydrogenase deficiency ?,treatment
What are the treatments for Dacryoadenitis ?,treatment
What are the treatments for Vaginal bleeding - hormonal ?,treatment
What are the treatments for progressive pseudorheumatoid dysplasia ?,treatment
What are the treatments for Inguinal Hernia ?,treatment
What are the treatments for Shapiro syndrome ?,treatment
What are the treatments for chronic atrial and intestinal dysrhythmia ?,treatment
What are the treatments for Danon disease ?,treatment
What are the treatments for Ascites ?,treatment
What are the treatments for neonatal onset multisystem inflammatory disease ?,treatment
What are the treatments for Alzheimer's Disease ?,treatment
What are the treatments for Congenital spherocytic anemia ?,treatment
What are the treatments for maple syrup urine disease ?,treatment
What are the treatments for Friedreich ataxia ?,treatment
What are the treatments for Ochoa syndrome ?,treatment
What are the treatments for Alport syndrome ?,treatment
What are the treatments for Acanthoma ?,treatment
What are the treatments for Type 2 diabetes - self-care ?,treatment
What are the treatments for acute promyelocytic leukemia ?,treatment
What are the treatments for Mayer-Rokitansky-Kster-Hauser syndrome ?,treatment
What are the treatments for Laryngeal nerve damage ?,treatment
What are the treatments for Cataract ?,treatment
What are the treatments for familial porencephaly ?,treatment
What are the treatments for Major depression with psychotic features ?,treatment
What are the treatments for Unverricht-Lundborg disease ?,treatment
What are the treatments for Hutchinson-Gilford progeria syndrome ?,treatment
What are the treatments for Henoch-Schnlein Purpura ?,treatment
What are the treatments for Typhus ?,treatment
What are the treatments for Linear porokeratosis ?,treatment
What are the treatments for Oropharyngeal Cancer ?,treatment
What are the treatments for tarsal-carpal coalition syndrome ?,treatment
What are the treatments for anhidrotic ectodermal dysplasia with immune deficiency ?,treatment
What are the treatments for Klinefelter syndrome ?,treatment
What are the treatments for Mitochondrial complex II deficiency ?,treatment
What are the treatments for Complex regional pain syndrome ?,treatment
What are the treatments for Waldenstrm macroglobulinemia ?,treatment
What are the treatments for Cholestasis ?,treatment
What are the treatments for Aplasia cutis congenita ?,treatment
What are the treatments for multiple system atrophy ?,treatment
What are the treatments for Treacher Collins syndrome ?,treatment
What are the treatments for Post-streptococcal glomerulonephritis (GN) ?,treatment
What are the treatments for Tourette syndrome ?,treatment
What are the treatments for Hereditary angioedema ?,treatment
What are the treatments for African iron overload ?,treatment
What are the treatments for Multiple Sclerosis ?,treatment
What are the treatments for aminoacylase 1 deficiency ?,treatment
What are the treatments for Arachnoiditis ?,treatment
What are the treatments for retinitis pigmentosa ?,treatment
What are the treatments for Gilbert syndrome ?,treatment
What are the treatments for Parasites - Leishmaniasis ?,treatment
What are the treatments for Vascular dementia ?,treatment
What are the treatments for familial osteochondritis dissecans ?,treatment
What are the treatments for craniofacial-deafness-hand syndrome ?,treatment
What are the treatments for Thyrotoxic periodic paralysis ?,treatment
What are the treatments for Neurogenic bladder ?,treatment
What are the treatments for Mowat-Wilson syndrome ?,treatment
What are the treatments for cleidocranial dysplasia ?,treatment
What are the treatments for Weill-Marchesani syndrome ?,treatment
What are the treatments for Actinomycosis ?,treatment
What are the treatments for Opsoclonus Myoclonus ?,treatment
What are the treatments for Diabetes and nerve damage ?,treatment
What are the treatments for Hemifacial microsomia ?,treatment
What are the treatments for Hyphema ?,treatment
What are the treatments for dermatofibrosarcoma protuberans ?,treatment
What are the treatments for Thrombocythemia and Thrombocytosis ?,treatment
What are the treatments for pyruvate carboxylase deficiency ?,treatment
What are the treatments for Dementia ?,treatment
What are the treatments for Empty Sella Syndrome ?,treatment
What are the treatments for PDGFRA-associated chronic eosinophilic leukemia ?,treatment
What are the treatments for distal arthrogryposis type 1 ?,treatment
What are the treatments for Urinary tract infection - children ?,treatment
What are the treatments for Wolman disease ?,treatment
What are the treatments for Conversion disorder ?,treatment
What are the treatments for hereditary hemochromatosis ?,treatment
What are the treatments for isolated ectopia lentis ?,treatment
What are the treatments for Shingles ?,treatment
What are the treatments for Legg-Calv-Perthes disease ?,treatment
What are the treatments for Herpangina ?,treatment
What are the treatments for Knobloch syndrome ?,treatment
What are the treatments for type 1 diabetes ?,treatment
What are the treatments for Ewing Sarcoma ?,treatment
What are the treatments for Lupus ?,treatment
What are the treatments for Isovaleric acidemia ?,treatment
What are the treatments for Cerulean cataract ?,treatment
What are the treatments for familial paroxysmal nonkinesigenic dyskinesia ?,treatment
What are the treatments for Hepatic vein obstruction (Budd-Chiari) ?,treatment
What are the treatments for Metatarsal stress fractures - aftercare ?,treatment
What are the treatments for cryptogenic cirrhosis ?,treatment
What are the treatments for Acute cholecystitis ?,treatment
What are the treatments for Hypotension ?,treatment
"What are the treatments for Limb-girdle muscular dystrophy, type 2C ?",treatment
What are the treatments for Hydranencephaly ?,treatment
What are the treatments for Gender dysphoria ?,treatment
What are the treatments for Polycythemia Vera ?,treatment
What are the treatments for Lafora disease ?,treatment
What are the treatments for Pulmonary Embolism ?,treatment
What are the treatments for Small intestinal ischemia and infarction ?,treatment
What are the treatments for lactate dehydrogenase deficiency ?,treatment
What are the treatments for Occupational hearing loss ?,treatment
What are the treatments for pyridoxine-dependent epilepsy ?,treatment
What are the treatments for Benign Essential Blepharospasm ?,treatment
What are the treatments for lactose intolerance ?,treatment
What are the treatments for Netherton syndrome ?,treatment
What are the treatments for Malignant otitis externa ?,treatment
What are the treatments for Familial dysbetalipoproteinemia ?,treatment
What are the treatments for Silent thyroiditis ?,treatment
What are the treatments for Eales disease ?,treatment
What are the treatments for Hemochromatosis ?,treatment
What are the treatments for Pulmonary atresia ?,treatment
What are the treatments for Schindler disease ?,treatment
What are the treatments for primary sclerosing cholangitis ?,treatment
What are the treatments for Floating-Harbor syndrome ?,treatment
What are the treatments for Collapsed lung (pneumothorax) ?,treatment
What are the treatments for Lymphomatoid papulosis ?,treatment
What are the treatments for X-linked creatine deficiency ?,treatment
What are the treatments for Hemangiopericytoma ?,treatment
What are the treatments for leukoencephalopathy with vanishing white matter ?,treatment
What are the treatments for cone-rod dystrophy ?,treatment
What are the treatments for Osteoarthritis ?,treatment
What are the treatments for Meningitis - tuberculous ?,treatment
What are the treatments for Autonomic hyperreflexia ?,treatment
What are the treatments for deoxyguanosine kinase deficiency ?,treatment
What are the treatments for Lactic acidosis ?,treatment
What are the treatments for primary spontaneous pneumothorax ?,treatment
What are the treatments for Pervasive Developmental Disorders ?,treatment
What are the treatments for STING-associated vasculopathy with onset in infancy ?,treatment
What are the treatments for Selective mutism ?,treatment
What are the treatments for VIPoma ?,treatment
What are the treatments for Parasites - Hookworm ?,treatment
What are the treatments for Pulmonary actinomycosis ?,treatment
What are the treatments for head and neck squamous cell carcinoma ?,treatment
What are the treatments for Schwartz Jampel syndrome type 1 ?,treatment
What are the treatments for Costello syndrome ?,treatment
What are the treatments for common variable immune deficiency ?,treatment
What are the treatments for isobutyryl-CoA dehydrogenase deficiency ?,treatment
What are the treatments for primary macronodular adrenal hyperplasia ?,treatment
What are the treatments for Crouzon syndrome ?,treatment
What are the treatments for Gerstmann-Straussler-Scheinker disease ?,treatment
What are the treatments for Barth syndrome ?,treatment
What are the treatments for Ramsay Hunt syndrome ?,treatment
What are the treatments for Fractured clavicle in the newborn ?,treatment
What are the treatments for 6q24-related transient neonatal diabetes mellitus ?,treatment
What are the treatments for Warthin tumor ?,treatment
What are the treatments for complete LCAT deficiency ?,treatment
What are the treatments for Herpes Zoster Oticus ?,treatment
What are the treatments for Breast cancer staging ?,treatment
What are the treatments for Stasis dermatitis and ulcers ?,treatment
What are the treatments for Cholangiocarcinoma ?,treatment
What are the treatments for Febrile Ulceronecrotic Mucha-Habermann disease ?,treatment
What are the treatments for familial male-limited precocious puberty ?,treatment
What are the treatments for Traumatic injury of the bladder and urethra ?,treatment
What are the treatments for Aneurysm ?,treatment
What are the treatments for Oppositional defiant disorder ?,treatment
What are the treatments for Restless Legs Syndrome ?,treatment
What are the treatments for Essential Thrombocythemia ?,treatment
What are the treatments for Fungal nail infection ?,treatment
What are the treatments for Histoplasmosis ?,treatment
What are the treatments for Chlamydia infections in women ?,treatment
What are the treatments for Meningitis - gram-negative ?,treatment
What are the treatments for myosin storage myopathy ?,treatment
What are the treatments for dentinogenesis imperfecta ?,treatment
What are the treatments for spinocerebellar ataxia type 2 ?,treatment
What are the treatments for Alcohol withdrawal ?,treatment
What are the treatments for gyrate atrophy of the choroid and retina ?,treatment
What are the treatments for Premenstrual syndrome ?,treatment
What are the treatments for Adult soft tissue sarcoma ?,treatment
What are the treatments for Neonatal respiratory distress syndrome ?,treatment
What are the treatments for E. coli enteritis ?,treatment
What are the treatments for Salivary gland infections ?,treatment
What are the treatments for Epidermolysis bullosa acquisita ?,treatment
What are the treatments for trisomy 13 ?,treatment
What are the treatments for Ollier disease ?,treatment
What are the treatments for Glass-Chapman-Hockley syndrome ?,treatment
What are the treatments for Hendra Virus Disease (HeV) ?,treatment
What are the treatments for Prader-Willi syndrome ?,treatment
What are the treatments for Coffin-Siris syndrome ?,treatment
What are the treatments for Zollinger-Ellison Syndrome ?,treatment
What are the treatments for GLUT1 deficiency syndrome ?,treatment
What are the treatments for hypercholesterolemia ?,treatment
What are the treatments for Loss of brain function - liver disease ?,treatment
What are the treatments for autosomal recessive primary microcephaly ?,treatment
What are the treatments for Renal papillary necrosis ?,treatment
What are the treatments for Varicose Veins ?,treatment
What are the treatments for Proctitis ?,treatment
What are the treatments for Thalassemias ?,treatment
What are the treatments for autosomal dominant hyper-IgE syndrome ?,treatment
What are the treatments for Noonan syndrome 6 ?,treatment
What are the treatments for Meier-Gorlin syndrome ?,treatment
What are the treatments for Respiratory alkalosis ?,treatment
Do I need to see a doctor for Familial hypercholesterolemia ?,when to contact a medical professional
Do I need to see a doctor for Ichthyosis vulgaris ?,when to contact a medical professional
Do I need to see a doctor for Rubinstein-Taybi syndrome ?,when to contact a medical professional
Do I need to see a doctor for Parathyroid adenoma ?,when to contact a medical professional
Do I need to see a doctor for Nasal flaring ?,when to contact a medical professional
Do I need to see a doctor for Binge eating disorder ?,when to contact a medical professional
Do I need to see a doctor for Stereotypic movement disorder ?,when to contact a medical professional
Do I need to see a doctor for Crohn disease ?,when to contact a medical professional
Do I need to see a doctor for Near drowning ?,when to contact a medical professional
Do I need to see a doctor for Chagas disease ?,when to contact a medical professional
Do I need to see a doctor for Hypothyroidism ?,when to contact a medical professional
Do I need to see a doctor for Parathyroid cancer ?,when to contact a medical professional
Do I need to see a doctor for Coping with cancer - managing fatigue ?,when to contact a medical professional
Do I need to see a doctor for Paroxysmal cold hemoglobinuria (PCH) ?,when to contact a medical professional
Do I need to see a doctor for Diaper rash ?,when to contact a medical professional
Do I need to see a doctor for Epilepsy - overview ?,when to contact a medical professional
Do I need to see a doctor for Allergy shots ?,when to contact a medical professional
Do I need to see a doctor for Congenital rubella ?,when to contact a medical professional
Do I need to see a doctor for Byssinosis ?,when to contact a medical professional
Do I need to see a doctor for Chlamydia ?,when to contact a medical professional
Do I need to see a doctor for Huntington disease ?,when to contact a medical professional
Do I need to see a doctor for Kneecap dislocation - aftercare ?,when to contact a medical professional
Do I need to see a doctor for Low blood sugar ?,when to contact a medical professional
Do I need to see a doctor for Mononeuritis multiplex ?,when to contact a medical professional
Do I need to see a doctor for Osteonecrosis ?,when to contact a medical professional
Do I need to see a doctor for Vulvovaginitis - overview ?,when to contact a medical professional
Do I need to see a doctor for Lymphatic obstruction ?,when to contact a medical professional
Do I need to see a doctor for Slipped capital femoral epiphysis ?,when to contact a medical professional
Do I need to see a doctor for Hepatitis A ?,when to contact a medical professional
Do I need to see a doctor for Lower esophageal ring ?,when to contact a medical professional
Do I need to see a doctor for High blood pressure - infants ?,when to contact a medical professional
Do I need to see a doctor for Pseudohypoparathyroidism ?,when to contact a medical professional
Do I need to see a doctor for Carotid artery stenosis - self-care ?,when to contact a medical professional
Do I need to see a doctor for Omphalocele ?,when to contact a medical professional
Do I need to see a doctor for Angina - when you have chest pain ?,when to contact a medical professional
Do I need to see a doctor for Shoulder separation - aftercare ?,when to contact a medical professional
Do I need to see a doctor for Factor V deficiency ?,when to contact a medical professional
Do I need to see a doctor for Pica ?,when to contact a medical professional
Do I need to see a doctor for Alcoholic neuropathy ?,when to contact a medical professional
Do I need to see a doctor for Managing migraines at home ?,when to contact a medical professional
Do I need to see a doctor for Hypogonadism ?,when to contact a medical professional
Do I need to see a doctor for Glaucoma ?,when to contact a medical professional
Do I need to see a doctor for Glossopharyngeal neuralgia ?,when to contact a medical professional
Do I need to see a doctor for Alkalosis ?,when to contact a medical professional
Do I need to see a doctor for Laceration - sutures or staples - at home ?,when to contact a medical professional
Do I need to see a doctor for Canker sore ?,when to contact a medical professional
Do I need to see a doctor for Rhabdomyosarcoma ?,when to contact a medical professional
Do I need to see a doctor for Prune belly syndrome ?,when to contact a medical professional
Do I need to see a doctor for Stable angina ?,when to contact a medical professional
Do I need to see a doctor for Erythema multiforme ?,when to contact a medical professional
Do I need to see a doctor for Menopause ?,when to contact a medical professional
Do I need to see a doctor for How to stop smoking: Dealing with cravings ?,when to contact a medical professional
Do I need to see a doctor for Malignant hyperthermia ?,when to contact a medical professional
Do I need to see a doctor for Rapid shallow breathing ?,when to contact a medical professional
Do I need to see a doctor for Birth control pills - combination ?,when to contact a medical professional
Do I need to see a doctor for Mononucleosis ?,when to contact a medical professional
Do I need to see a doctor for Compartment syndrome ?,when to contact a medical professional
Do I need to see a doctor for Sinusitis ?,when to contact a medical professional
Do I need to see a doctor for Transient ischemic attack ?,when to contact a medical professional
Do I need to see a doctor for Primary alveolar hypoventilation ?,when to contact a medical professional
Do I need to see a doctor for Chiggers ?,when to contact a medical professional
Do I need to see a doctor for Concussion ?,when to contact a medical professional
Do I need to see a doctor for Language disorder - children ?,when to contact a medical professional
Do I need to see a doctor for Temporal arteritis ?,when to contact a medical professional
Do I need to see a doctor for Brain herniation ?,when to contact a medical professional
Do I need to see a doctor for Kawasaki disease ?,when to contact a medical professional
Do I need to see a doctor for Muscle aches ?,when to contact a medical professional
Do I need to see a doctor for Swallowing difficulty ?,when to contact a medical professional
Do I need to see a doctor for Peripherally inserted central catheter - flushing ?,when to contact a medical professional
Do I need to see a doctor for Pityriasis rubra pilaris ?,when to contact a medical professional
Do I need to see a doctor for Gastrostomy feeding tube - pump - child ?,when to contact a medical professional
Do I need to see a doctor for Muscle cramps ?,when to contact a medical professional
Do I need to see a doctor for Fatty liver - nonalcoholic ?,when to contact a medical professional
Do I need to see a doctor for Taking care of your vascular access for hemodialysis ?,when to contact a medical professional
Do I need to see a doctor for Impetigo ?,when to contact a medical professional
Do I need to see a doctor for Gastrostomy feeding tube - bolus ?,when to contact a medical professional
Do I need to see a doctor for Gout ?,when to contact a medical professional
Do I need to see a doctor for Dementia ?,when to contact a medical professional
Do I need to see a doctor for Paleness ?,when to contact a medical professional
Do I need to see a doctor for Bartholin cyst or abscess ?,when to contact a medical professional
Do I need to see a doctor for Blind loop syndrome ?,when to contact a medical professional
Do I need to see a doctor for Short bowel syndrome ?,when to contact a medical professional
Do I need to see a doctor for Neonatal abstinence syndrome ?,when to contact a medical professional
Do I need to see a doctor for Pierre Robin syndrome ?,when to contact a medical professional
Do I need to see a doctor for Breathing difficulty ?,when to contact a medical professional
Do I need to see a doctor for Factor X deficiency ?,when to contact a medical professional
Do I need to see a doctor for Shoulder pain ?,when to contact a medical professional
Do I need to see a doctor for How to prevent frostbite and hypothermia ?,when to contact a medical professional
Do I need to see a doctor for Opiate and opioid withdrawal ?,when to contact a medical professional
Do I need to see a doctor for McCune-Albright syndrome ?,when to contact a medical professional
Do I need to see a doctor for Atrial fibrillation or flutter ?,when to contact a medical professional
Do I need to see a doctor for Hyperemesis gravidarum ?,when to contact a medical professional
Do I need to see a doctor for Cystitis - noninfectious ?,when to contact a medical professional
Do I need to see a doctor for Polyhydramnios ?,when to contact a medical professional
Do I need to see a doctor for Weakness ?,when to contact a medical professional
Do I need to see a doctor for Intestinal obstruction ?,when to contact a medical professional
Do I need to see a doctor for Skeletal limb abnormalities ?,when to contact a medical professional
Do I need to see a doctor for Flat feet ?,when to contact a medical professional
Do I need to see a doctor for Rat-bite fever ?,when to contact a medical professional
Do I need to see a doctor for Cleidocranial dysostosis ?,when to contact a medical professional
Do I need to see a doctor for Stress and your heart ?,when to contact a medical professional
Do I need to see a doctor for Factor II deficiency ?,when to contact a medical professional
Do I need to see a doctor for Drug-induced immune hemolytic anemia ?,when to contact a medical professional
Do I need to see a doctor for Guillain-Barr syndrome ?,when to contact a medical professional
Do I need to see a doctor for Broad nasal bridge ?,when to contact a medical professional
Do I need to see a doctor for Tetanus ?,when to contact a medical professional
Do I need to see a doctor for Anorchia ?,when to contact a medical professional
Do I need to see a doctor for VIPoma ?,when to contact a medical professional
Do I need to see a doctor for Hypospadias ?,when to contact a medical professional
Do I need to see a doctor for Tooth - abnormal shape ?,when to contact a medical professional
Do I need to see a doctor for Minimal change disease ?,when to contact a medical professional
Do I need to see a doctor for Retinitis pigmentosa ?,when to contact a medical professional
Do I need to see a doctor for Cryoglobulinemia ?,when to contact a medical professional
Do I need to see a doctor for Ectopic Cushing syndrome ?,when to contact a medical professional
Do I need to see a doctor for Amelogenesis imperfecta ?,when to contact a medical professional
Do I need to see a doctor for Peutz-Jeghers syndrome ?,when to contact a medical professional
Do I need to see a doctor for McArdle syndrome ?,when to contact a medical professional
Do I need to see a doctor for Frontal bossing ?,when to contact a medical professional
Do I need to see a doctor for Preventing falls ?,when to contact a medical professional
Do I need to see a doctor for Keloids ?,when to contact a medical professional
Do I need to see a doctor for Abdominal pain ?,when to contact a medical professional
Do I need to see a doctor for Delta agent (Hepatitis D) ?,when to contact a medical professional
Do I need to see a doctor for Henoch-Schnlein purpura ?,when to contact a medical professional
Do I need to see a doctor for Dengue fever ?,when to contact a medical professional
Do I need to see a doctor for Multiple sclerosis ?,when to contact a medical professional
Do I need to see a doctor for Frozen shoulder ?,when to contact a medical professional
Do I need to see a doctor for Aortic stenosis ?,when to contact a medical professional
Do I need to see a doctor for Drug abuse first aid ?,when to contact a medical professional
Do I need to see a doctor for Nearsightedness ?,when to contact a medical professional
Do I need to see a doctor for Sweating ?,when to contact a medical professional
Do I need to see a doctor for Adult soft tissue sarcoma ?,when to contact a medical professional
Do I need to see a doctor for Marine animal stings or bites ?,when to contact a medical professional
Do I need to see a doctor for Uterine fibroids ?,when to contact a medical professional
Do I need to see a doctor for Elbow replacement - discharge ?,when to contact a medical professional
Do I need to see a doctor for Prognathism ?,when to contact a medical professional
Do I need to see a doctor for Heart attack - discharge ?,when to contact a medical professional
Do I need to see a doctor for Duodenal atresia ?,when to contact a medical professional
Do I need to see a doctor for Dry eye syndrome ?,when to contact a medical professional
Do I need to see a doctor for Lymphogranuloma venereum ?,when to contact a medical professional
Do I need to see a doctor for Arterial embolism ?,when to contact a medical professional
Do I need to see a doctor for Syringomyelia ?,when to contact a medical professional
Do I need to see a doctor for Sacroiliac joint pain - aftercare ?,when to contact a medical professional
Do I need to see a doctor for Cyclothymic disorder ?,when to contact a medical professional
Do I need to see a doctor for Diabetes and nerve damage ?,when to contact a medical professional
Do I need to see a doctor for Volvulus - childhood ?,when to contact a medical professional
Do I need to see a doctor for Scrotal swelling ?,when to contact a medical professional
Do I need to see a doctor for Bicuspid aortic valve ?,when to contact a medical professional
Do I need to see a doctor for Imperforate anus ?,when to contact a medical professional
Do I need to see a doctor for Salmonella enterocolitis ?,when to contact a medical professional
Do I need to see a doctor for Acute nephritic syndrome ?,when to contact a medical professional
Do I need to see a doctor for Encopresis ?,when to contact a medical professional
Do I need to see a doctor for Superficial thrombophlebitis ?,when to contact a medical professional
Do I need to see a doctor for Vaginal or uterine bleeding - overview ?,when to contact a medical professional
Do I need to see a doctor for Widely spaced teeth ?,when to contact a medical professional
Do I need to see a doctor for Restrictive cardiomyopathy ?,when to contact a medical professional
Do I need to see a doctor for General paresis ?,when to contact a medical professional
Do I need to see a doctor for Gastroparesis ?,when to contact a medical professional
Do I need to see a doctor for Stuffy or runny nose - adult ?,when to contact a medical professional
Do I need to see a doctor for Cranial mononeuropathy III - diabetic type ?,when to contact a medical professional
Do I need to see a doctor for Legionnaire disease ?,when to contact a medical professional
Do I need to see a doctor for Brain injury - discharge ?,when to contact a medical professional
Do I need to see a doctor for Trochanteric bursitis ?,when to contact a medical professional
Do I need to see a doctor for Broken bone ?,when to contact a medical professional
Do I need to see a doctor for Tropical sprue ?,when to contact a medical professional
Do I need to see a doctor for Stress and your health ?,when to contact a medical professional
Do I need to see a doctor for Patent foramen ovale ?,when to contact a medical professional
Do I need to see a doctor for Duchenne muscular dystrophy ?,when to contact a medical professional
Do I need to see a doctor for Being active when you have heart disease ?,when to contact a medical professional
Do I need to see a doctor for Lichen simplex chronicus ?,when to contact a medical professional
Do I need to see a doctor for Donovanosis (granuloma inguinale) ?,when to contact a medical professional
Do I need to see a doctor for Pharyngitis - viral ?,when to contact a medical professional
Do I need to see a doctor for Diabetes insipidus - central ?,when to contact a medical professional
Do I need to see a doctor for Ataxia - telangiectasia ?,when to contact a medical professional
Do I need to see a doctor for Systemic lupus erythematosus ?,when to contact a medical professional
Do I need to see a doctor for Hepatitis A - children ?,when to contact a medical professional
Do I need to see a doctor for Paronychia ?,when to contact a medical professional
Do I need to see a doctor for Bipolar disorder ?,when to contact a medical professional
Do I need to see a doctor for Nail injuries ?,when to contact a medical professional
Do I need to see a doctor for Visceral larva migrans ?,when to contact a medical professional
Do I need to see a doctor for Scrofula ?,when to contact a medical professional
Do I need to see a doctor for Tricuspid regurgitation ?,when to contact a medical professional
Do I need to see a doctor for Russell-Silver syndrome ?,when to contact a medical professional
Do I need to see a doctor for Anterior cruciate ligament (ACL) injury - aftercare ?,when to contact a medical professional
Do I need to see a doctor for Intellectual disability ?,when to contact a medical professional
Do I need to see a doctor for Weight loss - unintentional ?,when to contact a medical professional
Do I need to see a doctor for Carpal tunnel syndrome ?,when to contact a medical professional
Do I need to see a doctor for Hypokalemic periodic paralysis ?,when to contact a medical professional
Do I need to see a doctor for Bronchitis - acute ?,when to contact a medical professional
Do I need to see a doctor for When your baby or infant has a fever ?,when to contact a medical professional
Do I need to see a doctor for Irregular sleep-wake syndrome ?,when to contact a medical professional
Do I need to see a doctor for Dizziness and vertigo - aftercare ?,when to contact a medical professional
Do I need to see a doctor for Epidermolysis bullosa ?,when to contact a medical professional
Do I need to see a doctor for Lambert-Eaton syndrome ?,when to contact a medical professional
Do I need to see a doctor for Genital warts ?,when to contact a medical professional
Do I need to see a doctor for Branchial cleft cyst ?,when to contact a medical professional
Do I need to see a doctor for Retropharyngeal abscess ?,when to contact a medical professional
Do I need to see a doctor for Heart disease and intimacy ?,when to contact a medical professional
Do I need to see a doctor for Psychosis ?,when to contact a medical professional
Do I need to see a doctor for Acute myelogenous leukemia (AML) - children ?,when to contact a medical professional
Do I need to see a doctor for Osteoarthritis ?,when to contact a medical professional
Do I need to see a doctor for Mediastinitis ?,when to contact a medical professional
Do I need to see a doctor for Prostatitis - nonbacterial ?,when to contact a medical professional
Do I need to see a doctor for Histoplasmosis - acute (primary) pulmonary ?,when to contact a medical professional
Do I need to see a doctor for Preventing pressure ulcers ?,when to contact a medical professional
Do I need to see a doctor for Idiopathic pulmonary fibrosis ?,when to contact a medical professional
Do I need to see a doctor for Bacterial vaginosis - aftercare ?,when to contact a medical professional
Do I need to see a doctor for Cuts and puncture wounds ?,when to contact a medical professional
Do I need to see a doctor for Neonatal conjunctivitis ?,when to contact a medical professional
Do I need to see a doctor for Anorexia nervosa ?,when to contact a medical professional
Do I need to see a doctor for Central sleep apnea ?,when to contact a medical professional
Do I need to see a doctor for Focal segmental glomerulosclerosis ?,when to contact a medical professional
Do I need to see a doctor for Liver spots ?,when to contact a medical professional
Do I need to see a doctor for Benign positional vertigo - aftercare ?,when to contact a medical professional
Do I need to see a doctor for Speech disorders - children ?,when to contact a medical professional
Do I need to see a doctor for Acne - self-care ?,when to contact a medical professional
Do I need to see a doctor for Meatal stenosis ?,when to contact a medical professional
Do I need to see a doctor for Cellulitis ?,when to contact a medical professional
Do I need to see a doctor for Nocardia infection ?,when to contact a medical professional
Do I need to see a doctor for Parainfluenza ?,when to contact a medical professional
Do I need to see a doctor for Hemochromatosis ?,when to contact a medical professional
Do I need to see a doctor for Interstitial keratitis ?,when to contact a medical professional
Do I need to see a doctor for Heart failure - overview ?,when to contact a medical professional
Do I need to see a doctor for Autonomic hyperreflexia ?,when to contact a medical professional
Do I need to see a doctor for Meningitis ?,when to contact a medical professional
Do I need to see a doctor for Thromboangiitis obliterans ?,when to contact a medical professional
Do I need to see a doctor for Retinal vein occlusion ?,when to contact a medical professional
Do I need to see a doctor for Contact dermatitis ?,when to contact a medical professional
Do I need to see a doctor for Radial head fracture - aftercare ?,when to contact a medical professional
Do I need to see a doctor for Intertrigo ?,when to contact a medical professional
Do I need to see a doctor for Plantar fasciitis ?,when to contact a medical professional
Do I need to see a doctor for Developmental reading disorder ?,when to contact a medical professional
Do I need to see a doctor for Aspirin and heart disease ?,when to contact a medical professional
Do I need to see a doctor for Shock ?,when to contact a medical professional
Do I need to see a doctor for Rheumatic fever ?,when to contact a medical professional
Do I need to see a doctor for Otosclerosis ?,when to contact a medical professional
Do I need to see a doctor for Spasticity ?,when to contact a medical professional
Do I need to see a doctor for Eclampsia ?,when to contact a medical professional
Do I need to see a doctor for Exogenous Cushing syndrome ?,when to contact a medical professional
Do I need to see a doctor for Hantavirus ?,when to contact a medical professional
Do I need to see a doctor for How to avoid overheating during exercise ?,when to contact a medical professional
Do I need to see a doctor for Tracheomalacia - congenital ?,when to contact a medical professional
Do I need to see a doctor for Mastoiditis ?,when to contact a medical professional
Do I need to see a doctor for Brain aneurysm repair - discharge ?,when to contact a medical professional
Do I need to see a doctor for Chemosis ?,when to contact a medical professional
Do I need to see a doctor for Neck pain or spasms - self care ?,when to contact a medical professional
Do I need to see a doctor for Arthritis ?,when to contact a medical professional
Do I need to see a doctor for Borderline personality disorder ?,when to contact a medical professional
Do I need to see a doctor for Electrical injury ?,when to contact a medical professional
Do I need to see a doctor for Neuralgia ?,when to contact a medical professional
Do I need to see a doctor for Barbiturate intoxication and overdose ?,when to contact a medical professional
Do I need to see a doctor for Lung cancer - non-small cell ?,when to contact a medical professional
Do I need to see a doctor for Neurofibromatosis-1 ?,when to contact a medical professional
Do I need to see a doctor for Acute myeloid leukemia ?,when to contact a medical professional
Do I need to see a doctor for Bruxism ?,when to contact a medical professional
Do I need to see a doctor for Xeroderma pigmentosum ?,when to contact a medical professional
Do I need to see a doctor for Hepatocerebral degeneration ?,when to contact a medical professional
Do I need to see a doctor for Hyperventilation ?,when to contact a medical professional
Do I need to see a doctor for Anaphylaxis ?,when to contact a medical professional
Do I need to see a doctor for Urinary incontinence ?,when to contact a medical professional
Do I need to see a doctor for Sydenham chorea ?,when to contact a medical professional
Do I need to see a doctor for Wilms tumor ?,when to contact a medical professional
Do I need to see a doctor for Albinism ?,when to contact a medical professional
Do I need to see a doctor for Mitral valve regurgitation ?,when to contact a medical professional
Do I need to see a doctor for Infant reflexes ?,when to contact a medical professional
Do I need to see a doctor for Diabetes - foot ulcers ?,when to contact a medical professional
Do I need to see a doctor for Chronic cholecystitis ?,when to contact a medical professional
Do I need to see a doctor for Acrodysostosis ?,when to contact a medical professional
Do I need to see a doctor for Neuroblastoma ?,when to contact a medical professional
Do I need to see a doctor for Bilateral hydronephrosis ?,when to contact a medical professional
Do I need to see a doctor for Progeria ?,when to contact a medical professional
Do I need to see a doctor for Pupil - white spots ?,when to contact a medical professional
Do I need to see a doctor for Diskitis ?,when to contact a medical professional
Do I need to see a doctor for Vaginal dryness ?,when to contact a medical professional
Do I need to see a doctor for Delayed growth ?,when to contact a medical professional
Do I need to see a doctor for Nasal septal hematoma ?,when to contact a medical professional
Do I need to see a doctor for Osteomalacia ?,when to contact a medical professional
Do I need to see a doctor for Testicle lump ?,when to contact a medical professional
Do I need to see a doctor for Burkitt lymphoma ?,when to contact a medical professional
Do I need to see a doctor for Claw foot ?,when to contact a medical professional
Do I need to see a doctor for Sarcoidosis ?,when to contact a medical professional
Do I need to see a doctor for Primary thrombocythemia ?,when to contact a medical professional
Do I need to see a doctor for Campylobacter infection ?,when to contact a medical professional
Do I need to see a doctor for Adrenocortical carcinoma ?,when to contact a medical professional
Do I need to see a doctor for Lacerations - liquid bandage ?,when to contact a medical professional
Do I need to see a doctor for Polydactyly ?,when to contact a medical professional
Do I need to see a doctor for Cryptosporidium enteritis ?,when to contact a medical professional
Do I need to see a doctor for Psoriatic arthritis ?,when to contact a medical professional
Do I need to see a doctor for Bone tumor ?,when to contact a medical professional
Do I need to see a doctor for Preeclampsia ?,when to contact a medical professional
Do I need to see a doctor for Bassen-Kornzweig syndrome ?,when to contact a medical professional
Do I need to see a doctor for Thrombotic thrombocytopenic purpura ?,when to contact a medical professional
Do I need to see a doctor for Basal cell skin cancer ?,when to contact a medical professional
Do I need to see a doctor for Cancer ?,when to contact a medical professional
Do I need to see a doctor for Rubella ?,when to contact a medical professional
Do I need to see a doctor for Tension headache ?,when to contact a medical professional
Do I need to see a doctor for Choanal atresia ?,when to contact a medical professional
Do I need to see a doctor for Low magnesium level ?,when to contact a medical professional
Do I need to see a doctor for Marijuana intoxication ?,when to contact a medical professional
Do I need to see a doctor for Contracture deformity ?,when to contact a medical professional
Do I need to see a doctor for Roseola ?,when to contact a medical professional
Do I need to see a doctor for Horner syndrome ?,when to contact a medical professional
Do I need to see a doctor for Glomus tympanum tumor ?,when to contact a medical professional
Do I need to see a doctor for Rashes ?,when to contact a medical professional
Do I need to see a doctor for Double outlet right ventricle ?,when to contact a medical professional
Do I need to see a doctor for Osgood-Schlatter disease ?,when to contact a medical professional
Do I need to see a doctor for Avoidant personality disorder ?,when to contact a medical professional
Do I need to see a doctor for Periorbital cellulitis ?,when to contact a medical professional
Do I need to see a doctor for Radiation enteritis ?,when to contact a medical professional
Do I need to see a doctor for Tendinitis ?,when to contact a medical professional
Do I need to see a doctor for Orbital cellulitis ?,when to contact a medical professional
Do I need to see a doctor for Aural polyps ?,when to contact a medical professional
Do I need to see a doctor for Living with uterine fibroids ?,when to contact a medical professional
Do I need to see a doctor for Hemodialysis access - self care ?,when to contact a medical professional
Do I need to see a doctor for ABO incompatibility ?,when to contact a medical professional
Do I need to see a doctor for Sterile technique ?,when to contact a medical professional
Do I need to see a doctor for Subcutaneous emphysema ?,when to contact a medical professional
Do I need to see a doctor for Hypothalamic dysfunction ?,when to contact a medical professional
Do I need to see a doctor for Ear infection - acute ?,when to contact a medical professional
Do I need to see a doctor for Presbyopia ?,when to contact a medical professional
Do I need to see a doctor for Multiple endocrine neoplasia (MEN) I ?,when to contact a medical professional
Do I need to see a doctor for Secondary systemic amyloidosis ?,when to contact a medical professional
Do I need to see a doctor for Cavernous sinus thrombosis ?,when to contact a medical professional
Do I need to see a doctor for Fever ?,when to contact a medical professional
Do I need to see a doctor for Headaches - danger signs ?,when to contact a medical professional
Do I need to see a doctor for Shingles ?,when to contact a medical professional
Do I need to see a doctor for Ventricular septal defect ?,when to contact a medical professional
Do I need to see a doctor for Malocclusion of teeth ?,when to contact a medical professional
Do I need to see a doctor for Venous insufficiency ?,when to contact a medical professional
Do I need to see a doctor for Proctitis ?,when to contact a medical professional
Do I need to see a doctor for Digitalis toxicity ?,when to contact a medical professional
Do I need to see a doctor for Fainting ?,when to contact a medical professional
Do I need to see a doctor for Intestinal pseudo-obstruction ?,when to contact a medical professional
Do I need to see a doctor for Vitiligo ?,when to contact a medical professional
Do I need to see a doctor for Primary biliary cirrhosis ?,when to contact a medical professional
Do I need to see a doctor for Gallstones - discharge ?,when to contact a medical professional
Do I need to see a doctor for Tularemia ?,when to contact a medical professional
Do I need to see a doctor for Bulimia ?,when to contact a medical professional
Do I need to see a doctor for Malignant otitis externa ?,when to contact a medical professional
Do I need to see a doctor for Hyperactivity ?,when to contact a medical professional
Do I need to see a doctor for Trisomy 18 ?,when to contact a medical professional
Do I need to see a doctor for Kwashiorkor ?,when to contact a medical professional
Do I need to see a doctor for TMJ disorders ?,when to contact a medical professional
Do I need to see a doctor for Factor VII deficiency ?,when to contact a medical professional
Do I need to see a doctor for Anemia - B12 deficiency ?,when to contact a medical professional
Do I need to see a doctor for Fluid imbalance ?,when to contact a medical professional
Do I need to see a doctor for Familial Mediterranean fever ?,when to contact a medical professional
Do I need to see a doctor for Stork bite ?,when to contact a medical professional
Do I need to see a doctor for Congenital syphilis ?,when to contact a medical professional
Do I need to see a doctor for Ovarian cysts ?,when to contact a medical professional
Do I need to see a doctor for Vernal conjunctivitis ?,when to contact a medical professional
Do I need to see a doctor for Acrodermatitis ?,when to contact a medical professional
Do I need to see a doctor for Diphtheria ?,when to contact a medical professional
Do I need to see a doctor for Anterior knee pain ?,when to contact a medical professional
Do I need to see a doctor for Renal vein thrombosis ?,when to contact a medical professional
Do I need to see a doctor for Groin pain ?,when to contact a medical professional
Do I need to see a doctor for Tinea versicolor ?,when to contact a medical professional
Do I need to see a doctor for Juvenile angiofibroma ?,when to contact a medical professional
Do I need to see a doctor for Help your teen cope with stress ?,when to contact a medical professional
Do I need to see a doctor for Lung cancer - small cell ?,when to contact a medical professional
Do I need to see a doctor for Dermatomyositis ?,when to contact a medical professional
Do I need to see a doctor for Hyperhidrosis ?,when to contact a medical professional
Do I need to see a doctor for Pancreatic abscess ?,when to contact a medical professional
Do I need to see a doctor for Hand-foot-mouth disease ?,when to contact a medical professional
Do I need to see a doctor for Renal papillary necrosis ?,when to contact a medical professional
Do I need to see a doctor for Fussy or irritable child ?,when to contact a medical professional
Do I need to see a doctor for Hip flexor strain - aftercare ?,when to contact a medical professional
Do I need to see a doctor for Paranoid personality disorder ?,when to contact a medical professional
Do I need to see a doctor for Facial swelling ?,when to contact a medical professional
Do I need to see a doctor for Thoracic aortic aneurysm ?,when to contact a medical professional
Do I need to see a doctor for Hammer toe ?,when to contact a medical professional
Do I need to see a doctor for Trachoma ?,when to contact a medical professional
Do I need to see a doctor for Urinary incontinence surgery - female - discharge ?,when to contact a medical professional
Do I need to see a doctor for Conversion disorder ?,when to contact a medical professional
Do I need to see a doctor for Boils ?,when to contact a medical professional
Do I need to see a doctor for Neonatal respiratory distress syndrome ?,when to contact a medical professional
Do I need to see a doctor for Chronic lymphocytic leukemia (CLL) ?,when to contact a medical professional
Do I need to see a doctor for Nevoid basal cell carcinoma syndrome ?,when to contact a medical professional
Do I need to see a doctor for Hepatic vein obstruction (Budd-Chiari) ?,when to contact a medical professional
Do I need to see a doctor for Mumps ?,when to contact a medical professional
Do I need to see a doctor for Short philtrum ?,when to contact a medical professional
Do I need to see a doctor for Premature ejaculation ?,when to contact a medical professional
Do I need to see a doctor for Subareolar abscess ?,when to contact a medical professional
Do I need to see a doctor for Brachial plexopathy ?,when to contact a medical professional
Do I need to see a doctor for Nystagmus ?,when to contact a medical professional
Do I need to see a doctor for Hypervitaminosis A ?,when to contact a medical professional
Do I need to see a doctor for How to avoid exercise injuries ?,when to contact a medical professional
Do I need to see a doctor for Brain tumor - primary - adults ?,when to contact a medical professional
Do I need to see a doctor for Glossitis ?,when to contact a medical professional
Do I need to see a doctor for Ear tag ?,when to contact a medical professional
Do I need to see a doctor for Peritonitis - secondary ?,when to contact a medical professional
Do I need to see a doctor for Salivary gland infections ?,when to contact a medical professional
Do I need to see a doctor for Hydrocele ?,when to contact a medical professional
Do I need to see a doctor for Membranoproliferative glomerulonephritis ?,when to contact a medical professional
Do I need to see a doctor for Breath odor ?,when to contact a medical professional
Do I need to see a doctor for Ureterocele ?,when to contact a medical professional
Do I need to see a doctor for Disorder of written expression ?,when to contact a medical professional
Do I need to see a doctor for Neonatal sepsis ?,when to contact a medical professional
Do I need to see a doctor for Pulmonary edema ?,when to contact a medical professional
Do I need to see a doctor for Rib fracture - aftercare ?,when to contact a medical professional
Do I need to see a doctor for Leg amputation - discharge ?,when to contact a medical professional
Do I need to see a doctor for Acanthosis nigricans ?,when to contact a medical professional
Do I need to see a doctor for Reye syndrome ?,when to contact a medical professional
Do I need to see a doctor for Chickenpox ?,when to contact a medical professional
Do I need to see a doctor for Pelvic inflammatory disease (PID) - aftercare ?,when to contact a medical professional
Do I need to see a doctor for Food allergy ?,when to contact a medical professional
Do I need to see a doctor for Gastroesophageal reflux in infants ?,when to contact a medical professional
Do I need to see a doctor for Lump in the abdomen ?,when to contact a medical professional
Do I need to see a doctor for Absent pulmonary valve ?,when to contact a medical professional
Do I need to see a doctor for Apraxia ?,when to contact a medical professional
Do I need to see a doctor for Fibromyalgia ?,when to contact a medical professional
Do I need to see a doctor for Liver metastases ?,when to contact a medical professional
Do I need to see a doctor for Frequent or urgent urination ?,when to contact a medical professional
Do I need to see a doctor for Foot sprain - aftercare ?,when to contact a medical professional
Do I need to see a doctor for Acute cytomegalovirus (CMV) infection ?,when to contact a medical professional
Do I need to see a doctor for Prolactinoma ?,when to contact a medical professional
Do I need to see a doctor for Graves disease ?,when to contact a medical professional
Do I need to see a doctor for Lesch-Nyhan syndrome ?,when to contact a medical professional
Do I need to see a doctor for Pulmonary valve stenosis ?,when to contact a medical professional
Do I need to see a doctor for Breast lump ?,when to contact a medical professional
Do I need to see a doctor for Increased head circumference ?,when to contact a medical professional
Do I need to see a doctor for Chylomicronemia syndrome ?,when to contact a medical professional
Do I need to see a doctor for Raynaud phenomenon ?,when to contact a medical professional
Do I need to see a doctor for Testicle pain ?,when to contact a medical professional
Do I need to see a doctor for Glucose-6-phosphate dehydrogenase deficiency ?,when to contact a medical professional
Do I need to see a doctor for Separation anxiety in children ?,when to contact a medical professional
Do I need to see a doctor for Torticollis ?,when to contact a medical professional
Do I need to see a doctor for Stools - pale or clay-colored ?,when to contact a medical professional
Do I need to see a doctor for Charcot-Marie-Tooth disease ?,when to contact a medical professional
Do I need to see a doctor for Muscle twitching ?,when to contact a medical professional
Do I need to see a doctor for Treacher Collins syndrome ?,when to contact a medical professional
Do I need to see a doctor for Gonococcal arthritis ?,when to contact a medical professional
Do I need to see a doctor for Intussusception - children ?,when to contact a medical professional
Do I need to see a doctor for Hyperelastic skin ?,when to contact a medical professional
Do I need to see a doctor for Pyogenic granuloma ?,when to contact a medical professional
Do I need to see a doctor for Low potassium level ?,when to contact a medical professional
Do I need to see a doctor for Thyroid storm ?,when to contact a medical professional
Do I need to see a doctor for High blood pressure and eye disease ?,when to contact a medical professional
Do I need to see a doctor for Meckel's diverticulum ?,when to contact a medical professional
Do I need to see a doctor for Spinal muscular atrophy ?,when to contact a medical professional
Do I need to see a doctor for Pellagra ?,when to contact a medical professional
Do I need to see a doctor for Plague ?,when to contact a medical professional
Do I need to see a doctor for Ellis-van Creveld syndrome ?,when to contact a medical professional
Do I need to see a doctor for Abdominal aortic aneurysm ?,when to contact a medical professional
Do I need to see a doctor for Gestational diabetes - self-care ?,when to contact a medical professional
Do I need to see a doctor for Acute adrenal crisis ?,when to contact a medical professional
Do I need to see a doctor for Cardiac amyloidosis ?,when to contact a medical professional
Do I need to see a doctor for Major depression ?,when to contact a medical professional
Do I need to see a doctor for Point tenderness - abdomen ?,when to contact a medical professional
Do I need to see a doctor for Cystic hygroma ?,when to contact a medical professional
Do I need to see a doctor for Breast infection ?,when to contact a medical professional
Do I need to see a doctor for Epidural hematoma ?,when to contact a medical professional
Do I need to see a doctor for Intestinal or bowel obstruction - discharge ?,when to contact a medical professional
Do I need to see a doctor for Attention deficit hyperactivity disorder ?,when to contact a medical professional
Do I need to see a doctor for Anti-reflux surgery - discharge ?,when to contact a medical professional
Do I need to see a doctor for Schizotypal personality disorder ?,when to contact a medical professional
Do I need to see a doctor for Ulcerative colitis ?,when to contact a medical professional
Do I need to see a doctor for Joint pain ?,when to contact a medical professional
Do I need to see a doctor for Renal cell carcinoma ?,when to contact a medical professional
Do I need to see a doctor for Intraventricular hemorrhage of the newborn ?,when to contact a medical professional
Do I need to see a doctor for Limb-girdle muscular dystrophies ?,when to contact a medical professional
Do I need to see a doctor for Tinea capitis ?,when to contact a medical professional
Do I need to see a doctor for Chronic obstructive pulmonary disease - adults - discharge ?,when to contact a medical professional
Do I need to see a doctor for Uterine sarcoma ?,when to contact a medical professional
Do I need to see a doctor for Insect bites and stings ?,when to contact a medical professional
Do I need to see a doctor for Bartter syndrome ?,when to contact a medical professional
Do I need to see a doctor for Chronic granulomatous disease ?,when to contact a medical professional
Do I need to see a doctor for Uveitis ?,when to contact a medical professional
Do I need to see a doctor for Myelomeningocele ?,when to contact a medical professional
Do I need to see a doctor for Hand or foot spasms ?,when to contact a medical professional
Do I need to see a doctor for Pyogenic liver abscess ?,when to contact a medical professional
Do I need to see a doctor for Esophageal stricture - benign ?,when to contact a medical professional
Do I need to see a doctor for Fuchs dystrophy ?,when to contact a medical professional
Do I need to see a doctor for Living with endometriosis ?,when to contact a medical professional
Do I need to see a doctor for Alcohol withdrawal ?,when to contact a medical professional
Do I need to see a doctor for Hemolytic-uremic syndrome ?,when to contact a medical professional
Do I need to see a doctor for Abdominal bloating ?,when to contact a medical professional
Do I need to see a doctor for Breathing difficulty - lying down ?,when to contact a medical professional
Do I need to see a doctor for Neck lump ?,when to contact a medical professional
Do I need to see a doctor for Creutzfeldt-Jakob disease ?,when to contact a medical professional
Do I need to see a doctor for Astigmatism ?,when to contact a medical professional
Do I need to see a doctor for Pinna abnormalities and low-set ears ?,when to contact a medical professional
Do I need to see a doctor for Eye burning - itching and discharge ?,when to contact a medical professional
Do I need to see a doctor for Allergic rhinitis - self-care ?,when to contact a medical professional
Do I need to see a doctor for Q fever ?,when to contact a medical professional
Do I need to see a doctor for Gastrointestinal fistula ?,when to contact a medical professional
Do I need to see a doctor for Neonatal hypothyroidism ?,when to contact a medical professional
Do I need to see a doctor for Substance use - amphetamines ?,when to contact a medical professional
Do I need to see a doctor for Melanoma ?,when to contact a medical professional
Do I need to see a doctor for Scleritis ?,when to contact a medical professional
Do I need to see a doctor for Polycystic ovary syndrome ?,when to contact a medical professional
Do I need to see a doctor for Central pontine myelinolysis ?,when to contact a medical professional
Do I need to see a doctor for Aplastic anemia ?,when to contact a medical professional
Do I need to see a doctor for Neurodegeneration with brain iron accumulation (NBIA) ?,when to contact a medical professional
Do I need to see a doctor for Gums - swollen ?,when to contact a medical professional
Do I need to see a doctor for Type 2 diabetes ?,when to contact a medical professional
Do I need to see a doctor for Sebaceous cyst ?,when to contact a medical professional
Do I need to see a doctor for Botulism ?,when to contact a medical professional
Do I need to see a doctor for Ectopic pregnancy ?,when to contact a medical professional
Do I need to see a doctor for Painful swallowing ?,when to contact a medical professional
Do I need to see a doctor for Strains ?,when to contact a medical professional
Do I need to see a doctor for Medial epicondylitis - golfer's elbow ?,when to contact a medical professional
Do I need to see a doctor for Scleroderma ?,when to contact a medical professional
Do I need to see a doctor for Peripheral artery disease of the legs - self-care ?,when to contact a medical professional
Do I need to see a doctor for Spider angioma ?,when to contact a medical professional
Do I need to see a doctor for Toxic synovitis ?,when to contact a medical professional
Do I need to see a doctor for Swollen lymph nodes ?,when to contact a medical professional
Do I need to see a doctor for Groin lump ?,when to contact a medical professional
Do I need to see a doctor for Achalasia ?,when to contact a medical professional
Do I need to see a doctor for Lordosis ?,when to contact a medical professional
Do I need to see a doctor for Knee joint replacement - discharge ?,when to contact a medical professional
Do I need to see a doctor for Cardiac arrest ?,when to contact a medical professional
Do I need to see a doctor for Amaurosis fugax ?,when to contact a medical professional
Do I need to see a doctor for Intercostal retractions ?,when to contact a medical professional
Do I need to see a doctor for Epiglottitis ?,when to contact a medical professional
Do I need to see a doctor for When you have nausea and vomiting ?,when to contact a medical professional
Do I need to see a doctor for Chronic motor tic disorder ?,when to contact a medical professional
Do I need to see a doctor for Leishmaniasis ?,when to contact a medical professional
Do I need to see a doctor for Male pattern baldness ?,when to contact a medical professional
Do I need to see a doctor for Bladder cancer ?,when to contact a medical professional
Do I need to see a doctor for Hallucinations ?,when to contact a medical professional
Do I need to see a doctor for Infertility ?,when to contact a medical professional
Do I need to see a doctor for Acute pancreatitis ?,when to contact a medical professional
Do I need to see a doctor for Gangrene ?,when to contact a medical professional
Do I need to see a doctor for Retinal artery occlusion ?,when to contact a medical professional
Do I need to see a doctor for Cystitis - acute ?,when to contact a medical professional
Do I need to see a doctor for Blindness and vision loss ?,when to contact a medical professional
Do I need to see a doctor for Adenomyosis ?,when to contact a medical professional
Do I need to see a doctor for Meningitis - cryptococcal ?,when to contact a medical professional
Do I need to see a doctor for Lichen planus ?,when to contact a medical professional
Do I need to see a doctor for Ebola virus disease ?,when to contact a medical professional
Do I need to see a doctor for Pancreatic pseudocyst ?,when to contact a medical professional
Do I need to see a doctor for Neuronal ceroid lipofuscinoses (NCLS) ?,when to contact a medical professional
Do I need to see a doctor for Heart failure - discharge ?,when to contact a medical professional
Do I need to see a doctor for Rhabdomyolysis ?,when to contact a medical professional
Do I need to see a doctor for Congenital toxoplasmosis ?,when to contact a medical professional
Do I need to see a doctor for Skin abscess ?,when to contact a medical professional
Do I need to see a doctor for Alcoholic liver disease ?,when to contact a medical professional
Do I need to see a doctor for Transient familial hyperbilirubinemia ?,when to contact a medical professional
Do I need to see a doctor for Ramsay Hunt syndrome ?,when to contact a medical professional
Do I need to see a doctor for Agammaglobulinemia ?,when to contact a medical professional
Do I need to see a doctor for Port-wine stain ?,when to contact a medical professional
Do I need to see a doctor for Achondrogenesis ?,when to contact a medical professional
Do I need to see a doctor for Tenesmus ?,when to contact a medical professional
Do I need to see a doctor for Patent ductus arteriosus ?,when to contact a medical professional
Do I need to see a doctor for Coarctation of the aorta ?,when to contact a medical professional
Do I need to see a doctor for Neuropathy secondary to drugs ?,when to contact a medical professional
Do I need to see a doctor for Birthmarks - red ?,when to contact a medical professional
Do I need to see a doctor for Low white blood cell count and cancer ?,when to contact a medical professional
Do I need to see a doctor for Breast cancer ?,when to contact a medical professional
Do I need to see a doctor for Allergic reactions ?,when to contact a medical professional
Do I need to see a doctor for Williams syndrome ?,when to contact a medical professional
Do I need to see a doctor for Scheie syndrome ?,when to contact a medical professional
Do I need to see a doctor for Muscular dystrophy ?,when to contact a medical professional
Do I need to see a doctor for Irritable bowel syndrome - aftercare ?,when to contact a medical professional
Do I need to see a doctor for Eye redness ?,when to contact a medical professional
Do I need to see a doctor for Low back pain - chronic ?,when to contact a medical professional
Do I need to see a doctor for Dehydration ?,when to contact a medical professional
Do I need to see a doctor for Bowel incontinence ?,when to contact a medical professional
Do I need to see a doctor for Typhoid fever ?,when to contact a medical professional
Do I need to see a doctor for Lactose intolerance ?,when to contact a medical professional
Do I need to see a doctor for Cryptococcosis ?,when to contact a medical professional
Do I need to see a doctor for Ectopic heartbeat ?,when to contact a medical professional
Do I need to see a doctor for Cystic fibrosis ?,when to contact a medical professional
Do I need to see a doctor for Belching ?,when to contact a medical professional
Do I need to see a doctor for Prostate cancer ?,when to contact a medical professional
Do I need to see a doctor for Chemical pneumonitis ?,when to contact a medical professional
Do I need to see a doctor for Gastroschisis ?,when to contact a medical professional
Do I need to see a doctor for Skull fracture ?,when to contact a medical professional
Do I need to see a doctor for Transposition of the great vessels ?,when to contact a medical professional
Do I need to see a doctor for Craniotabes ?,when to contact a medical professional
Do I need to see a doctor for Unstable angina ?,when to contact a medical professional
Do I need to see a doctor for Biliary atresia ?,when to contact a medical professional
Do I need to see a doctor for Cluster headache ?,when to contact a medical professional
Do I need to see a doctor for Thyroid cancer ?,when to contact a medical professional
Do I need to see a doctor for UPJ obstruction ?,when to contact a medical professional
Do I need to see a doctor for Piriformis syndrome ?,when to contact a medical professional
Do I need to see a doctor for Hepatitis C - children ?,when to contact a medical professional
Do I need to see a doctor for Maple syrup urine disease ?,when to contact a medical professional
Do I need to see a doctor for Necrotizing enterocolitis ?,when to contact a medical professional
Do I need to see a doctor for Hiccups ?,when to contact a medical professional
Do I need to see a doctor for Diabetic ketoacidosis ?,when to contact a medical professional
Do I need to see a doctor for Cradle cap ?,when to contact a medical professional
Do I need to see a doctor for Pericarditis - constrictive ?,when to contact a medical professional
Do I need to see a doctor for Heart block ?,when to contact a medical professional
Do I need to see a doctor for Facioscapulohumeral muscular dystrophy ?,when to contact a medical professional
Do I need to see a doctor for Depression - overview ?,when to contact a medical professional
Do I need to see a doctor for Hairy cell leukemia ?,when to contact a medical professional
Do I need to see a doctor for Birthmarks - pigmented ?,when to contact a medical professional
Do I need to see a doctor for Chlamydia infections in women ?,when to contact a medical professional
Do I need to see a doctor for Tetralogy of Fallot ?,when to contact a medical professional
Do I need to see a doctor for Conjunctivitis ?,when to contact a medical professional
Do I need to see a doctor for Mouth sores ?,when to contact a medical professional
Do I need to see a doctor for Cataract - adult ?,when to contact a medical professional
Do I need to see a doctor for Nephrotic syndrome ?,when to contact a medical professional
Do I need to see a doctor for Actinomycosis ?,when to contact a medical professional
Do I need to see a doctor for Febrile seizures ?,when to contact a medical professional
Do I need to see a doctor for Ear infection - chronic ?,when to contact a medical professional
Do I need to see a doctor for Perioral dermatitis ?,when to contact a medical professional
Do I need to see a doctor for Beriberi ?,when to contact a medical professional
Do I need to see a doctor for Immune hemolytic anemia ?,when to contact a medical professional
Do I need to see a doctor for Facial trauma ?,when to contact a medical professional
Do I need to see a doctor for Nummular eczema ?,when to contact a medical professional
Do I need to see a doctor for Deep venous thrombosis ?,when to contact a medical professional
Do I need to see a doctor for Liver cancer - hepatocellular carcinoma ?,when to contact a medical professional
Do I need to see a doctor for Deep vein thrombosis - discharge ?,when to contact a medical professional
Do I need to see a doctor for Hyperimmunoglobulin E syndrome ?,when to contact a medical professional
Do I need to see a doctor for Caput succedaneum ?,when to contact a medical professional
Do I need to see a doctor for Ascariasis ?,when to contact a medical professional
Do I need to see a doctor for Weight gain after quitting smoking: What to do ?,when to contact a medical professional
Do I need to see a doctor for Diaphragmatic hernia ?,when to contact a medical professional
Do I need to see a doctor for Biliary stricture ?,when to contact a medical professional
Do I need to see a doctor for Catheter-related UTI ?,when to contact a medical professional
Do I need to see a doctor for When you have diarrhea ?,when to contact a medical professional
Do I need to see a doctor for Peritonitis ?,when to contact a medical professional
Do I need to see a doctor for Malignant teratoma ?,when to contact a medical professional
Do I need to see a doctor for Tenosynovitis ?,when to contact a medical professional
Do I need to see a doctor for Atopic dermatitis - self-care ?,when to contact a medical professional
Do I need to see a doctor for Substance use disorder ?,when to contact a medical professional
Do I need to see a doctor for Periodontitis ?,when to contact a medical professional
Do I need to see a doctor for Leg pain ?,when to contact a medical professional
Do I need to see a doctor for Microcephaly ?,when to contact a medical professional
Do I need to see a doctor for Episcleritis ?,when to contact a medical professional
Do I need to see a doctor for Blount disease ?,when to contact a medical professional
Do I need to see a doctor for Cancer and lymph nodes ?,when to contact a medical professional
Do I need to see a doctor for Bullous pemphigoid ?,when to contact a medical professional
Do I need to see a doctor for Diabetes - low blood sugar - self-care ?,when to contact a medical professional
Do I need to see a doctor for Mosaicism ?,when to contact a medical professional
Do I need to see a doctor for Malabsorption ?,when to contact a medical professional
Do I need to see a doctor for Tremor - self-care ?,when to contact a medical professional
Do I need to see a doctor for Neurosarcoidosis ?,when to contact a medical professional
Do I need to see a doctor for Failure to thrive ?,when to contact a medical professional
Do I need to see a doctor for Blocked tear duct ?,when to contact a medical professional
Do I need to see a doctor for Coronary artery spasm ?,when to contact a medical professional
Do I need to see a doctor for Carcinoid syndrome ?,when to contact a medical professional
Do I need to see a doctor for Growth hormone deficiency - children ?,when to contact a medical professional
Do I need to see a doctor for Vision - night blindness ?,when to contact a medical professional
Do I need to see a doctor for Pancreatic islet cell tumor ?,when to contact a medical professional
Do I need to see a doctor for Ruptured eardrum ?,when to contact a medical professional
Do I need to see a doctor for Typhus ?,when to contact a medical professional
Do I need to see a doctor for Collateral ligament (CL) injury - aftercare ?,when to contact a medical professional
Do I need to see a doctor for Idiopathic thrombocytopenic purpura (ITP) ?,when to contact a medical professional
Do I need to see a doctor for Annular pancreas ?,when to contact a medical professional
Do I need to see a doctor for Corneal ulcers and infections ?,when to contact a medical professional
Do I need to see a doctor for Snake bites ?,when to contact a medical professional
Do I need to see a doctor for Nephrocalcinosis ?,when to contact a medical professional
Do I need to see a doctor for Confusion ?,when to contact a medical professional
Do I need to see a doctor for Wolff-Parkinson-White syndrome ?,when to contact a medical professional
Do I need to see a doctor for Laryngitis ?,when to contact a medical professional
Do I need to see a doctor for Enlarged adenoids ?,when to contact a medical professional
Do I need to see a doctor for Blood in the semen ?,when to contact a medical professional
Do I need to see a doctor for Cat-scratch disease ?,when to contact a medical professional
Do I need to see a doctor for Facial tics ?,when to contact a medical professional
Do I need to see a doctor for Esophagitis - infectious ?,when to contact a medical professional
Do I need to see a doctor for Intrauterine growth restriction ?,when to contact a medical professional
Do I need to see a doctor for Obstructive sleep apnea - adults ?,when to contact a medical professional
Do I need to see a doctor for Loss of brain function - liver disease ?,when to contact a medical professional
Do I need to see a doctor for Chinese restaurant syndrome ?,when to contact a medical professional
Do I need to see a doctor for Metabolic acidosis ?,when to contact a medical professional
Do I need to see a doctor for Chemical burn or reaction ?,when to contact a medical professional
Do I need to see a doctor for Urethritis ?,when to contact a medical professional
Do I need to see a doctor for Pectus carinatum ?,when to contact a medical professional
Do I need to see a doctor for Shin splints - self-care ?,when to contact a medical professional
Do I need to see a doctor for Skin lumps ?,when to contact a medical professional
Do I need to see a doctor for Apert syndrome ?,when to contact a medical professional
Do I need to see a doctor for Syphilis - primary ?,when to contact a medical professional
Do I need to see a doctor for Pulmonary nocardiosis ?,when to contact a medical professional
Do I need to see a doctor for Ehrlichiosis ?,when to contact a medical professional
Do I need to see a doctor for Urethral stricture ?,when to contact a medical professional
Do I need to see a doctor for Bone pain or tenderness ?,when to contact a medical professional
Do I need to see a doctor for Group B streptococcal septicemia of the newborn ?,when to contact a medical professional
Do I need to see a doctor for Cor pulmonale ?,when to contact a medical professional
Do I need to see a doctor for Xanthoma ?,when to contact a medical professional
Do I need to see a doctor for Dementia due to metabolic causes ?,when to contact a medical professional
Do I need to see a doctor for Depression - older adults ?,when to contact a medical professional
Do I need to see a doctor for Non-Hodgkin lymphoma ?,when to contact a medical professional
Do I need to see a doctor for Hemophilia A ?,when to contact a medical professional
Do I need to see a doctor for Cerebral hypoxia ?,when to contact a medical professional
Do I need to see a doctor for Human bites - self-care ?,when to contact a medical professional
Do I need to see a doctor for Schizophrenia ?,when to contact a medical professional
Do I need to see a doctor for Varicose veins and venous insufficiency ?,when to contact a medical professional
Do I need to see a doctor for Hives ?,when to contact a medical professional
Do I need to see a doctor for Glomus jugulare tumor ?,when to contact a medical professional
Do I need to see a doctor for Leukoplakia ?,when to contact a medical professional
Do I need to see a doctor for Morquio syndrome ?,when to contact a medical professional
Do I need to see a doctor for Normal pressure hydrocephalus ?,when to contact a medical professional
Do I need to see a doctor for Pulmonary tuberculosis ?,when to contact a medical professional
Do I need to see a doctor for Insulinoma ?,when to contact a medical professional
Do I need to see a doctor for Chronic fatigue syndrome ?,when to contact a medical professional
Do I need to see a doctor for Cervical dysplasia ?,when to contact a medical professional
Do I need to see a doctor for Retinoblastoma ?,when to contact a medical professional
Do I need to see a doctor for Croup ?,when to contact a medical professional
Do I need to see a doctor for Pulmonary alveolar proteinosis ?,when to contact a medical professional
Do I need to see a doctor for Ethylene glycol poisoning ?,when to contact a medical professional
Do I need to see a doctor for Hypersensitivity pneumonitis ?,when to contact a medical professional
Do I need to see a doctor for Brain abscess ?,when to contact a medical professional
Do I need to see a doctor for Graft-versus-host disease ?,when to contact a medical professional
Do I need to see a doctor for Testicular torsion ?,when to contact a medical professional
Do I need to see a doctor for Myocarditis ?,when to contact a medical professional
Do I need to see a doctor for Urination - painful ?,when to contact a medical professional
Do I need to see a doctor for Frostbite ?,when to contact a medical professional
Do I need to see a doctor for Substance use - marijuana ?,when to contact a medical professional
Do I need to see a doctor for Hip pain ?,when to contact a medical professional
Do I need to see a doctor for Cranial mononeuropathy VI ?,when to contact a medical professional
Do I need to see a doctor for Pernicious anemia ?,when to contact a medical professional
Do I need to see a doctor for Obsessive-compulsive disorder ?,when to contact a medical professional
Do I need to see a doctor for Diabetes - when you are sick ?,when to contact a medical professional
Do I need to see a doctor for Sudden infant death syndrome ?,when to contact a medical professional
Do I need to see a doctor for Postpartum depression ?,when to contact a medical professional
Do I need to see a doctor for How wounds heal ?,when to contact a medical professional
Do I need to see a doctor for COPD flare-ups ?,when to contact a medical professional
Do I need to see a doctor for Autoimmune hepatitis ?,when to contact a medical professional
Do I need to see a doctor for Hypoplastic left heart syndrome ?,when to contact a medical professional
Do I need to see a doctor for Glucagonoma ?,when to contact a medical professional
Do I need to see a doctor for Placenta previa ?,when to contact a medical professional
Do I need to see a doctor for Break the Bonds of Emotional Eating ?,when to contact a medical professional
Do I need to see a doctor for Cardiogenic shock ?,when to contact a medical professional
Do I need to see a doctor for Epidural abscess ?,when to contact a medical professional
Do I need to see a doctor for Ankle pain ?,when to contact a medical professional
Do I need to see a doctor for Parkinson disease - discharge ?,when to contact a medical professional
Do I need to see a doctor for Paraphimosis ?,when to contact a medical professional
Do I need to see a doctor for Colles wrist fracture  aftercare ?,when to contact a medical professional
Do I need to see a doctor for Neurosyphilis ?,when to contact a medical professional
Do I need to see a doctor for Endometriosis ?,when to contact a medical professional
Do I need to see a doctor for Mallet finger - aftercare ?,when to contact a medical professional
Do I need to see a doctor for Ectodermal dysplasia ?,when to contact a medical professional
Do I need to see a doctor for Septic arthritis ?,when to contact a medical professional
Do I need to see a doctor for Could you have low testosterone? ?,when to contact a medical professional
Do I need to see a doctor for Post-streptococcal glomerulonephritis (GN) ?,when to contact a medical professional
Do I need to see a doctor for Miscarriage - threatened ?,when to contact a medical professional
Do I need to see a doctor for Surgery for pancreatic cancer - discharge ?,when to contact a medical professional
Do I need to see a doctor for Pilonidal dimple ?,when to contact a medical professional
Do I need to see a doctor for Factitious hyperthyroidism ?,when to contact a medical professional
Do I need to see a doctor for Venous ulcers - self-care ?,when to contact a medical professional
Do I need to see a doctor for Autism spectrum disorder ?,when to contact a medical professional
Do I need to see a doctor for Congenital spherocytic anemia ?,when to contact a medical professional
Do I need to see a doctor for Herpetic stomatitis ?,when to contact a medical professional
Do I need to see a doctor for Echinococcus ?,when to contact a medical professional
Do I need to see a doctor for High arch ?,when to contact a medical professional
Do I need to see a doctor for Aspergillosis ?,when to contact a medical professional
Do I need to see a doctor for Pancreas divisum ?,when to contact a medical professional
Do I need to see a doctor for Helping your teen with depression ?,when to contact a medical professional
Do I need to see a doctor for Acne ?,when to contact a medical professional
Do I need to see a doctor for Sciatica ?,when to contact a medical professional
Do I need to see a doctor for Seborrheic keratosis ?,when to contact a medical professional
Do I need to see a doctor for Hemorrhagic disease of the newborn ?,when to contact a medical professional
Do I need to see a doctor for Alcohol use disorder ?,when to contact a medical professional
Do I need to see a doctor for Medullary carcinoma of thyroid ?,when to contact a medical professional
Do I need to see a doctor for Immunodeficiency disorders ?,when to contact a medical professional
Do I need to see a doctor for Umbilical hernia ?,when to contact a medical professional
Do I need to see a doctor for Headache ?,when to contact a medical professional
Do I need to see a doctor for Earlobe creases ?,when to contact a medical professional
Do I need to see a doctor for Krabbe disease ?,when to contact a medical professional
Do I need to see a doctor for Thyrotoxic periodic paralysis ?,when to contact a medical professional
Do I need to see a doctor for Rh incompatibility ?,when to contact a medical professional
Do I need to see a doctor for Infant botulism ?,when to contact a medical professional
Do I need to see a doctor for Insomnia - overview ?,when to contact a medical professional
Do I need to see a doctor for Paroxysmal nocturnal hemoglobinuria (PNH) ?,when to contact a medical professional
Do I need to see a doctor for Appendicitis ?,when to contact a medical professional
Do I need to see a doctor for Intersex ?,when to contact a medical professional
Do I need to see a doctor for Vaginal itching and discharge - Adult and adolescent ?,when to contact a medical professional
Do I need to see a doctor for Distal renal tubular acidosis ?,when to contact a medical professional
Do I need to see a doctor for Kneecap dislocation ?,when to contact a medical professional
Do I need to see a doctor for Wrist pain ?,when to contact a medical professional
Do I need to see a doctor for Aortic dissection ?,when to contact a medical professional
Do I need to see a doctor for Tick paralysis ?,when to contact a medical professional
Do I need to see a doctor for Peripartum cardiomyopathy ?,when to contact a medical professional
Do I need to see a doctor for Urine odor ?,when to contact a medical professional
Do I need to see a doctor for Lymphadenitis ?,when to contact a medical professional
Do I need to see a doctor for High blood pressure ?,when to contact a medical professional
Do I need to see a doctor for Subconjunctival hemorrhage ?,when to contact a medical professional
Do I need to see a doctor for Glomerulonephritis ?,when to contact a medical professional
Do I need to see a doctor for Hypervitaminosis D ?,when to contact a medical professional
Do I need to see a doctor for Hammer toe repair - discharge ?,when to contact a medical professional
Do I need to see a doctor for Lung metastases ?,when to contact a medical professional
Do I need to see a doctor for Vision problems ?,when to contact a medical professional
Do I need to see a doctor for Urinary tract infection - children ?,when to contact a medical professional
Do I need to see a doctor for Erythema toxicum ?,when to contact a medical professional
Do I need to see a doctor for Ankle fracture - aftercare ?,when to contact a medical professional
Do I need to see a doctor for Vascular ring ?,when to contact a medical professional
Do I need to see a doctor for Phlegmasia cerulea dolens ?,when to contact a medical professional
Do I need to see a doctor for Pneumomediastinum ?,when to contact a medical professional
Do I need to see a doctor for Penis pain ?,when to contact a medical professional
Do I need to see a doctor for Oral cancer ?,when to contact a medical professional
Do I need to see a doctor for Essential tremor ?,when to contact a medical professional
Do I need to see a doctor for Spinal cord abscess ?,when to contact a medical professional
Do I need to see a doctor for Noonan syndrome ?,when to contact a medical professional
Do I need to see a doctor for Double aortic arch ?,when to contact a medical professional
Do I need to see a doctor for Asbestosis ?,when to contact a medical professional
Do I need to see a doctor for Cocaine withdrawal ?,when to contact a medical professional
Do I need to see a doctor for Pinworms ?,when to contact a medical professional
Do I need to see a doctor for Mesenteric venous thrombosis ?,when to contact a medical professional
Do I need to see a doctor for Melanoma of the eye ?,when to contact a medical professional
Do I need to see a doctor for Subacute combined degeneration ?,when to contact a medical professional
Do I need to see a doctor for Macroglobulinemia of Waldenstrom ?,when to contact a medical professional
Do I need to see a doctor for Hypoparathyroidism ?,when to contact a medical professional
Do I need to see a doctor for Asherman syndrome ?,when to contact a medical professional
Do I need to see a doctor for Cervical polyps ?,when to contact a medical professional
Do I need to see a doctor for Substance use - prescription drugs ?,when to contact a medical professional
Do I need to see a doctor for Skin discoloration - bluish ?,when to contact a medical professional
Do I need to see a doctor for Gallstones ?,when to contact a medical professional
Do I need to see a doctor for Meningitis - staphylococcal ?,when to contact a medical professional
Do I need to see a doctor for Sprains ?,when to contact a medical professional
Do I need to see a doctor for Heart failure - fluids and diuretics ?,when to contact a medical professional
Do I need to see a doctor for Being active after your heart attack ?,when to contact a medical professional
Do I need to see a doctor for Acromegaly ?,when to contact a medical professional
Do I need to see a doctor for Micrognathia ?,when to contact a medical professional
Do I need to see a doctor for Atrial fibrillation - discharge ?,when to contact a medical professional
Do I need to see a doctor for How to care for pressure sores ?,when to contact a medical professional
Do I need to see a doctor for Ankle replacement - discharge ?,when to contact a medical professional
Do I need to see a doctor for Diabetes insipidus - nephrogenic ?,when to contact a medical professional
Do I need to see a doctor for Central serous choroidopathy ?,when to contact a medical professional
Do I need to see a doctor for Surgical wound infection - treatment ?,when to contact a medical professional
Do I need to see a doctor for Dysarthria ?,when to contact a medical professional
Do I need to see a doctor for Seizures ?,when to contact a medical professional
Do I need to see a doctor for Hemophilia B ?,when to contact a medical professional
Do I need to see a doctor for Epispadias ?,when to contact a medical professional
Do I need to see a doctor for Metatarsal fracture (acute) - aftercare ?,when to contact a medical professional
Do I need to see a doctor for Parinaud oculoglandular syndrome ?,when to contact a medical professional
Do I need to see a doctor for Addison disease ?,when to contact a medical professional
Do I need to see a doctor for Transfusion reaction - hemolytic ?,when to contact a medical professional
Do I need to see a doctor for Hump behind the shoulders (Dorsocervical fat pad) ?,when to contact a medical professional
Do I need to see a doctor for Fungal arthritis ?,when to contact a medical professional
Do I need to see a doctor for Urinary incontinence products - self-care ?,when to contact a medical professional
Do I need to see a doctor for Asthma ?,when to contact a medical professional
Do I need to see a doctor for Gilbert disease ?,when to contact a medical professional
Do I need to see a doctor for Hypomelanosis of Ito ?,when to contact a medical professional
Do I need to see a doctor for Cushing syndrome due to adrenal tumor ?,when to contact a medical professional
Do I need to see a doctor for Subdural effusion ?,when to contact a medical professional
Do I need to see a doctor for Q fever - early ?,when to contact a medical professional
Do I need to see a doctor for Hyperkalemic periodic paralysis ?,when to contact a medical professional
Do I need to see a doctor for Polymyositis - adult ?,when to contact a medical professional
Do I need to see a doctor for Hepatorenal syndrome ?,when to contact a medical professional
Do I need to see a doctor for Seborrheic dermatitis ?,when to contact a medical professional
Do I need to see a doctor for Optic glioma ?,when to contact a medical professional
Do I need to see a doctor for Aortic insufficiency ?,when to contact a medical professional
Do I need to see a doctor for Peripheral artery disease - legs ?,when to contact a medical professional
Do I need to see a doctor for Stroke ?,when to contact a medical professional
Do I need to see a doctor for Ear discharge ?,when to contact a medical professional
Do I need to see a doctor for Retroperitoneal fibrosis ?,when to contact a medical professional
Do I need to see a doctor for Pelvic inflammatory disease (PID) ?,when to contact a medical professional
Do I need to see a doctor for Eyelid twitch ?,when to contact a medical professional
Do I need to see a doctor for Hand fracture - aftercare ?,when to contact a medical professional
Do I need to see a doctor for Leprosy ?,when to contact a medical professional
Do I need to see a doctor for Hearing loss ?,when to contact a medical professional
Do I need to see a doctor for Prader-Willi syndrome ?,when to contact a medical professional
Do I need to see a doctor for Melasma ?,when to contact a medical professional
Do I need to see a doctor for Bowlegs ?,when to contact a medical professional
Do I need to see a doctor for Geographic tongue ?,when to contact a medical professional
Do I need to see a doctor for Nausea and vomiting - adults ?,when to contact a medical professional
Do I need to see a doctor for Numbness and tingling ?,when to contact a medical professional
Do I need to see a doctor for Knock knees ?,when to contact a medical professional
Do I need to see a doctor for Bronchiolitis ?,when to contact a medical professional
Do I need to see a doctor for Asymptomatic bacteriuria ?,when to contact a medical professional
Do I need to see a doctor for Malaria ?,when to contact a medical professional
Do I need to see a doctor for Stretch marks ?,when to contact a medical professional
Do I need to see a doctor for Primary amyloidosis ?,when to contact a medical professional
Do I need to see a doctor for Generalized anxiety disorder ?,when to contact a medical professional
Do I need to see a doctor for Indigestion ?,when to contact a medical professional
Do I need to see a doctor for Knee pain ?,when to contact a medical professional
Do I need to see a doctor for Pagets disease of the bone ?,when to contact a medical professional
Do I need to see a doctor for Vaginal bleeding in early pregnancy ?,when to contact a medical professional
Do I need to see a doctor for Double inlet left ventricle ?,when to contact a medical professional
Do I need to see a doctor for Nightmares ?,when to contact a medical professional
Do I need to see a doctor for Abdominal pain - children under age 12 ?,when to contact a medical professional
Do I need to see a doctor for Necrotizing vasculitis ?,when to contact a medical professional
Do I need to see a doctor for Mycoplasma pneumonia ?,when to contact a medical professional
Do I need to see a doctor for Preterm labor ?,when to contact a medical professional
Do I need to see a doctor for Pityriasis rosea ?,when to contact a medical professional
Do I need to see a doctor for Pemphigus vulgaris ?,when to contact a medical professional
Do I need to see a doctor for Anthrax ?,when to contact a medical professional
Do I need to see a doctor for Cancer - penis ?,when to contact a medical professional
Do I need to see a doctor for Acute cholecystitis ?,when to contact a medical professional
Do I need to see a doctor for Rumination disorder ?,when to contact a medical professional
Do I need to see a doctor for Drooling ?,when to contact a medical professional
Do I need to see a doctor for Bleeding ?,when to contact a medical professional
Do I need to see a doctor for Olivopontocerebellar atrophy ?,when to contact a medical professional
Do I need to see a doctor for Dementia - behavior and sleep problems ?,when to contact a medical professional
Do I need to see a doctor for Hydrocarbon pneumonia ?,when to contact a medical professional
Do I need to see a doctor for Breast cancer in men ?,when to contact a medical professional
Do I need to see a doctor for Acute tubular necrosis ?,when to contact a medical professional
Do I need to see a doctor for Secondary amenorrhea ?,when to contact a medical professional
Do I need to see a doctor for Allergic rhinitis ?,when to contact a medical professional
Do I need to see a doctor for Noma ?,when to contact a medical professional
Do I need to see a doctor for Multiple endocrine neoplasia (MEN) II ?,when to contact a medical professional
Do I need to see a doctor for Homocystinuria ?,when to contact a medical professional
Do I need to see a doctor for Hypertrophic cardiomyopathy ?,when to contact a medical professional
Do I need to see a doctor for Tooth - abnormal colors ?,when to contact a medical professional
Do I need to see a doctor for Blockage of upper airway ?,when to contact a medical professional
Do I need to see a doctor for Congenital nephrotic syndrome ?,when to contact a medical professional
Do I need to see a doctor for Coloboma of the iris ?,when to contact a medical professional
Do I need to see a doctor for Bronchopulmonary dysplasia ?,when to contact a medical professional
Do I need to see a doctor for Munchausen syndrome by proxy ?,when to contact a medical professional
Do I need to see a doctor for Waardenburg syndrome ?,when to contact a medical professional
Do I need to see a doctor for West Nile virus ?,when to contact a medical professional
Do I need to see a doctor for Hepatitis B ?,when to contact a medical professional
Do I need to see a doctor for Pulmonary arteriovenous fistula ?,when to contact a medical professional
Do I need to see a doctor for Hernia ?,when to contact a medical professional
Do I need to see a doctor for Talking to your child about smoking ?,when to contact a medical professional
Do I need to see a doctor for Swimmer's ear ?,when to contact a medical professional
Do I need to see a doctor for Pseudomembranous colitis ?,when to contact a medical professional
Do I need to see a doctor for Pneumonia - adults (community acquired) ?,when to contact a medical professional
Do I need to see a doctor for Anemia of chronic disease ?,when to contact a medical professional
Do I need to see a doctor for Tracheal rupture ?,when to contact a medical professional
Do I need to see a doctor for Fatigue ?,when to contact a medical professional
Do I need to see a doctor for Femoral hernia ?,when to contact a medical professional
Do I need to see a doctor for Spinal cord trauma ?,when to contact a medical professional
Do I need to see a doctor for Pulmonary hypertension - at home ?,when to contact a medical professional
Do I need to see a doctor for Managing your depression - teens ?,when to contact a medical professional
Do I need to see a doctor for Face pain ?,when to contact a medical professional
Do I need to see a doctor for Alopecia areata ?,when to contact a medical professional
Do I need to see a doctor for Fanconi syndrome ?,when to contact a medical professional
Do I need to see a doctor for Riley-Day syndrome ?,when to contact a medical professional
Do I need to see a doctor for Pulmonary actinomycosis ?,when to contact a medical professional
Do I need to see a doctor for Aneurysm in the brain ?,when to contact a medical professional
Do I need to see a doctor for Miscarriage ?,when to contact a medical professional
"Do I need to see a doctor for Foot, leg, and ankle swelling ?",when to contact a medical professional
Do I need to see a doctor for Pancreatitis - discharge ?,when to contact a medical professional
Do I need to see a doctor for Myasthenia gravis ?,when to contact a medical professional
Do I need to see a doctor for Drug allergies ?,when to contact a medical professional
Do I need to see a doctor for Armpit lump ?,when to contact a medical professional
Do I need to see a doctor for Brucellosis ?,when to contact a medical professional
Do I need to see a doctor for Excessive or unwanted hair in women ?,when to contact a medical professional
Do I need to see a doctor for Calcium pyrophosphate arthritis ?,when to contact a medical professional
Do I need to see a doctor for Preeclampsia - self-care ?,when to contact a medical professional
Do I need to see a doctor for Polycythemia vera ?,when to contact a medical professional
Do I need to see a doctor for Pathological gambling ?,when to contact a medical professional
Do I need to see a doctor for Ulcerative colitis - discharge ?,when to contact a medical professional
Do I need to see a doctor for Natal teeth ?,when to contact a medical professional
Do I need to see a doctor for Allergic conjunctivitis ?,when to contact a medical professional
Do I need to see a doctor for Hepatitis B - children ?,when to contact a medical professional
Do I need to see a doctor for Dengue hemorrhagic fever ?,when to contact a medical professional
Do I need to see a doctor for Agitation ?,when to contact a medical professional
Do I need to see a doctor for Achilles tendinitis ?,when to contact a medical professional
Do I need to see a doctor for Sensorimotor polyneuropathy ?,when to contact a medical professional
Do I need to see a doctor for Chest pain ?,when to contact a medical professional
Do I need to see a doctor for Gestational diabetes ?,when to contact a medical professional
Do I need to see a doctor for Purpura ?,when to contact a medical professional
Do I need to see a doctor for Interstitial lung disease - adults - discharge ?,when to contact a medical professional
Do I need to see a doctor for Cysticercosis ?,when to contact a medical professional
Do I need to see a doctor for Gender dysphoria ?,when to contact a medical professional
Do I need to see a doctor for Mesenteric artery ischemia ?,when to contact a medical professional
Do I need to see a doctor for Vaginal delivery - discharge ?,when to contact a medical professional
Do I need to see a doctor for Vomiting blood ?,when to contact a medical professional
Do I need to see a doctor for Dry hair ?,when to contact a medical professional
Do I need to see a doctor for Salivary gland tumors ?,when to contact a medical professional
Do I need to see a doctor for Reactive arthritis ?,when to contact a medical professional
Do I need to see a doctor for Infant of diabetic mother ?,when to contact a medical professional
Do I need to see a doctor for Head injury - first aid ?,when to contact a medical professional
Do I need to see a doctor for Marfan syndrome ?,when to contact a medical professional
Do I need to see a doctor for Muscle atrophy ?,when to contact a medical professional
Do I need to see a doctor for Mallory-Weiss tear ?,when to contact a medical professional
Do I need to see a doctor for Laryngeal nerve damage ?,when to contact a medical professional
Do I need to see a doctor for Leptospirosis ?,when to contact a medical professional
Do I need to see a doctor for Toxic shock syndrome ?,when to contact a medical professional
Do I need to see a doctor for Gingivostomatitis ?,when to contact a medical professional
Do I need to see a doctor for Elbow sprain - aftercare ?,when to contact a medical professional
Do I need to see a doctor for Transient tic disorder ?,when to contact a medical professional
Do I need to see a doctor for Vaginal bleeding in pregnancy ?,when to contact a medical professional
Do I need to see a doctor for Amyotrophic lateral sclerosis ?,when to contact a medical professional
Do I need to see a doctor for Ganglioneuroma ?,when to contact a medical professional
Do I need to see a doctor for Stridor ?,when to contact a medical professional
Do I need to see a doctor for Amebiasis ?,when to contact a medical professional
Do I need to see a doctor for Yellow fever ?,when to contact a medical professional
Do I need to see a doctor for Oppositional defiant disorder ?,when to contact a medical professional
Do I need to see a doctor for Ribcage pain ?,when to contact a medical professional
Do I need to see a doctor for Prostatitis - bacterial ?,when to contact a medical professional
Do I need to see a doctor for Mnire disease ?,when to contact a medical professional
Do I need to see a doctor for Membranous nephropathy ?,when to contact a medical professional
Do I need to see a doctor for Tonsillitis ?,when to contact a medical professional
Do I need to see a doctor for Nikolsky sign ?,when to contact a medical professional
Do I need to see a doctor for Thyroid cancer - papillary carcinoma ?,when to contact a medical professional
Do I need to see a doctor for Pulmonary hypertension ?,when to contact a medical professional
Do I need to see a doctor for SVC obstruction ?,when to contact a medical professional
Do I need to see a doctor for Anti-reflux surgery - children - discharge ?,when to contact a medical professional
Do I need to see a doctor for Unilateral hydronephrosis ?,when to contact a medical professional
Do I need to see a doctor for Fibrous dysplasia ?,when to contact a medical professional
Do I need to see a doctor for Cri du chat syndrome ?,when to contact a medical professional
Do I need to see a doctor for Subacute thyroiditis ?,when to contact a medical professional
Do I need to see a doctor for Epstein pearls ?,when to contact a medical professional
Do I need to see a doctor for Cholestasis ?,when to contact a medical professional
Do I need to see a doctor for Delirium ?,when to contact a medical professional
Do I need to see a doctor for Diabetes insipidus ?,when to contact a medical professional
Do I need to see a doctor for Acute respiratory distress syndrome ?,when to contact a medical professional
Do I need to see a doctor for Pituitary apoplexy ?,when to contact a medical professional
Do I need to see a doctor for Painful menstrual periods ?,when to contact a medical professional
Do I need to see a doctor for Macular degeneration - age-related ?,when to contact a medical professional
Do I need to see a doctor for Skin lesion of blastomycosis ?,when to contact a medical professional
Do I need to see a doctor for Chancroid ?,when to contact a medical professional
Do I need to see a doctor for Peripheral neuropathy ?,when to contact a medical professional
Do I need to see a doctor for Dependent personality disorder ?,when to contact a medical professional
Do I need to see a doctor for Hydrocephalus ?,when to contact a medical professional
Do I need to see a doctor for Controlling your high blood pressure ?,when to contact a medical professional
Do I need to see a doctor for Constipation - self-care ?,when to contact a medical professional
Do I need to see a doctor for Dupuytren contracture ?,when to contact a medical professional
Do I need to see a doctor for Narcolepsy ?,when to contact a medical professional
Do I need to see a doctor for Hepatomegaly ?,when to contact a medical professional
Do I need to see a doctor for Orchitis ?,when to contact a medical professional
Do I need to see a doctor for Cyanotic heart disease ?,when to contact a medical professional
Do I need to see a doctor for Hiatal hernia ?,when to contact a medical professional
Do I need to see a doctor for Neck pain ?,when to contact a medical professional
